# UberStrike Map Forge - Lower Bay - canonical mesh (right-handed master, metres)
mtllib 11_LowerBay.mtl
v -38.0000 -0.4000 -6.0000
v 38.0000 -0.4000 -6.0000
v 38.0000 -0.4000 -2.0000
v -38.0000 -0.4000 -2.0000
v -38.0000 0.0000 -6.0000
v 38.0000 0.0000 -6.0000
v 38.0000 0.0000 -2.0000
v -38.0000 0.0000 -2.0000
v -38.0000 -0.4000 2.0000
v 38.0000 -0.4000 2.0000
v 38.0000 -0.4000 6.0000
v -38.0000 -0.4000 6.0000
v -38.0000 0.0000 2.0000
v 38.0000 0.0000 2.0000
v 38.0000 0.0000 6.0000
v -38.0000 0.0000 6.0000
v -38.0000 0.0000 2.0000
v 38.0000 0.0000 2.0000
v 38.0000 0.0000 2.3500
v -38.0000 0.0000 2.3500
v -38.0000 0.0300 2.0000
v 38.0000 0.0300 2.0000
v 38.0000 0.0300 2.3500
v -38.0000 0.0300 2.3500
v -38.0000 0.0000 -2.3500
v 38.0000 0.0000 -2.3500
v 38.0000 0.0000 -2.0000
v -38.0000 0.0000 -2.0000
v -38.0000 0.0300 -2.3500
v 38.0000 0.0300 -2.3500
v 38.0000 0.0300 -2.0000
v -38.0000 0.0300 -2.0000
v -38.0000 -0.4000 6.0000
v 38.0000 -0.4000 6.0000
v 38.0000 -0.4000 16.0000
v -38.0000 -0.4000 16.0000
v -38.0000 0.0000 6.0000
v 38.0000 0.0000 6.0000
v 38.0000 0.0000 16.0000
v -38.0000 0.0000 16.0000
v -38.0000 -0.4000 -8.5000
v 38.0000 -0.4000 -8.5000
v 38.0000 -0.4000 -6.0000
v -38.0000 -0.4000 -6.0000
v -38.0000 0.0000 -8.5000
v 38.0000 0.0000 -8.5000
v 38.0000 0.0000 -6.0000
v -38.0000 0.0000 -6.0000
v -7.0000 -0.4000 -12.0000
v 7.0000 -0.4000 -12.0000
v 7.0000 -0.4000 -8.5000
v -7.0000 -0.4000 -8.5000
v -7.0000 0.0000 -12.0000
v 7.0000 0.0000 -12.0000
v 7.0000 0.0000 -8.5000
v -7.0000 0.0000 -8.5000
v -38.0000 -1.6000 -2.0000
v 38.0000 -1.6000 -2.0000
v 38.0000 -1.6000 2.0000
v -38.0000 -1.6000 2.0000
v -38.0000 -1.2000 -2.0000
v 38.0000 -1.2000 -2.0000
v 38.0000 -1.2000 2.0000
v -38.0000 -1.2000 2.0000
v -38.0000 -1.2000 -0.7800
v 38.0000 -1.2000 -0.7800
v 38.0000 -1.2000 -0.6600
v -38.0000 -1.2000 -0.6600
v -38.0000 -1.0800 -0.7800
v 38.0000 -1.0800 -0.7800
v 38.0000 -1.0800 -0.6600
v -38.0000 -1.0800 -0.6600
v -38.0000 -1.2000 0.6600
v 38.0000 -1.2000 0.6600
v 38.0000 -1.2000 0.7800
v -38.0000 -1.2000 0.7800
v -38.0000 -1.0800 0.6600
v 38.0000 -1.0800 0.6600
v 38.0000 -1.0800 0.7800
v -38.0000 -1.0800 0.7800
v -38.0000 -1.2000 -2.0000
v 38.0000 -1.2000 -2.0000
v 38.0000 -1.2000 -1.7000
v -38.0000 -1.2000 -1.7000
v -38.0000 -0.1000 -2.0000
v 38.0000 -0.1000 -2.0000
v 38.0000 -0.1000 -1.7000
v -38.0000 -0.1000 -1.7000
v -38.0000 -1.2000 1.7000
v 38.0000 -1.2000 1.7000
v 38.0000 -1.2000 2.0000
v -38.0000 -1.2000 2.0000
v -38.0000 -0.1000 1.7000
v 38.0000 -0.1000 1.7000
v 38.0000 -0.1000 2.0000
v -38.0000 -0.1000 2.0000
v -38.0000 0.0000 6.3000
v -28.8800 0.0000 6.3000
v -28.8800 0.0000 5.7000
v -38.0000 0.0000 5.7000
v -38.0000 5.5000 6.3000
v -28.8800 5.5000 6.3000
v -28.8800 5.5000 5.7000
v -38.0000 5.5000 5.7000
v -25.0800 0.0000 6.3000
v -15.2000 0.0000 6.3000
v -15.2000 0.0000 5.7000
v -25.0800 0.0000 5.7000
v -25.0800 5.5000 6.3000
v -15.2000 5.5000 6.3000
v -15.2000 5.5000 5.7000
v -25.0800 5.5000 5.7000
v -11.4000 0.0000 6.3000
v -1.5200 0.0000 6.3000
v -1.5200 0.0000 5.7000
v -11.4000 0.0000 5.7000
v -11.4000 5.5000 6.3000
v -1.5200 5.5000 6.3000
v -1.5200 5.5000 5.7000
v -11.4000 5.5000 5.7000
v 2.2800 0.0000 6.3000
v 12.1600 0.0000 6.3000
v 12.1600 0.0000 5.7000
v 2.2800 0.0000 5.7000
v 2.2800 5.5000 6.3000
v 12.1600 5.5000 6.3000
v 12.1600 5.5000 5.7000
v 2.2800 5.5000 5.7000
v 15.9600 0.0000 6.3000
v 25.8400 0.0000 6.3000
v 25.8400 0.0000 5.7000
v 15.9600 0.0000 5.7000
v 15.9600 5.5000 6.3000
v 25.8400 5.5000 6.3000
v 25.8400 5.5000 5.7000
v 15.9600 5.5000 5.7000
v 29.6400 0.0000 6.3000
v 38.0000 0.0000 6.3000
v 38.0000 0.0000 5.7000
v 29.6400 0.0000 5.7000
v 29.6400 5.5000 6.3000
v 38.0000 5.5000 6.3000
v 38.0000 5.5000 5.7000
v 29.6400 5.5000 5.7000
v -28.8800 2.4000 6.3000
v -25.0800 2.4000 6.3000
v -25.0800 2.4000 5.7000
v -28.8800 2.4000 5.7000
v -28.8800 5.5000 6.3000
v -25.0800 5.5000 6.3000
v -25.0800 5.5000 5.7000
v -28.8800 5.5000 5.7000
v -15.2000 2.4000 6.3000
v -11.4000 2.4000 6.3000
v -11.4000 2.4000 5.7000
v -15.2000 2.4000 5.7000
v -15.2000 5.5000 6.3000
v -11.4000 5.5000 6.3000
v -11.4000 5.5000 5.7000
v -15.2000 5.5000 5.7000
v -1.5200 2.4000 6.3000
v 2.2800 2.4000 6.3000
v 2.2800 2.4000 5.7000
v -1.5200 2.4000 5.7000
v -1.5200 5.5000 6.3000
v 2.2800 5.5000 6.3000
v 2.2800 5.5000 5.7000
v -1.5200 5.5000 5.7000
v 12.1600 2.4000 6.3000
v 15.9600 2.4000 6.3000
v 15.9600 2.4000 5.7000
v 12.1600 2.4000 5.7000
v 12.1600 5.5000 6.3000
v 15.9600 5.5000 6.3000
v 15.9600 5.5000 5.7000
v 12.1600 5.5000 5.7000
v 25.8400 2.4000 6.3000
v 29.6400 2.4000 6.3000
v 29.6400 2.4000 5.7000
v 25.8400 2.4000 5.7000
v 25.8400 5.5000 6.3000
v 29.6400 5.5000 6.3000
v 29.6400 5.5000 5.7000
v 25.8400 5.5000 5.7000
v -38.0900 -2.7500 5.7000
v -37.9100 -2.7500 5.7000
v -37.9100 -2.7500 6.3000
v -38.0900 -2.7500 6.3000
v -38.0900 2.7500 5.7000
v -37.9100 2.7500 5.7000
v -37.9100 2.7500 6.3000
v -38.0900 2.7500 6.3000
v -22.8900 -2.7500 5.7000
v -22.7100 -2.7500 5.7000
v -22.7100 -2.7500 6.3000
v -22.8900 -2.7500 6.3000
v -22.8900 2.7500 5.7000
v -22.7100 2.7500 5.7000
v -22.7100 2.7500 6.3000
v -22.8900 2.7500 6.3000
v -7.6900 -2.7500 5.7000
v -7.5100 -2.7500 5.7000
v -7.5100 -2.7500 6.3000
v -7.6900 -2.7500 6.3000
v -7.6900 2.7500 5.7000
v -7.5100 2.7500 5.7000
v -7.5100 2.7500 6.3000
v -7.6900 2.7500 6.3000
v 7.5100 -2.7500 5.7000
v 7.6900 -2.7500 5.7000
v 7.6900 -2.7500 6.3000
v 7.5100 -2.7500 6.3000
v 7.5100 2.7500 5.7000
v 7.6900 2.7500 5.7000
v 7.6900 2.7500 6.3000
v 7.5100 2.7500 6.3000
v 22.7100 -2.7500 5.7000
v 22.8900 -2.7500 5.7000
v 22.8900 -2.7500 6.3000
v 22.7100 -2.7500 6.3000
v 22.7100 2.7500 5.7000
v 22.8900 2.7500 5.7000
v 22.8900 2.7500 6.3000
v 22.7100 2.7500 6.3000
v 37.9100 -2.7500 5.7000
v 38.0900 -2.7500 5.7000
v 38.0900 -2.7500 6.3000
v 37.9100 -2.7500 6.3000
v 37.9100 2.7500 5.7000
v 38.0900 2.7500 5.7000
v 38.0900 2.7500 6.3000
v 37.9100 2.7500 6.3000
v -38.0000 0.0000 -5.7000
v -34.2000 0.0000 -5.7000
v -34.2000 0.0000 -6.3000
v -38.0000 0.0000 -6.3000
v -38.0000 5.5000 -5.7000
v -34.2000 5.5000 -5.7000
v -34.2000 5.5000 -6.3000
v -38.0000 5.5000 -6.3000
v -29.6400 0.0000 -5.7000
v 25.0800 0.0000 -5.7000
v 25.0800 0.0000 -6.3000
v -29.6400 0.0000 -6.3000
v -29.6400 5.5000 -5.7000
v 25.0800 5.5000 -5.7000
v 25.0800 5.5000 -6.3000
v -29.6400 5.5000 -6.3000
v 29.6400 0.0000 -5.7000
v 38.0000 0.0000 -5.7000
v 38.0000 0.0000 -6.3000
v 29.6400 0.0000 -6.3000
v 29.6400 5.5000 -5.7000
v 38.0000 5.5000 -5.7000
v 38.0000 5.5000 -6.3000
v 29.6400 5.5000 -6.3000
v -34.2000 2.4000 -5.7000
v -29.6400 2.4000 -5.7000
v -29.6400 2.4000 -6.3000
v -34.2000 2.4000 -6.3000
v -34.2000 5.5000 -5.7000
v -29.6400 5.5000 -5.7000
v -29.6400 5.5000 -6.3000
v -34.2000 5.5000 -6.3000
v 25.0800 2.4000 -5.7000
v 29.6400 2.4000 -5.7000
v 29.6400 2.4000 -6.3000
v 25.0800 2.4000 -6.3000
v 25.0800 5.5000 -5.7000
v 29.6400 5.5000 -5.7000
v 29.6400 5.5000 -6.3000
v 25.0800 5.5000 -6.3000
v -38.0000 0.0000 -5.6850
v 38.0000 0.0000 -5.6850
v 38.0000 0.0000 -6.3150
v -38.0000 0.0000 -6.3150
v -38.0000 0.9000 -5.6850
v 38.0000 0.9000 -5.6850
v 38.0000 0.9000 -6.3150
v -38.0000 0.9000 -6.3150
v -38.3000 0.0000 -6.0000
v -38.3000 0.0000 -0.9600
v -37.7000 0.0000 -0.9600
v -37.7000 0.0000 -6.0000
v -38.3000 5.5000 -6.0000
v -38.3000 5.5000 -0.9600
v -37.7000 5.5000 -0.9600
v -37.7000 5.5000 -6.0000
v -38.3000 0.0000 0.9600
v -38.3000 0.0000 6.0000
v -37.7000 0.0000 6.0000
v -37.7000 0.0000 0.9600
v -38.3000 5.5000 0.9600
v -38.3000 5.5000 6.0000
v -37.7000 5.5000 6.0000
v -37.7000 5.5000 0.9600
v -38.3000 2.6000 -0.9600
v -38.3000 2.6000 0.9600
v -37.7000 2.6000 0.9600
v -37.7000 2.6000 -0.9600
v -38.3000 5.5000 -0.9600
v -38.3000 5.5000 0.9600
v -37.7000 5.5000 0.9600
v -37.7000 5.5000 -0.9600
v -36.0000 2.6000 -6.0000
v -36.0810 3.1635 -6.0000
v -36.3175 3.6813 -6.0000
v -36.6903 4.1115 -6.0000
v -37.1692 4.4193 -6.0000
v -37.7154 4.5796 -6.0000
v -38.2846 4.5796 -6.0000
v -38.8308 4.4193 -6.0000
v -39.3097 4.1115 -6.0000
v -39.6825 3.6813 -6.0000
v -39.9190 3.1635 -6.0000
v -40.0000 2.6000 -6.0000
v -39.9190 2.0365 -6.0000
v -39.6825 1.5187 -6.0000
v -39.3097 1.0885 -6.0000
v -38.8308 0.7807 -6.0000
v -38.2846 0.6204 -6.0000
v -37.7154 0.6204 -6.0000
v -37.1692 0.7807 -6.0000
v -36.6903 1.0885 -6.0000
v -36.3175 1.5187 -6.0000
v -36.0810 2.0365 -6.0000
v -36.0000 2.6000 -6.0000
v -36.0810 3.1635 -6.0000
v -36.3175 3.6813 -6.0000
v -36.6903 4.1115 -6.0000
v -37.1692 4.4193 -6.0000
v -37.7154 4.5796 -6.0000
v -38.2846 4.5796 -6.0000
v -38.8308 4.4193 -6.0000
v -39.3097 4.1115 -6.0000
v -39.6825 3.6813 -6.0000
v -39.9190 3.1635 -6.0000
v -40.0000 2.6000 -6.0000
v -39.9190 2.0365 -6.0000
v -39.6825 1.5187 -6.0000
v -39.3097 1.0885 -6.0000
v -38.8308 0.7807 -6.0000
v -38.2846 0.6204 -6.0000
v -37.7154 0.6204 -6.0000
v -37.1692 0.7807 -6.0000
v -36.6903 1.0885 -6.0000
v -36.3175 1.5187 -6.0000
v -36.0810 2.0365 -6.0000
v 37.7000 0.0000 -6.0000
v 37.7000 0.0000 -0.9600
v 38.3000 0.0000 -0.9600
v 38.3000 0.0000 -6.0000
v 37.7000 5.5000 -6.0000
v 37.7000 5.5000 -0.9600
v 38.3000 5.5000 -0.9600
v 38.3000 5.5000 -6.0000
v 37.7000 0.0000 0.9600
v 37.7000 0.0000 6.0000
v 38.3000 0.0000 6.0000
v 38.3000 0.0000 0.9600
v 37.7000 5.5000 0.9600
v 37.7000 5.5000 6.0000
v 38.3000 5.5000 6.0000
v 38.3000 5.5000 0.9600
v 37.7000 2.6000 -0.9600
v 37.7000 2.6000 0.9600
v 38.3000 2.6000 0.9600
v 38.3000 2.6000 -0.9600
v 37.7000 5.5000 -0.9600
v 37.7000 5.5000 0.9600
v 38.3000 5.5000 0.9600
v 38.3000 5.5000 -0.9600
v 40.0000 2.6000 -6.0000
v 39.9190 3.1635 -6.0000
v 39.6825 3.6813 -6.0000
v 39.3097 4.1115 -6.0000
v 38.8308 4.4193 -6.0000
v 38.2846 4.5796 -6.0000
v 37.7154 4.5796 -6.0000
v 37.1692 4.4193 -6.0000
v 36.6903 4.1115 -6.0000
v 36.3175 3.6813 -6.0000
v 36.0810 3.1635 -6.0000
v 36.0000 2.6000 -6.0000
v 36.0810 2.0365 -6.0000
v 36.3175 1.5187 -6.0000
v 36.6903 1.0885 -6.0000
v 37.1692 0.7807 -6.0000
v 37.7154 0.6204 -6.0000
v 38.2846 0.6204 -6.0000
v 38.8308 0.7807 -6.0000
v 39.3097 1.0885 -6.0000
v 39.6825 1.5187 -6.0000
v 39.9190 2.0365 -6.0000
v 40.0000 2.6000 -6.0000
v 39.9190 3.1635 -6.0000
v 39.6825 3.6813 -6.0000
v 39.3097 4.1115 -6.0000
v 38.8308 4.4193 -6.0000
v 38.2846 4.5796 -6.0000
v 37.7154 4.5796 -6.0000
v 37.1692 4.4193 -6.0000
v 36.6903 4.1115 -6.0000
v 36.3175 3.6813 -6.0000
v 36.0810 3.1635 -6.0000
v 36.0000 2.6000 -6.0000
v 36.0810 2.0365 -6.0000
v 36.3175 1.5187 -6.0000
v 36.6903 1.0885 -6.0000
v 37.1692 0.7807 -6.0000
v 37.7154 0.6204 -6.0000
v 38.2846 0.6204 -6.0000
v 38.8308 0.7807 -6.0000
v 39.3097 1.0885 -6.0000
v 39.6825 1.5187 -6.0000
v 39.9190 2.0365 -6.0000
v -38.0000 5.5000 -6.0000
v 38.0000 5.5000 -6.0000
v 38.0000 5.5000 6.0000
v -38.0000 5.5000 6.0000
v -38.0000 6.0000 -6.0000
v 38.0000 6.0000 -6.0000
v 38.0000 6.0000 6.0000
v -38.0000 6.0000 6.0000
v -35.0000 5.1800 0.0000
v -31.6000 5.1800 0.0000
v -31.6000 5.1800 0.9000
v -35.0000 5.1800 0.9000
v -35.0000 5.4400 0.0000
v -31.6000 5.4400 0.0000
v -31.6000 5.4400 0.9000
v -35.0000 5.4400 0.9000
v -29.4000 5.1800 0.0000
v -26.0000 5.1800 0.0000
v -26.0000 5.1800 0.9000
v -29.4000 5.1800 0.9000
v -29.4000 5.4400 0.0000
v -26.0000 5.4400 0.0000
v -26.0000 5.4400 0.9000
v -29.4000 5.4400 0.9000
v -23.8000 5.1800 0.0000
v -20.4000 5.1800 0.0000
v -20.4000 5.1800 0.9000
v -23.8000 5.1800 0.9000
v -23.8000 5.4400 0.0000
v -20.4000 5.4400 0.0000
v -20.4000 5.4400 0.9000
v -23.8000 5.4400 0.9000
v -18.2000 5.1800 0.0000
v -14.8000 5.1800 0.0000
v -14.8000 5.1800 0.9000
v -18.2000 5.1800 0.9000
v -18.2000 5.4400 0.0000
v -14.8000 5.4400 0.0000
v -14.8000 5.4400 0.9000
v -18.2000 5.4400 0.9000
v -12.6000 5.1800 0.0000
v -9.2000 5.1800 0.0000
v -9.2000 5.1800 0.9000
v -12.6000 5.1800 0.9000
v -12.6000 5.4400 0.0000
v -9.2000 5.4400 0.0000
v -9.2000 5.4400 0.9000
v -12.6000 5.4400 0.9000
v -7.0000 5.1800 0.0000
v -3.6000 5.1800 0.0000
v -3.6000 5.1800 0.9000
v -7.0000 5.1800 0.9000
v -7.0000 5.4400 0.0000
v -3.6000 5.4400 0.0000
v -3.6000 5.4400 0.9000
v -7.0000 5.4400 0.9000
v -1.4000 5.1800 0.0000
v 2.0000 5.1800 0.0000
v 2.0000 5.1800 0.9000
v -1.4000 5.1800 0.9000
v -1.4000 5.4400 0.0000
v 2.0000 5.4400 0.0000
v 2.0000 5.4400 0.9000
v -1.4000 5.4400 0.9000
v 4.2000 5.1800 0.0000
v 7.6000 5.1800 0.0000
v 7.6000 5.1800 0.9000
v 4.2000 5.1800 0.9000
v 4.2000 5.4400 0.0000
v 7.6000 5.4400 0.0000
v 7.6000 5.4400 0.9000
v 4.2000 5.4400 0.9000
v 9.8000 5.1800 0.0000
v 13.2000 5.1800 0.0000
v 13.2000 5.1800 0.9000
v 9.8000 5.1800 0.9000
v 9.8000 5.4400 0.0000
v 13.2000 5.4400 0.0000
v 13.2000 5.4400 0.9000
v 9.8000 5.4400 0.9000
v 15.4000 5.1800 0.0000
v 18.8000 5.1800 0.0000
v 18.8000 5.1800 0.9000
v 15.4000 5.1800 0.9000
v 15.4000 5.4400 0.0000
v 18.8000 5.4400 0.0000
v 18.8000 5.4400 0.9000
v 15.4000 5.4400 0.9000
v 21.0000 5.1800 0.0000
v 24.4000 5.1800 0.0000
v 24.4000 5.1800 0.9000
v 21.0000 5.1800 0.9000
v 21.0000 5.4400 0.0000
v 24.4000 5.4400 0.0000
v 24.4000 5.4400 0.9000
v 21.0000 5.4400 0.9000
v 26.6000 5.1800 0.0000
v 30.0000 5.1800 0.0000
v 30.0000 5.1800 0.9000
v 26.6000 5.1800 0.9000
v 26.6000 5.4400 0.0000
v 30.0000 5.4400 0.0000
v 30.0000 5.4400 0.9000
v 26.6000 5.4400 0.9000
v 32.2000 5.1800 0.0000
v 35.6000 5.1800 0.0000
v 35.6000 5.1800 0.9000
v 32.2000 5.1800 0.9000
v 32.2000 5.4400 0.0000
v 35.6000 5.4400 0.0000
v 35.6000 5.4400 0.9000
v 32.2000 5.4400 0.9000
v -34.5500 -2.7500 -5.5500
v -33.4500 -2.7500 -5.5500
v -33.4500 -2.7500 -4.4500
v -34.5500 -2.7500 -4.4500
v -34.5500 2.7500 -5.5500
v -33.4500 2.7500 -5.5500
v -33.4500 2.7500 -4.4500
v -34.5500 2.7500 -4.4500
v -34.3420 -1.1000 -5.5900
v -34.2520 -1.1000 -5.5900
v -34.2520 -1.1000 -5.5400
v -34.3420 -1.1000 -5.5400
v -34.3420 2.9000 -5.5900
v -34.2520 2.9000 -5.5900
v -34.2520 2.9000 -5.5400
v -34.3420 2.9000 -5.5400
v -34.3420 -1.1000 -4.4600
v -34.2520 -1.1000 -4.4600
v -34.2520 -1.1000 -4.4100
v -34.3420 -1.1000 -4.4100
v -34.3420 2.9000 -4.4600
v -34.2520 2.9000 -4.4600
v -34.2520 2.9000 -4.4100
v -34.3420 2.9000 -4.4100
v -34.0450 -1.1000 -5.5900
v -33.9550 -1.1000 -5.5900
v -33.9550 -1.1000 -5.5400
v -34.0450 -1.1000 -5.5400
v -34.0450 2.9000 -5.5900
v -33.9550 2.9000 -5.5900
v -33.9550 2.9000 -5.5400
v -34.0450 2.9000 -5.5400
v -34.0450 -1.1000 -4.4600
v -33.9550 -1.1000 -4.4600
v -33.9550 -1.1000 -4.4100
v -34.0450 -1.1000 -4.4100
v -34.0450 2.9000 -4.4600
v -33.9550 2.9000 -4.4600
v -33.9550 2.9000 -4.4100
v -34.0450 2.9000 -4.4100
v -33.7480 -1.1000 -5.5900
v -33.6580 -1.1000 -5.5900
v -33.6580 -1.1000 -5.5400
v -33.7480 -1.1000 -5.5400
v -33.7480 2.9000 -5.5900
v -33.6580 2.9000 -5.5900
v -33.6580 2.9000 -5.5400
v -33.7480 2.9000 -5.5400
v -33.7480 -1.1000 -4.4600
v -33.6580 -1.1000 -4.4600
v -33.6580 -1.1000 -4.4100
v -33.7480 -1.1000 -4.4100
v -33.7480 2.9000 -4.4600
v -33.6580 2.9000 -4.4600
v -33.6580 2.9000 -4.4100
v -33.7480 2.9000 -4.4100
v -34.5900 -1.1000 -5.3420
v -34.5400 -1.1000 -5.3420
v -34.5400 -1.1000 -5.2520
v -34.5900 -1.1000 -5.2520
v -34.5900 2.9000 -5.3420
v -34.5400 2.9000 -5.3420
v -34.5400 2.9000 -5.2520
v -34.5900 2.9000 -5.2520
v -33.4600 -1.1000 -5.3420
v -33.4100 -1.1000 -5.3420
v -33.4100 -1.1000 -5.2520
v -33.4600 -1.1000 -5.2520
v -33.4600 2.9000 -5.3420
v -33.4100 2.9000 -5.3420
v -33.4100 2.9000 -5.2520
v -33.4600 2.9000 -5.2520
v -34.5900 -1.1000 -5.0450
v -34.5400 -1.1000 -5.0450
v -34.5400 -1.1000 -4.9550
v -34.5900 -1.1000 -4.9550
v -34.5900 2.9000 -5.0450
v -34.5400 2.9000 -5.0450
v -34.5400 2.9000 -4.9550
v -34.5900 2.9000 -4.9550
v -33.4600 -1.1000 -5.0450
v -33.4100 -1.1000 -5.0450
v -33.4100 -1.1000 -4.9550
v -33.4600 -1.1000 -4.9550
v -33.4600 2.9000 -5.0450
v -33.4100 2.9000 -5.0450
v -33.4100 2.9000 -4.9550
v -33.4600 2.9000 -4.9550
v -34.5900 -1.1000 -4.7480
v -34.5400 -1.1000 -4.7480
v -34.5400 -1.1000 -4.6580
v -34.5900 -1.1000 -4.6580
v -34.5900 2.9000 -4.7480
v -34.5400 2.9000 -4.7480
v -34.5400 2.9000 -4.6580
v -34.5900 2.9000 -4.6580
v -33.4600 -1.1000 -4.7480
v -33.4100 -1.1000 -4.7480
v -33.4100 -1.1000 -4.6580
v -33.4600 -1.1000 -4.6580
v -33.4600 2.9000 -4.7480
v -33.4100 2.9000 -4.7480
v -33.4100 2.9000 -4.6580
v -33.4600 2.9000 -4.6580
v -34.5665 -0.4500 -5.5665
v -33.4335 -0.4500 -5.5665
v -33.4335 -0.4500 -4.4335
v -34.5665 -0.4500 -4.4335
v -34.5665 0.4500 -5.5665
v -33.4335 0.4500 -5.5665
v -33.4335 0.4500 -4.4335
v -34.5665 0.4500 -4.4335
v -34.7150 -0.2100 -5.7150
v -33.2850 -0.2100 -5.7150
v -33.2850 -0.2100 -4.2850
v -34.7150 -0.2100 -4.2850
v -34.7150 0.2100 -5.7150
v -33.2850 0.2100 -5.7150
v -33.2850 0.2100 -4.2850
v -34.7150 0.2100 -4.2850
v -34.7370 4.8700 -5.7370
v -33.2630 4.8700 -5.7370
v -33.2630 4.8700 -4.2630
v -34.7370 4.8700 -4.2630
v -34.7370 5.2900 -5.7370
v -33.2630 5.2900 -5.7370
v -33.2630 5.2900 -4.2630
v -34.7370 5.2900 -4.2630
v -34.5500 -2.7500 4.4500
v -33.4500 -2.7500 4.4500
v -33.4500 -2.7500 5.5500
v -34.5500 -2.7500 5.5500
v -34.5500 2.7500 4.4500
v -33.4500 2.7500 4.4500
v -33.4500 2.7500 5.5500
v -34.5500 2.7500 5.5500
v -34.3420 -1.1000 4.4100
v -34.2520 -1.1000 4.4100
v -34.2520 -1.1000 4.4600
v -34.3420 -1.1000 4.4600
v -34.3420 2.9000 4.4100
v -34.2520 2.9000 4.4100
v -34.2520 2.9000 4.4600
v -34.3420 2.9000 4.4600
v -34.3420 -1.1000 5.5400
v -34.2520 -1.1000 5.5400
v -34.2520 -1.1000 5.5900
v -34.3420 -1.1000 5.5900
v -34.3420 2.9000 5.5400
v -34.2520 2.9000 5.5400
v -34.2520 2.9000 5.5900
v -34.3420 2.9000 5.5900
v -34.0450 -1.1000 4.4100
v -33.9550 -1.1000 4.4100
v -33.9550 -1.1000 4.4600
v -34.0450 -1.1000 4.4600
v -34.0450 2.9000 4.4100
v -33.9550 2.9000 4.4100
v -33.9550 2.9000 4.4600
v -34.0450 2.9000 4.4600
v -34.0450 -1.1000 5.5400
v -33.9550 -1.1000 5.5400
v -33.9550 -1.1000 5.5900
v -34.0450 -1.1000 5.5900
v -34.0450 2.9000 5.5400
v -33.9550 2.9000 5.5400
v -33.9550 2.9000 5.5900
v -34.0450 2.9000 5.5900
v -33.7480 -1.1000 4.4100
v -33.6580 -1.1000 4.4100
v -33.6580 -1.1000 4.4600
v -33.7480 -1.1000 4.4600
v -33.7480 2.9000 4.4100
v -33.6580 2.9000 4.4100
v -33.6580 2.9000 4.4600
v -33.7480 2.9000 4.4600
v -33.7480 -1.1000 5.5400
v -33.6580 -1.1000 5.5400
v -33.6580 -1.1000 5.5900
v -33.7480 -1.1000 5.5900
v -33.7480 2.9000 5.5400
v -33.6580 2.9000 5.5400
v -33.6580 2.9000 5.5900
v -33.7480 2.9000 5.5900
v -34.5900 -1.1000 4.6580
v -34.5400 -1.1000 4.6580
v -34.5400 -1.1000 4.7480
v -34.5900 -1.1000 4.7480
v -34.5900 2.9000 4.6580
v -34.5400 2.9000 4.6580
v -34.5400 2.9000 4.7480
v -34.5900 2.9000 4.7480
v -33.4600 -1.1000 4.6580
v -33.4100 -1.1000 4.6580
v -33.4100 -1.1000 4.7480
v -33.4600 -1.1000 4.7480
v -33.4600 2.9000 4.6580
v -33.4100 2.9000 4.6580
v -33.4100 2.9000 4.7480
v -33.4600 2.9000 4.7480
v -34.5900 -1.1000 4.9550
v -34.5400 -1.1000 4.9550
v -34.5400 -1.1000 5.0450
v -34.5900 -1.1000 5.0450
v -34.5900 2.9000 4.9550
v -34.5400 2.9000 4.9550
v -34.5400 2.9000 5.0450
v -34.5900 2.9000 5.0450
v -33.4600 -1.1000 4.9550
v -33.4100 -1.1000 4.9550
v -33.4100 -1.1000 5.0450
v -33.4600 -1.1000 5.0450
v -33.4600 2.9000 4.9550
v -33.4100 2.9000 4.9550
v -33.4100 2.9000 5.0450
v -33.4600 2.9000 5.0450
v -34.5900 -1.1000 5.2520
v -34.5400 -1.1000 5.2520
v -34.5400 -1.1000 5.3420
v -34.5900 -1.1000 5.3420
v -34.5900 2.9000 5.2520
v -34.5400 2.9000 5.2520
v -34.5400 2.9000 5.3420
v -34.5900 2.9000 5.3420
v -33.4600 -1.1000 5.2520
v -33.4100 -1.1000 5.2520
v -33.4100 -1.1000 5.3420
v -33.4600 -1.1000 5.3420
v -33.4600 2.9000 5.2520
v -33.4100 2.9000 5.2520
v -33.4100 2.9000 5.3420
v -33.4600 2.9000 5.3420
v -34.5665 -0.4500 4.4335
v -33.4335 -0.4500 4.4335
v -33.4335 -0.4500 5.5665
v -34.5665 -0.4500 5.5665
v -34.5665 0.4500 4.4335
v -33.4335 0.4500 4.4335
v -33.4335 0.4500 5.5665
v -34.5665 0.4500 5.5665
v -34.7150 -0.2100 4.2850
v -33.2850 -0.2100 4.2850
v -33.2850 -0.2100 5.7150
v -34.7150 -0.2100 5.7150
v -34.7150 0.2100 4.2850
v -33.2850 0.2100 4.2850
v -33.2850 0.2100 5.7150
v -34.7150 0.2100 5.7150
v -34.7370 4.8700 4.2630
v -33.2630 4.8700 4.2630
v -33.2630 4.8700 5.7370
v -34.7370 4.8700 5.7370
v -34.7370 5.2900 4.2630
v -33.2630 5.2900 4.2630
v -33.2630 5.2900 5.7370
v -34.7370 5.2900 5.7370
v -30.5500 -2.7500 -5.5500
v -29.4500 -2.7500 -5.5500
v -29.4500 -2.7500 -4.4500
v -30.5500 -2.7500 -4.4500
v -30.5500 2.7500 -5.5500
v -29.4500 2.7500 -5.5500
v -29.4500 2.7500 -4.4500
v -30.5500 2.7500 -4.4500
v -30.3420 -1.1000 -5.5900
v -30.2520 -1.1000 -5.5900
v -30.2520 -1.1000 -5.5400
v -30.3420 -1.1000 -5.5400
v -30.3420 2.9000 -5.5900
v -30.2520 2.9000 -5.5900
v -30.2520 2.9000 -5.5400
v -30.3420 2.9000 -5.5400
v -30.3420 -1.1000 -4.4600
v -30.2520 -1.1000 -4.4600
v -30.2520 -1.1000 -4.4100
v -30.3420 -1.1000 -4.4100
v -30.3420 2.9000 -4.4600
v -30.2520 2.9000 -4.4600
v -30.2520 2.9000 -4.4100
v -30.3420 2.9000 -4.4100
v -30.0450 -1.1000 -5.5900
v -29.9550 -1.1000 -5.5900
v -29.9550 -1.1000 -5.5400
v -30.0450 -1.1000 -5.5400
v -30.0450 2.9000 -5.5900
v -29.9550 2.9000 -5.5900
v -29.9550 2.9000 -5.5400
v -30.0450 2.9000 -5.5400
v -30.0450 -1.1000 -4.4600
v -29.9550 -1.1000 -4.4600
v -29.9550 -1.1000 -4.4100
v -30.0450 -1.1000 -4.4100
v -30.0450 2.9000 -4.4600
v -29.9550 2.9000 -4.4600
v -29.9550 2.9000 -4.4100
v -30.0450 2.9000 -4.4100
v -29.7480 -1.1000 -5.5900
v -29.6580 -1.1000 -5.5900
v -29.6580 -1.1000 -5.5400
v -29.7480 -1.1000 -5.5400
v -29.7480 2.9000 -5.5900
v -29.6580 2.9000 -5.5900
v -29.6580 2.9000 -5.5400
v -29.7480 2.9000 -5.5400
v -29.7480 -1.1000 -4.4600
v -29.6580 -1.1000 -4.4600
v -29.6580 -1.1000 -4.4100
v -29.7480 -1.1000 -4.4100
v -29.7480 2.9000 -4.4600
v -29.6580 2.9000 -4.4600
v -29.6580 2.9000 -4.4100
v -29.7480 2.9000 -4.4100
v -30.5900 -1.1000 -5.3420
v -30.5400 -1.1000 -5.3420
v -30.5400 -1.1000 -5.2520
v -30.5900 -1.1000 -5.2520
v -30.5900 2.9000 -5.3420
v -30.5400 2.9000 -5.3420
v -30.5400 2.9000 -5.2520
v -30.5900 2.9000 -5.2520
v -29.4600 -1.1000 -5.3420
v -29.4100 -1.1000 -5.3420
v -29.4100 -1.1000 -5.2520
v -29.4600 -1.1000 -5.2520
v -29.4600 2.9000 -5.3420
v -29.4100 2.9000 -5.3420
v -29.4100 2.9000 -5.2520
v -29.4600 2.9000 -5.2520
v -30.5900 -1.1000 -5.0450
v -30.5400 -1.1000 -5.0450
v -30.5400 -1.1000 -4.9550
v -30.5900 -1.1000 -4.9550
v -30.5900 2.9000 -5.0450
v -30.5400 2.9000 -5.0450
v -30.5400 2.9000 -4.9550
v -30.5900 2.9000 -4.9550
v -29.4600 -1.1000 -5.0450
v -29.4100 -1.1000 -5.0450
v -29.4100 -1.1000 -4.9550
v -29.4600 -1.1000 -4.9550
v -29.4600 2.9000 -5.0450
v -29.4100 2.9000 -5.0450
v -29.4100 2.9000 -4.9550
v -29.4600 2.9000 -4.9550
v -30.5900 -1.1000 -4.7480
v -30.5400 -1.1000 -4.7480
v -30.5400 -1.1000 -4.6580
v -30.5900 -1.1000 -4.6580
v -30.5900 2.9000 -4.7480
v -30.5400 2.9000 -4.7480
v -30.5400 2.9000 -4.6580
v -30.5900 2.9000 -4.6580
v -29.4600 -1.1000 -4.7480
v -29.4100 -1.1000 -4.7480
v -29.4100 -1.1000 -4.6580
v -29.4600 -1.1000 -4.6580
v -29.4600 2.9000 -4.7480
v -29.4100 2.9000 -4.7480
v -29.4100 2.9000 -4.6580
v -29.4600 2.9000 -4.6580
v -30.5665 -0.4500 -5.5665
v -29.4335 -0.4500 -5.5665
v -29.4335 -0.4500 -4.4335
v -30.5665 -0.4500 -4.4335
v -30.5665 0.4500 -5.5665
v -29.4335 0.4500 -5.5665
v -29.4335 0.4500 -4.4335
v -30.5665 0.4500 -4.4335
v -30.7150 -0.2100 -5.7150
v -29.2850 -0.2100 -5.7150
v -29.2850 -0.2100 -4.2850
v -30.7150 -0.2100 -4.2850
v -30.7150 0.2100 -5.7150
v -29.2850 0.2100 -5.7150
v -29.2850 0.2100 -4.2850
v -30.7150 0.2100 -4.2850
v -30.7370 4.8700 -5.7370
v -29.2630 4.8700 -5.7370
v -29.2630 4.8700 -4.2630
v -30.7370 4.8700 -4.2630
v -30.7370 5.2900 -5.7370
v -29.2630 5.2900 -5.7370
v -29.2630 5.2900 -4.2630
v -30.7370 5.2900 -4.2630
v -30.5500 -2.7500 4.4500
v -29.4500 -2.7500 4.4500
v -29.4500 -2.7500 5.5500
v -30.5500 -2.7500 5.5500
v -30.5500 2.7500 4.4500
v -29.4500 2.7500 4.4500
v -29.4500 2.7500 5.5500
v -30.5500 2.7500 5.5500
v -30.3420 -1.1000 4.4100
v -30.2520 -1.1000 4.4100
v -30.2520 -1.1000 4.4600
v -30.3420 -1.1000 4.4600
v -30.3420 2.9000 4.4100
v -30.2520 2.9000 4.4100
v -30.2520 2.9000 4.4600
v -30.3420 2.9000 4.4600
v -30.3420 -1.1000 5.5400
v -30.2520 -1.1000 5.5400
v -30.2520 -1.1000 5.5900
v -30.3420 -1.1000 5.5900
v -30.3420 2.9000 5.5400
v -30.2520 2.9000 5.5400
v -30.2520 2.9000 5.5900
v -30.3420 2.9000 5.5900
v -30.0450 -1.1000 4.4100
v -29.9550 -1.1000 4.4100
v -29.9550 -1.1000 4.4600
v -30.0450 -1.1000 4.4600
v -30.0450 2.9000 4.4100
v -29.9550 2.9000 4.4100
v -29.9550 2.9000 4.4600
v -30.0450 2.9000 4.4600
v -30.0450 -1.1000 5.5400
v -29.9550 -1.1000 5.5400
v -29.9550 -1.1000 5.5900
v -30.0450 -1.1000 5.5900
v -30.0450 2.9000 5.5400
v -29.9550 2.9000 5.5400
v -29.9550 2.9000 5.5900
v -30.0450 2.9000 5.5900
v -29.7480 -1.1000 4.4100
v -29.6580 -1.1000 4.4100
v -29.6580 -1.1000 4.4600
v -29.7480 -1.1000 4.4600
v -29.7480 2.9000 4.4100
v -29.6580 2.9000 4.4100
v -29.6580 2.9000 4.4600
v -29.7480 2.9000 4.4600
v -29.7480 -1.1000 5.5400
v -29.6580 -1.1000 5.5400
v -29.6580 -1.1000 5.5900
v -29.7480 -1.1000 5.5900
v -29.7480 2.9000 5.5400
v -29.6580 2.9000 5.5400
v -29.6580 2.9000 5.5900
v -29.7480 2.9000 5.5900
v -30.5900 -1.1000 4.6580
v -30.5400 -1.1000 4.6580
v -30.5400 -1.1000 4.7480
v -30.5900 -1.1000 4.7480
v -30.5900 2.9000 4.6580
v -30.5400 2.9000 4.6580
v -30.5400 2.9000 4.7480
v -30.5900 2.9000 4.7480
v -29.4600 -1.1000 4.6580
v -29.4100 -1.1000 4.6580
v -29.4100 -1.1000 4.7480
v -29.4600 -1.1000 4.7480
v -29.4600 2.9000 4.6580
v -29.4100 2.9000 4.6580
v -29.4100 2.9000 4.7480
v -29.4600 2.9000 4.7480
v -30.5900 -1.1000 4.9550
v -30.5400 -1.1000 4.9550
v -30.5400 -1.1000 5.0450
v -30.5900 -1.1000 5.0450
v -30.5900 2.9000 4.9550
v -30.5400 2.9000 4.9550
v -30.5400 2.9000 5.0450
v -30.5900 2.9000 5.0450
v -29.4600 -1.1000 4.9550
v -29.4100 -1.1000 4.9550
v -29.4100 -1.1000 5.0450
v -29.4600 -1.1000 5.0450
v -29.4600 2.9000 4.9550
v -29.4100 2.9000 4.9550
v -29.4100 2.9000 5.0450
v -29.4600 2.9000 5.0450
v -30.5900 -1.1000 5.2520
v -30.5400 -1.1000 5.2520
v -30.5400 -1.1000 5.3420
v -30.5900 -1.1000 5.3420
v -30.5900 2.9000 5.2520
v -30.5400 2.9000 5.2520
v -30.5400 2.9000 5.3420
v -30.5900 2.9000 5.3420
v -29.4600 -1.1000 5.2520
v -29.4100 -1.1000 5.2520
v -29.4100 -1.1000 5.3420
v -29.4600 -1.1000 5.3420
v -29.4600 2.9000 5.2520
v -29.4100 2.9000 5.2520
v -29.4100 2.9000 5.3420
v -29.4600 2.9000 5.3420
v -30.5665 -0.4500 4.4335
v -29.4335 -0.4500 4.4335
v -29.4335 -0.4500 5.5665
v -30.5665 -0.4500 5.5665
v -30.5665 0.4500 4.4335
v -29.4335 0.4500 4.4335
v -29.4335 0.4500 5.5665
v -30.5665 0.4500 5.5665
v -30.7150 -0.2100 4.2850
v -29.2850 -0.2100 4.2850
v -29.2850 -0.2100 5.7150
v -30.7150 -0.2100 5.7150
v -30.7150 0.2100 4.2850
v -29.2850 0.2100 4.2850
v -29.2850 0.2100 5.7150
v -30.7150 0.2100 5.7150
v -30.7370 4.8700 4.2630
v -29.2630 4.8700 4.2630
v -29.2630 4.8700 5.7370
v -30.7370 4.8700 5.7370
v -30.7370 5.2900 4.2630
v -29.2630 5.2900 4.2630
v -29.2630 5.2900 5.7370
v -30.7370 5.2900 5.7370
v -26.5500 -2.7500 -5.5500
v -25.4500 -2.7500 -5.5500
v -25.4500 -2.7500 -4.4500
v -26.5500 -2.7500 -4.4500
v -26.5500 2.7500 -5.5500
v -25.4500 2.7500 -5.5500
v -25.4500 2.7500 -4.4500
v -26.5500 2.7500 -4.4500
v -26.3420 -1.1000 -5.5900
v -26.2520 -1.1000 -5.5900
v -26.2520 -1.1000 -5.5400
v -26.3420 -1.1000 -5.5400
v -26.3420 2.9000 -5.5900
v -26.2520 2.9000 -5.5900
v -26.2520 2.9000 -5.5400
v -26.3420 2.9000 -5.5400
v -26.3420 -1.1000 -4.4600
v -26.2520 -1.1000 -4.4600
v -26.2520 -1.1000 -4.4100
v -26.3420 -1.1000 -4.4100
v -26.3420 2.9000 -4.4600
v -26.2520 2.9000 -4.4600
v -26.2520 2.9000 -4.4100
v -26.3420 2.9000 -4.4100
v -26.0450 -1.1000 -5.5900
v -25.9550 -1.1000 -5.5900
v -25.9550 -1.1000 -5.5400
v -26.0450 -1.1000 -5.5400
v -26.0450 2.9000 -5.5900
v -25.9550 2.9000 -5.5900
v -25.9550 2.9000 -5.5400
v -26.0450 2.9000 -5.5400
v -26.0450 -1.1000 -4.4600
v -25.9550 -1.1000 -4.4600
v -25.9550 -1.1000 -4.4100
v -26.0450 -1.1000 -4.4100
v -26.0450 2.9000 -4.4600
v -25.9550 2.9000 -4.4600
v -25.9550 2.9000 -4.4100
v -26.0450 2.9000 -4.4100
v -25.7480 -1.1000 -5.5900
v -25.6580 -1.1000 -5.5900
v -25.6580 -1.1000 -5.5400
v -25.7480 -1.1000 -5.5400
v -25.7480 2.9000 -5.5900
v -25.6580 2.9000 -5.5900
v -25.6580 2.9000 -5.5400
v -25.7480 2.9000 -5.5400
v -25.7480 -1.1000 -4.4600
v -25.6580 -1.1000 -4.4600
v -25.6580 -1.1000 -4.4100
v -25.7480 -1.1000 -4.4100
v -25.7480 2.9000 -4.4600
v -25.6580 2.9000 -4.4600
v -25.6580 2.9000 -4.4100
v -25.7480 2.9000 -4.4100
v -26.5900 -1.1000 -5.3420
v -26.5400 -1.1000 -5.3420
v -26.5400 -1.1000 -5.2520
v -26.5900 -1.1000 -5.2520
v -26.5900 2.9000 -5.3420
v -26.5400 2.9000 -5.3420
v -26.5400 2.9000 -5.2520
v -26.5900 2.9000 -5.2520
v -25.4600 -1.1000 -5.3420
v -25.4100 -1.1000 -5.3420
v -25.4100 -1.1000 -5.2520
v -25.4600 -1.1000 -5.2520
v -25.4600 2.9000 -5.3420
v -25.4100 2.9000 -5.3420
v -25.4100 2.9000 -5.2520
v -25.4600 2.9000 -5.2520
v -26.5900 -1.1000 -5.0450
v -26.5400 -1.1000 -5.0450
v -26.5400 -1.1000 -4.9550
v -26.5900 -1.1000 -4.9550
v -26.5900 2.9000 -5.0450
v -26.5400 2.9000 -5.0450
v -26.5400 2.9000 -4.9550
v -26.5900 2.9000 -4.9550
v -25.4600 -1.1000 -5.0450
v -25.4100 -1.1000 -5.0450
v -25.4100 -1.1000 -4.9550
v -25.4600 -1.1000 -4.9550
v -25.4600 2.9000 -5.0450
v -25.4100 2.9000 -5.0450
v -25.4100 2.9000 -4.9550
v -25.4600 2.9000 -4.9550
v -26.5900 -1.1000 -4.7480
v -26.5400 -1.1000 -4.7480
v -26.5400 -1.1000 -4.6580
v -26.5900 -1.1000 -4.6580
v -26.5900 2.9000 -4.7480
v -26.5400 2.9000 -4.7480
v -26.5400 2.9000 -4.6580
v -26.5900 2.9000 -4.6580
v -25.4600 -1.1000 -4.7480
v -25.4100 -1.1000 -4.7480
v -25.4100 -1.1000 -4.6580
v -25.4600 -1.1000 -4.6580
v -25.4600 2.9000 -4.7480
v -25.4100 2.9000 -4.7480
v -25.4100 2.9000 -4.6580
v -25.4600 2.9000 -4.6580
v -26.5665 -0.4500 -5.5665
v -25.4335 -0.4500 -5.5665
v -25.4335 -0.4500 -4.4335
v -26.5665 -0.4500 -4.4335
v -26.5665 0.4500 -5.5665
v -25.4335 0.4500 -5.5665
v -25.4335 0.4500 -4.4335
v -26.5665 0.4500 -4.4335
v -26.7150 -0.2100 -5.7150
v -25.2850 -0.2100 -5.7150
v -25.2850 -0.2100 -4.2850
v -26.7150 -0.2100 -4.2850
v -26.7150 0.2100 -5.7150
v -25.2850 0.2100 -5.7150
v -25.2850 0.2100 -4.2850
v -26.7150 0.2100 -4.2850
v -26.7370 4.8700 -5.7370
v -25.2630 4.8700 -5.7370
v -25.2630 4.8700 -4.2630
v -26.7370 4.8700 -4.2630
v -26.7370 5.2900 -5.7370
v -25.2630 5.2900 -5.7370
v -25.2630 5.2900 -4.2630
v -26.7370 5.2900 -4.2630
v -26.5500 -2.7500 4.4500
v -25.4500 -2.7500 4.4500
v -25.4500 -2.7500 5.5500
v -26.5500 -2.7500 5.5500
v -26.5500 2.7500 4.4500
v -25.4500 2.7500 4.4500
v -25.4500 2.7500 5.5500
v -26.5500 2.7500 5.5500
v -26.3420 -1.1000 4.4100
v -26.2520 -1.1000 4.4100
v -26.2520 -1.1000 4.4600
v -26.3420 -1.1000 4.4600
v -26.3420 2.9000 4.4100
v -26.2520 2.9000 4.4100
v -26.2520 2.9000 4.4600
v -26.3420 2.9000 4.4600
v -26.3420 -1.1000 5.5400
v -26.2520 -1.1000 5.5400
v -26.2520 -1.1000 5.5900
v -26.3420 -1.1000 5.5900
v -26.3420 2.9000 5.5400
v -26.2520 2.9000 5.5400
v -26.2520 2.9000 5.5900
v -26.3420 2.9000 5.5900
v -26.0450 -1.1000 4.4100
v -25.9550 -1.1000 4.4100
v -25.9550 -1.1000 4.4600
v -26.0450 -1.1000 4.4600
v -26.0450 2.9000 4.4100
v -25.9550 2.9000 4.4100
v -25.9550 2.9000 4.4600
v -26.0450 2.9000 4.4600
v -26.0450 -1.1000 5.5400
v -25.9550 -1.1000 5.5400
v -25.9550 -1.1000 5.5900
v -26.0450 -1.1000 5.5900
v -26.0450 2.9000 5.5400
v -25.9550 2.9000 5.5400
v -25.9550 2.9000 5.5900
v -26.0450 2.9000 5.5900
v -25.7480 -1.1000 4.4100
v -25.6580 -1.1000 4.4100
v -25.6580 -1.1000 4.4600
v -25.7480 -1.1000 4.4600
v -25.7480 2.9000 4.4100
v -25.6580 2.9000 4.4100
v -25.6580 2.9000 4.4600
v -25.7480 2.9000 4.4600
v -25.7480 -1.1000 5.5400
v -25.6580 -1.1000 5.5400
v -25.6580 -1.1000 5.5900
v -25.7480 -1.1000 5.5900
v -25.7480 2.9000 5.5400
v -25.6580 2.9000 5.5400
v -25.6580 2.9000 5.5900
v -25.7480 2.9000 5.5900
v -26.5900 -1.1000 4.6580
v -26.5400 -1.1000 4.6580
v -26.5400 -1.1000 4.7480
v -26.5900 -1.1000 4.7480
v -26.5900 2.9000 4.6580
v -26.5400 2.9000 4.6580
v -26.5400 2.9000 4.7480
v -26.5900 2.9000 4.7480
v -25.4600 -1.1000 4.6580
v -25.4100 -1.1000 4.6580
v -25.4100 -1.1000 4.7480
v -25.4600 -1.1000 4.7480
v -25.4600 2.9000 4.6580
v -25.4100 2.9000 4.6580
v -25.4100 2.9000 4.7480
v -25.4600 2.9000 4.7480
v -26.5900 -1.1000 4.9550
v -26.5400 -1.1000 4.9550
v -26.5400 -1.1000 5.0450
v -26.5900 -1.1000 5.0450
v -26.5900 2.9000 4.9550
v -26.5400 2.9000 4.9550
v -26.5400 2.9000 5.0450
v -26.5900 2.9000 5.0450
v -25.4600 -1.1000 4.9550
v -25.4100 -1.1000 4.9550
v -25.4100 -1.1000 5.0450
v -25.4600 -1.1000 5.0450
v -25.4600 2.9000 4.9550
v -25.4100 2.9000 4.9550
v -25.4100 2.9000 5.0450
v -25.4600 2.9000 5.0450
v -26.5900 -1.1000 5.2520
v -26.5400 -1.1000 5.2520
v -26.5400 -1.1000 5.3420
v -26.5900 -1.1000 5.3420
v -26.5900 2.9000 5.2520
v -26.5400 2.9000 5.2520
v -26.5400 2.9000 5.3420
v -26.5900 2.9000 5.3420
v -25.4600 -1.1000 5.2520
v -25.4100 -1.1000 5.2520
v -25.4100 -1.1000 5.3420
v -25.4600 -1.1000 5.3420
v -25.4600 2.9000 5.2520
v -25.4100 2.9000 5.2520
v -25.4100 2.9000 5.3420
v -25.4600 2.9000 5.3420
v -26.5665 -0.4500 4.4335
v -25.4335 -0.4500 4.4335
v -25.4335 -0.4500 5.5665
v -26.5665 -0.4500 5.5665
v -26.5665 0.4500 4.4335
v -25.4335 0.4500 4.4335
v -25.4335 0.4500 5.5665
v -26.5665 0.4500 5.5665
v -26.7150 -0.2100 4.2850
v -25.2850 -0.2100 4.2850
v -25.2850 -0.2100 5.7150
v -26.7150 -0.2100 5.7150
v -26.7150 0.2100 4.2850
v -25.2850 0.2100 4.2850
v -25.2850 0.2100 5.7150
v -26.7150 0.2100 5.7150
v -26.7370 4.8700 4.2630
v -25.2630 4.8700 4.2630
v -25.2630 4.8700 5.7370
v -26.7370 4.8700 5.7370
v -26.7370 5.2900 4.2630
v -25.2630 5.2900 4.2630
v -25.2630 5.2900 5.7370
v -26.7370 5.2900 5.7370
v -22.5500 -2.7500 -5.5500
v -21.4500 -2.7500 -5.5500
v -21.4500 -2.7500 -4.4500
v -22.5500 -2.7500 -4.4500
v -22.5500 2.7500 -5.5500
v -21.4500 2.7500 -5.5500
v -21.4500 2.7500 -4.4500
v -22.5500 2.7500 -4.4500
v -22.3420 -1.1000 -5.5900
v -22.2520 -1.1000 -5.5900
v -22.2520 -1.1000 -5.5400
v -22.3420 -1.1000 -5.5400
v -22.3420 2.9000 -5.5900
v -22.2520 2.9000 -5.5900
v -22.2520 2.9000 -5.5400
v -22.3420 2.9000 -5.5400
v -22.3420 -1.1000 -4.4600
v -22.2520 -1.1000 -4.4600
v -22.2520 -1.1000 -4.4100
v -22.3420 -1.1000 -4.4100
v -22.3420 2.9000 -4.4600
v -22.2520 2.9000 -4.4600
v -22.2520 2.9000 -4.4100
v -22.3420 2.9000 -4.4100
v -22.0450 -1.1000 -5.5900
v -21.9550 -1.1000 -5.5900
v -21.9550 -1.1000 -5.5400
v -22.0450 -1.1000 -5.5400
v -22.0450 2.9000 -5.5900
v -21.9550 2.9000 -5.5900
v -21.9550 2.9000 -5.5400
v -22.0450 2.9000 -5.5400
v -22.0450 -1.1000 -4.4600
v -21.9550 -1.1000 -4.4600
v -21.9550 -1.1000 -4.4100
v -22.0450 -1.1000 -4.4100
v -22.0450 2.9000 -4.4600
v -21.9550 2.9000 -4.4600
v -21.9550 2.9000 -4.4100
v -22.0450 2.9000 -4.4100
v -21.7480 -1.1000 -5.5900
v -21.6580 -1.1000 -5.5900
v -21.6580 -1.1000 -5.5400
v -21.7480 -1.1000 -5.5400
v -21.7480 2.9000 -5.5900
v -21.6580 2.9000 -5.5900
v -21.6580 2.9000 -5.5400
v -21.7480 2.9000 -5.5400
v -21.7480 -1.1000 -4.4600
v -21.6580 -1.1000 -4.4600
v -21.6580 -1.1000 -4.4100
v -21.7480 -1.1000 -4.4100
v -21.7480 2.9000 -4.4600
v -21.6580 2.9000 -4.4600
v -21.6580 2.9000 -4.4100
v -21.7480 2.9000 -4.4100
v -22.5900 -1.1000 -5.3420
v -22.5400 -1.1000 -5.3420
v -22.5400 -1.1000 -5.2520
v -22.5900 -1.1000 -5.2520
v -22.5900 2.9000 -5.3420
v -22.5400 2.9000 -5.3420
v -22.5400 2.9000 -5.2520
v -22.5900 2.9000 -5.2520
v -21.4600 -1.1000 -5.3420
v -21.4100 -1.1000 -5.3420
v -21.4100 -1.1000 -5.2520
v -21.4600 -1.1000 -5.2520
v -21.4600 2.9000 -5.3420
v -21.4100 2.9000 -5.3420
v -21.4100 2.9000 -5.2520
v -21.4600 2.9000 -5.2520
v -22.5900 -1.1000 -5.0450
v -22.5400 -1.1000 -5.0450
v -22.5400 -1.1000 -4.9550
v -22.5900 -1.1000 -4.9550
v -22.5900 2.9000 -5.0450
v -22.5400 2.9000 -5.0450
v -22.5400 2.9000 -4.9550
v -22.5900 2.9000 -4.9550
v -21.4600 -1.1000 -5.0450
v -21.4100 -1.1000 -5.0450
v -21.4100 -1.1000 -4.9550
v -21.4600 -1.1000 -4.9550
v -21.4600 2.9000 -5.0450
v -21.4100 2.9000 -5.0450
v -21.4100 2.9000 -4.9550
v -21.4600 2.9000 -4.9550
v -22.5900 -1.1000 -4.7480
v -22.5400 -1.1000 -4.7480
v -22.5400 -1.1000 -4.6580
v -22.5900 -1.1000 -4.6580
v -22.5900 2.9000 -4.7480
v -22.5400 2.9000 -4.7480
v -22.5400 2.9000 -4.6580
v -22.5900 2.9000 -4.6580
v -21.4600 -1.1000 -4.7480
v -21.4100 -1.1000 -4.7480
v -21.4100 -1.1000 -4.6580
v -21.4600 -1.1000 -4.6580
v -21.4600 2.9000 -4.7480
v -21.4100 2.9000 -4.7480
v -21.4100 2.9000 -4.6580
v -21.4600 2.9000 -4.6580
v -22.5665 -0.4500 -5.5665
v -21.4335 -0.4500 -5.5665
v -21.4335 -0.4500 -4.4335
v -22.5665 -0.4500 -4.4335
v -22.5665 0.4500 -5.5665
v -21.4335 0.4500 -5.5665
v -21.4335 0.4500 -4.4335
v -22.5665 0.4500 -4.4335
v -22.7150 -0.2100 -5.7150
v -21.2850 -0.2100 -5.7150
v -21.2850 -0.2100 -4.2850
v -22.7150 -0.2100 -4.2850
v -22.7150 0.2100 -5.7150
v -21.2850 0.2100 -5.7150
v -21.2850 0.2100 -4.2850
v -22.7150 0.2100 -4.2850
v -22.7370 4.8700 -5.7370
v -21.2630 4.8700 -5.7370
v -21.2630 4.8700 -4.2630
v -22.7370 4.8700 -4.2630
v -22.7370 5.2900 -5.7370
v -21.2630 5.2900 -5.7370
v -21.2630 5.2900 -4.2630
v -22.7370 5.2900 -4.2630
v -22.5500 -2.7500 4.4500
v -21.4500 -2.7500 4.4500
v -21.4500 -2.7500 5.5500
v -22.5500 -2.7500 5.5500
v -22.5500 2.7500 4.4500
v -21.4500 2.7500 4.4500
v -21.4500 2.7500 5.5500
v -22.5500 2.7500 5.5500
v -22.3420 -1.1000 4.4100
v -22.2520 -1.1000 4.4100
v -22.2520 -1.1000 4.4600
v -22.3420 -1.1000 4.4600
v -22.3420 2.9000 4.4100
v -22.2520 2.9000 4.4100
v -22.2520 2.9000 4.4600
v -22.3420 2.9000 4.4600
v -22.3420 -1.1000 5.5400
v -22.2520 -1.1000 5.5400
v -22.2520 -1.1000 5.5900
v -22.3420 -1.1000 5.5900
v -22.3420 2.9000 5.5400
v -22.2520 2.9000 5.5400
v -22.2520 2.9000 5.5900
v -22.3420 2.9000 5.5900
v -22.0450 -1.1000 4.4100
v -21.9550 -1.1000 4.4100
v -21.9550 -1.1000 4.4600
v -22.0450 -1.1000 4.4600
v -22.0450 2.9000 4.4100
v -21.9550 2.9000 4.4100
v -21.9550 2.9000 4.4600
v -22.0450 2.9000 4.4600
v -22.0450 -1.1000 5.5400
v -21.9550 -1.1000 5.5400
v -21.9550 -1.1000 5.5900
v -22.0450 -1.1000 5.5900
v -22.0450 2.9000 5.5400
v -21.9550 2.9000 5.5400
v -21.9550 2.9000 5.5900
v -22.0450 2.9000 5.5900
v -21.7480 -1.1000 4.4100
v -21.6580 -1.1000 4.4100
v -21.6580 -1.1000 4.4600
v -21.7480 -1.1000 4.4600
v -21.7480 2.9000 4.4100
v -21.6580 2.9000 4.4100
v -21.6580 2.9000 4.4600
v -21.7480 2.9000 4.4600
v -21.7480 -1.1000 5.5400
v -21.6580 -1.1000 5.5400
v -21.6580 -1.1000 5.5900
v -21.7480 -1.1000 5.5900
v -21.7480 2.9000 5.5400
v -21.6580 2.9000 5.5400
v -21.6580 2.9000 5.5900
v -21.7480 2.9000 5.5900
v -22.5900 -1.1000 4.6580
v -22.5400 -1.1000 4.6580
v -22.5400 -1.1000 4.7480
v -22.5900 -1.1000 4.7480
v -22.5900 2.9000 4.6580
v -22.5400 2.9000 4.6580
v -22.5400 2.9000 4.7480
v -22.5900 2.9000 4.7480
v -21.4600 -1.1000 4.6580
v -21.4100 -1.1000 4.6580
v -21.4100 -1.1000 4.7480
v -21.4600 -1.1000 4.7480
v -21.4600 2.9000 4.6580
v -21.4100 2.9000 4.6580
v -21.4100 2.9000 4.7480
v -21.4600 2.9000 4.7480
v -22.5900 -1.1000 4.9550
v -22.5400 -1.1000 4.9550
v -22.5400 -1.1000 5.0450
v -22.5900 -1.1000 5.0450
v -22.5900 2.9000 4.9550
v -22.5400 2.9000 4.9550
v -22.5400 2.9000 5.0450
v -22.5900 2.9000 5.0450
v -21.4600 -1.1000 4.9550
v -21.4100 -1.1000 4.9550
v -21.4100 -1.1000 5.0450
v -21.4600 -1.1000 5.0450
v -21.4600 2.9000 4.9550
v -21.4100 2.9000 4.9550
v -21.4100 2.9000 5.0450
v -21.4600 2.9000 5.0450
v -22.5900 -1.1000 5.2520
v -22.5400 -1.1000 5.2520
v -22.5400 -1.1000 5.3420
v -22.5900 -1.1000 5.3420
v -22.5900 2.9000 5.2520
v -22.5400 2.9000 5.2520
v -22.5400 2.9000 5.3420
v -22.5900 2.9000 5.3420
v -21.4600 -1.1000 5.2520
v -21.4100 -1.1000 5.2520
v -21.4100 -1.1000 5.3420
v -21.4600 -1.1000 5.3420
v -21.4600 2.9000 5.2520
v -21.4100 2.9000 5.2520
v -21.4100 2.9000 5.3420
v -21.4600 2.9000 5.3420
v -22.5665 -0.4500 4.4335
v -21.4335 -0.4500 4.4335
v -21.4335 -0.4500 5.5665
v -22.5665 -0.4500 5.5665
v -22.5665 0.4500 4.4335
v -21.4335 0.4500 4.4335
v -21.4335 0.4500 5.5665
v -22.5665 0.4500 5.5665
v -22.7150 -0.2100 4.2850
v -21.2850 -0.2100 4.2850
v -21.2850 -0.2100 5.7150
v -22.7150 -0.2100 5.7150
v -22.7150 0.2100 4.2850
v -21.2850 0.2100 4.2850
v -21.2850 0.2100 5.7150
v -22.7150 0.2100 5.7150
v -22.7370 4.8700 4.2630
v -21.2630 4.8700 4.2630
v -21.2630 4.8700 5.7370
v -22.7370 4.8700 5.7370
v -22.7370 5.2900 4.2630
v -21.2630 5.2900 4.2630
v -21.2630 5.2900 5.7370
v -22.7370 5.2900 5.7370
v -18.5500 -2.7500 -5.5500
v -17.4500 -2.7500 -5.5500
v -17.4500 -2.7500 -4.4500
v -18.5500 -2.7500 -4.4500
v -18.5500 2.7500 -5.5500
v -17.4500 2.7500 -5.5500
v -17.4500 2.7500 -4.4500
v -18.5500 2.7500 -4.4500
v -18.3420 -1.1000 -5.5900
v -18.2520 -1.1000 -5.5900
v -18.2520 -1.1000 -5.5400
v -18.3420 -1.1000 -5.5400
v -18.3420 2.9000 -5.5900
v -18.2520 2.9000 -5.5900
v -18.2520 2.9000 -5.5400
v -18.3420 2.9000 -5.5400
v -18.3420 -1.1000 -4.4600
v -18.2520 -1.1000 -4.4600
v -18.2520 -1.1000 -4.4100
v -18.3420 -1.1000 -4.4100
v -18.3420 2.9000 -4.4600
v -18.2520 2.9000 -4.4600
v -18.2520 2.9000 -4.4100
v -18.3420 2.9000 -4.4100
v -18.0450 -1.1000 -5.5900
v -17.9550 -1.1000 -5.5900
v -17.9550 -1.1000 -5.5400
v -18.0450 -1.1000 -5.5400
v -18.0450 2.9000 -5.5900
v -17.9550 2.9000 -5.5900
v -17.9550 2.9000 -5.5400
v -18.0450 2.9000 -5.5400
v -18.0450 -1.1000 -4.4600
v -17.9550 -1.1000 -4.4600
v -17.9550 -1.1000 -4.4100
v -18.0450 -1.1000 -4.4100
v -18.0450 2.9000 -4.4600
v -17.9550 2.9000 -4.4600
v -17.9550 2.9000 -4.4100
v -18.0450 2.9000 -4.4100
v -17.7480 -1.1000 -5.5900
v -17.6580 -1.1000 -5.5900
v -17.6580 -1.1000 -5.5400
v -17.7480 -1.1000 -5.5400
v -17.7480 2.9000 -5.5900
v -17.6580 2.9000 -5.5900
v -17.6580 2.9000 -5.5400
v -17.7480 2.9000 -5.5400
v -17.7480 -1.1000 -4.4600
v -17.6580 -1.1000 -4.4600
v -17.6580 -1.1000 -4.4100
v -17.7480 -1.1000 -4.4100
v -17.7480 2.9000 -4.4600
v -17.6580 2.9000 -4.4600
v -17.6580 2.9000 -4.4100
v -17.7480 2.9000 -4.4100
v -18.5900 -1.1000 -5.3420
v -18.5400 -1.1000 -5.3420
v -18.5400 -1.1000 -5.2520
v -18.5900 -1.1000 -5.2520
v -18.5900 2.9000 -5.3420
v -18.5400 2.9000 -5.3420
v -18.5400 2.9000 -5.2520
v -18.5900 2.9000 -5.2520
v -17.4600 -1.1000 -5.3420
v -17.4100 -1.1000 -5.3420
v -17.4100 -1.1000 -5.2520
v -17.4600 -1.1000 -5.2520
v -17.4600 2.9000 -5.3420
v -17.4100 2.9000 -5.3420
v -17.4100 2.9000 -5.2520
v -17.4600 2.9000 -5.2520
v -18.5900 -1.1000 -5.0450
v -18.5400 -1.1000 -5.0450
v -18.5400 -1.1000 -4.9550
v -18.5900 -1.1000 -4.9550
v -18.5900 2.9000 -5.0450
v -18.5400 2.9000 -5.0450
v -18.5400 2.9000 -4.9550
v -18.5900 2.9000 -4.9550
v -17.4600 -1.1000 -5.0450
v -17.4100 -1.1000 -5.0450
v -17.4100 -1.1000 -4.9550
v -17.4600 -1.1000 -4.9550
v -17.4600 2.9000 -5.0450
v -17.4100 2.9000 -5.0450
v -17.4100 2.9000 -4.9550
v -17.4600 2.9000 -4.9550
v -18.5900 -1.1000 -4.7480
v -18.5400 -1.1000 -4.7480
v -18.5400 -1.1000 -4.6580
v -18.5900 -1.1000 -4.6580
v -18.5900 2.9000 -4.7480
v -18.5400 2.9000 -4.7480
v -18.5400 2.9000 -4.6580
v -18.5900 2.9000 -4.6580
v -17.4600 -1.1000 -4.7480
v -17.4100 -1.1000 -4.7480
v -17.4100 -1.1000 -4.6580
v -17.4600 -1.1000 -4.6580
v -17.4600 2.9000 -4.7480
v -17.4100 2.9000 -4.7480
v -17.4100 2.9000 -4.6580
v -17.4600 2.9000 -4.6580
v -18.5665 -0.4500 -5.5665
v -17.4335 -0.4500 -5.5665
v -17.4335 -0.4500 -4.4335
v -18.5665 -0.4500 -4.4335
v -18.5665 0.4500 -5.5665
v -17.4335 0.4500 -5.5665
v -17.4335 0.4500 -4.4335
v -18.5665 0.4500 -4.4335
v -18.7150 -0.2100 -5.7150
v -17.2850 -0.2100 -5.7150
v -17.2850 -0.2100 -4.2850
v -18.7150 -0.2100 -4.2850
v -18.7150 0.2100 -5.7150
v -17.2850 0.2100 -5.7150
v -17.2850 0.2100 -4.2850
v -18.7150 0.2100 -4.2850
v -18.7370 4.8700 -5.7370
v -17.2630 4.8700 -5.7370
v -17.2630 4.8700 -4.2630
v -18.7370 4.8700 -4.2630
v -18.7370 5.2900 -5.7370
v -17.2630 5.2900 -5.7370
v -17.2630 5.2900 -4.2630
v -18.7370 5.2900 -4.2630
v -18.5500 -2.7500 4.4500
v -17.4500 -2.7500 4.4500
v -17.4500 -2.7500 5.5500
v -18.5500 -2.7500 5.5500
v -18.5500 2.7500 4.4500
v -17.4500 2.7500 4.4500
v -17.4500 2.7500 5.5500
v -18.5500 2.7500 5.5500
v -18.3420 -1.1000 4.4100
v -18.2520 -1.1000 4.4100
v -18.2520 -1.1000 4.4600
v -18.3420 -1.1000 4.4600
v -18.3420 2.9000 4.4100
v -18.2520 2.9000 4.4100
v -18.2520 2.9000 4.4600
v -18.3420 2.9000 4.4600
v -18.3420 -1.1000 5.5400
v -18.2520 -1.1000 5.5400
v -18.2520 -1.1000 5.5900
v -18.3420 -1.1000 5.5900
v -18.3420 2.9000 5.5400
v -18.2520 2.9000 5.5400
v -18.2520 2.9000 5.5900
v -18.3420 2.9000 5.5900
v -18.0450 -1.1000 4.4100
v -17.9550 -1.1000 4.4100
v -17.9550 -1.1000 4.4600
v -18.0450 -1.1000 4.4600
v -18.0450 2.9000 4.4100
v -17.9550 2.9000 4.4100
v -17.9550 2.9000 4.4600
v -18.0450 2.9000 4.4600
v -18.0450 -1.1000 5.5400
v -17.9550 -1.1000 5.5400
v -17.9550 -1.1000 5.5900
v -18.0450 -1.1000 5.5900
v -18.0450 2.9000 5.5400
v -17.9550 2.9000 5.5400
v -17.9550 2.9000 5.5900
v -18.0450 2.9000 5.5900
v -17.7480 -1.1000 4.4100
v -17.6580 -1.1000 4.4100
v -17.6580 -1.1000 4.4600
v -17.7480 -1.1000 4.4600
v -17.7480 2.9000 4.4100
v -17.6580 2.9000 4.4100
v -17.6580 2.9000 4.4600
v -17.7480 2.9000 4.4600
v -17.7480 -1.1000 5.5400
v -17.6580 -1.1000 5.5400
v -17.6580 -1.1000 5.5900
v -17.7480 -1.1000 5.5900
v -17.7480 2.9000 5.5400
v -17.6580 2.9000 5.5400
v -17.6580 2.9000 5.5900
v -17.7480 2.9000 5.5900
v -18.5900 -1.1000 4.6580
v -18.5400 -1.1000 4.6580
v -18.5400 -1.1000 4.7480
v -18.5900 -1.1000 4.7480
v -18.5900 2.9000 4.6580
v -18.5400 2.9000 4.6580
v -18.5400 2.9000 4.7480
v -18.5900 2.9000 4.7480
v -17.4600 -1.1000 4.6580
v -17.4100 -1.1000 4.6580
v -17.4100 -1.1000 4.7480
v -17.4600 -1.1000 4.7480
v -17.4600 2.9000 4.6580
v -17.4100 2.9000 4.6580
v -17.4100 2.9000 4.7480
v -17.4600 2.9000 4.7480
v -18.5900 -1.1000 4.9550
v -18.5400 -1.1000 4.9550
v -18.5400 -1.1000 5.0450
v -18.5900 -1.1000 5.0450
v -18.5900 2.9000 4.9550
v -18.5400 2.9000 4.9550
v -18.5400 2.9000 5.0450
v -18.5900 2.9000 5.0450
v -17.4600 -1.1000 4.9550
v -17.4100 -1.1000 4.9550
v -17.4100 -1.1000 5.0450
v -17.4600 -1.1000 5.0450
v -17.4600 2.9000 4.9550
v -17.4100 2.9000 4.9550
v -17.4100 2.9000 5.0450
v -17.4600 2.9000 5.0450
v -18.5900 -1.1000 5.2520
v -18.5400 -1.1000 5.2520
v -18.5400 -1.1000 5.3420
v -18.5900 -1.1000 5.3420
v -18.5900 2.9000 5.2520
v -18.5400 2.9000 5.2520
v -18.5400 2.9000 5.3420
v -18.5900 2.9000 5.3420
v -17.4600 -1.1000 5.2520
v -17.4100 -1.1000 5.2520
v -17.4100 -1.1000 5.3420
v -17.4600 -1.1000 5.3420
v -17.4600 2.9000 5.2520
v -17.4100 2.9000 5.2520
v -17.4100 2.9000 5.3420
v -17.4600 2.9000 5.3420
v -18.5665 -0.4500 4.4335
v -17.4335 -0.4500 4.4335
v -17.4335 -0.4500 5.5665
v -18.5665 -0.4500 5.5665
v -18.5665 0.4500 4.4335
v -17.4335 0.4500 4.4335
v -17.4335 0.4500 5.5665
v -18.5665 0.4500 5.5665
v -18.7150 -0.2100 4.2850
v -17.2850 -0.2100 4.2850
v -17.2850 -0.2100 5.7150
v -18.7150 -0.2100 5.7150
v -18.7150 0.2100 4.2850
v -17.2850 0.2100 4.2850
v -17.2850 0.2100 5.7150
v -18.7150 0.2100 5.7150
v -18.7370 4.8700 4.2630
v -17.2630 4.8700 4.2630
v -17.2630 4.8700 5.7370
v -18.7370 4.8700 5.7370
v -18.7370 5.2900 4.2630
v -17.2630 5.2900 4.2630
v -17.2630 5.2900 5.7370
v -18.7370 5.2900 5.7370
v -14.5500 -2.7500 -5.5500
v -13.4500 -2.7500 -5.5500
v -13.4500 -2.7500 -4.4500
v -14.5500 -2.7500 -4.4500
v -14.5500 2.7500 -5.5500
v -13.4500 2.7500 -5.5500
v -13.4500 2.7500 -4.4500
v -14.5500 2.7500 -4.4500
v -14.3420 -1.1000 -5.5900
v -14.2520 -1.1000 -5.5900
v -14.2520 -1.1000 -5.5400
v -14.3420 -1.1000 -5.5400
v -14.3420 2.9000 -5.5900
v -14.2520 2.9000 -5.5900
v -14.2520 2.9000 -5.5400
v -14.3420 2.9000 -5.5400
v -14.3420 -1.1000 -4.4600
v -14.2520 -1.1000 -4.4600
v -14.2520 -1.1000 -4.4100
v -14.3420 -1.1000 -4.4100
v -14.3420 2.9000 -4.4600
v -14.2520 2.9000 -4.4600
v -14.2520 2.9000 -4.4100
v -14.3420 2.9000 -4.4100
v -14.0450 -1.1000 -5.5900
v -13.9550 -1.1000 -5.5900
v -13.9550 -1.1000 -5.5400
v -14.0450 -1.1000 -5.5400
v -14.0450 2.9000 -5.5900
v -13.9550 2.9000 -5.5900
v -13.9550 2.9000 -5.5400
v -14.0450 2.9000 -5.5400
v -14.0450 -1.1000 -4.4600
v -13.9550 -1.1000 -4.4600
v -13.9550 -1.1000 -4.4100
v -14.0450 -1.1000 -4.4100
v -14.0450 2.9000 -4.4600
v -13.9550 2.9000 -4.4600
v -13.9550 2.9000 -4.4100
v -14.0450 2.9000 -4.4100
v -13.7480 -1.1000 -5.5900
v -13.6580 -1.1000 -5.5900
v -13.6580 -1.1000 -5.5400
v -13.7480 -1.1000 -5.5400
v -13.7480 2.9000 -5.5900
v -13.6580 2.9000 -5.5900
v -13.6580 2.9000 -5.5400
v -13.7480 2.9000 -5.5400
v -13.7480 -1.1000 -4.4600
v -13.6580 -1.1000 -4.4600
v -13.6580 -1.1000 -4.4100
v -13.7480 -1.1000 -4.4100
v -13.7480 2.9000 -4.4600
v -13.6580 2.9000 -4.4600
v -13.6580 2.9000 -4.4100
v -13.7480 2.9000 -4.4100
v -14.5900 -1.1000 -5.3420
v -14.5400 -1.1000 -5.3420
v -14.5400 -1.1000 -5.2520
v -14.5900 -1.1000 -5.2520
v -14.5900 2.9000 -5.3420
v -14.5400 2.9000 -5.3420
v -14.5400 2.9000 -5.2520
v -14.5900 2.9000 -5.2520
v -13.4600 -1.1000 -5.3420
v -13.4100 -1.1000 -5.3420
v -13.4100 -1.1000 -5.2520
v -13.4600 -1.1000 -5.2520
v -13.4600 2.9000 -5.3420
v -13.4100 2.9000 -5.3420
v -13.4100 2.9000 -5.2520
v -13.4600 2.9000 -5.2520
v -14.5900 -1.1000 -5.0450
v -14.5400 -1.1000 -5.0450
v -14.5400 -1.1000 -4.9550
v -14.5900 -1.1000 -4.9550
v -14.5900 2.9000 -5.0450
v -14.5400 2.9000 -5.0450
v -14.5400 2.9000 -4.9550
v -14.5900 2.9000 -4.9550
v -13.4600 -1.1000 -5.0450
v -13.4100 -1.1000 -5.0450
v -13.4100 -1.1000 -4.9550
v -13.4600 -1.1000 -4.9550
v -13.4600 2.9000 -5.0450
v -13.4100 2.9000 -5.0450
v -13.4100 2.9000 -4.9550
v -13.4600 2.9000 -4.9550
v -14.5900 -1.1000 -4.7480
v -14.5400 -1.1000 -4.7480
v -14.5400 -1.1000 -4.6580
v -14.5900 -1.1000 -4.6580
v -14.5900 2.9000 -4.7480
v -14.5400 2.9000 -4.7480
v -14.5400 2.9000 -4.6580
v -14.5900 2.9000 -4.6580
v -13.4600 -1.1000 -4.7480
v -13.4100 -1.1000 -4.7480
v -13.4100 -1.1000 -4.6580
v -13.4600 -1.1000 -4.6580
v -13.4600 2.9000 -4.7480
v -13.4100 2.9000 -4.7480
v -13.4100 2.9000 -4.6580
v -13.4600 2.9000 -4.6580
v -14.5665 -0.4500 -5.5665
v -13.4335 -0.4500 -5.5665
v -13.4335 -0.4500 -4.4335
v -14.5665 -0.4500 -4.4335
v -14.5665 0.4500 -5.5665
v -13.4335 0.4500 -5.5665
v -13.4335 0.4500 -4.4335
v -14.5665 0.4500 -4.4335
v -14.7150 -0.2100 -5.7150
v -13.2850 -0.2100 -5.7150
v -13.2850 -0.2100 -4.2850
v -14.7150 -0.2100 -4.2850
v -14.7150 0.2100 -5.7150
v -13.2850 0.2100 -5.7150
v -13.2850 0.2100 -4.2850
v -14.7150 0.2100 -4.2850
v -14.7370 4.8700 -5.7370
v -13.2630 4.8700 -5.7370
v -13.2630 4.8700 -4.2630
v -14.7370 4.8700 -4.2630
v -14.7370 5.2900 -5.7370
v -13.2630 5.2900 -5.7370
v -13.2630 5.2900 -4.2630
v -14.7370 5.2900 -4.2630
v -14.5500 -2.7500 4.4500
v -13.4500 -2.7500 4.4500
v -13.4500 -2.7500 5.5500
v -14.5500 -2.7500 5.5500
v -14.5500 2.7500 4.4500
v -13.4500 2.7500 4.4500
v -13.4500 2.7500 5.5500
v -14.5500 2.7500 5.5500
v -14.3420 -1.1000 4.4100
v -14.2520 -1.1000 4.4100
v -14.2520 -1.1000 4.4600
v -14.3420 -1.1000 4.4600
v -14.3420 2.9000 4.4100
v -14.2520 2.9000 4.4100
v -14.2520 2.9000 4.4600
v -14.3420 2.9000 4.4600
v -14.3420 -1.1000 5.5400
v -14.2520 -1.1000 5.5400
v -14.2520 -1.1000 5.5900
v -14.3420 -1.1000 5.5900
v -14.3420 2.9000 5.5400
v -14.2520 2.9000 5.5400
v -14.2520 2.9000 5.5900
v -14.3420 2.9000 5.5900
v -14.0450 -1.1000 4.4100
v -13.9550 -1.1000 4.4100
v -13.9550 -1.1000 4.4600
v -14.0450 -1.1000 4.4600
v -14.0450 2.9000 4.4100
v -13.9550 2.9000 4.4100
v -13.9550 2.9000 4.4600
v -14.0450 2.9000 4.4600
v -14.0450 -1.1000 5.5400
v -13.9550 -1.1000 5.5400
v -13.9550 -1.1000 5.5900
v -14.0450 -1.1000 5.5900
v -14.0450 2.9000 5.5400
v -13.9550 2.9000 5.5400
v -13.9550 2.9000 5.5900
v -14.0450 2.9000 5.5900
v -13.7480 -1.1000 4.4100
v -13.6580 -1.1000 4.4100
v -13.6580 -1.1000 4.4600
v -13.7480 -1.1000 4.4600
v -13.7480 2.9000 4.4100
v -13.6580 2.9000 4.4100
v -13.6580 2.9000 4.4600
v -13.7480 2.9000 4.4600
v -13.7480 -1.1000 5.5400
v -13.6580 -1.1000 5.5400
v -13.6580 -1.1000 5.5900
v -13.7480 -1.1000 5.5900
v -13.7480 2.9000 5.5400
v -13.6580 2.9000 5.5400
v -13.6580 2.9000 5.5900
v -13.7480 2.9000 5.5900
v -14.5900 -1.1000 4.6580
v -14.5400 -1.1000 4.6580
v -14.5400 -1.1000 4.7480
v -14.5900 -1.1000 4.7480
v -14.5900 2.9000 4.6580
v -14.5400 2.9000 4.6580
v -14.5400 2.9000 4.7480
v -14.5900 2.9000 4.7480
v -13.4600 -1.1000 4.6580
v -13.4100 -1.1000 4.6580
v -13.4100 -1.1000 4.7480
v -13.4600 -1.1000 4.7480
v -13.4600 2.9000 4.6580
v -13.4100 2.9000 4.6580
v -13.4100 2.9000 4.7480
v -13.4600 2.9000 4.7480
v -14.5900 -1.1000 4.9550
v -14.5400 -1.1000 4.9550
v -14.5400 -1.1000 5.0450
v -14.5900 -1.1000 5.0450
v -14.5900 2.9000 4.9550
v -14.5400 2.9000 4.9550
v -14.5400 2.9000 5.0450
v -14.5900 2.9000 5.0450
v -13.4600 -1.1000 4.9550
v -13.4100 -1.1000 4.9550
v -13.4100 -1.1000 5.0450
v -13.4600 -1.1000 5.0450
v -13.4600 2.9000 4.9550
v -13.4100 2.9000 4.9550
v -13.4100 2.9000 5.0450
v -13.4600 2.9000 5.0450
v -14.5900 -1.1000 5.2520
v -14.5400 -1.1000 5.2520
v -14.5400 -1.1000 5.3420
v -14.5900 -1.1000 5.3420
v -14.5900 2.9000 5.2520
v -14.5400 2.9000 5.2520
v -14.5400 2.9000 5.3420
v -14.5900 2.9000 5.3420
v -13.4600 -1.1000 5.2520
v -13.4100 -1.1000 5.2520
v -13.4100 -1.1000 5.3420
v -13.4600 -1.1000 5.3420
v -13.4600 2.9000 5.2520
v -13.4100 2.9000 5.2520
v -13.4100 2.9000 5.3420
v -13.4600 2.9000 5.3420
v -14.5665 -0.4500 4.4335
v -13.4335 -0.4500 4.4335
v -13.4335 -0.4500 5.5665
v -14.5665 -0.4500 5.5665
v -14.5665 0.4500 4.4335
v -13.4335 0.4500 4.4335
v -13.4335 0.4500 5.5665
v -14.5665 0.4500 5.5665
v -14.7150 -0.2100 4.2850
v -13.2850 -0.2100 4.2850
v -13.2850 -0.2100 5.7150
v -14.7150 -0.2100 5.7150
v -14.7150 0.2100 4.2850
v -13.2850 0.2100 4.2850
v -13.2850 0.2100 5.7150
v -14.7150 0.2100 5.7150
v -14.7370 4.8700 4.2630
v -13.2630 4.8700 4.2630
v -13.2630 4.8700 5.7370
v -14.7370 4.8700 5.7370
v -14.7370 5.2900 4.2630
v -13.2630 5.2900 4.2630
v -13.2630 5.2900 5.7370
v -14.7370 5.2900 5.7370
v -10.5500 -2.7500 -5.5500
v -9.4500 -2.7500 -5.5500
v -9.4500 -2.7500 -4.4500
v -10.5500 -2.7500 -4.4500
v -10.5500 2.7500 -5.5500
v -9.4500 2.7500 -5.5500
v -9.4500 2.7500 -4.4500
v -10.5500 2.7500 -4.4500
v -10.3420 -1.1000 -5.5900
v -10.2520 -1.1000 -5.5900
v -10.2520 -1.1000 -5.5400
v -10.3420 -1.1000 -5.5400
v -10.3420 2.9000 -5.5900
v -10.2520 2.9000 -5.5900
v -10.2520 2.9000 -5.5400
v -10.3420 2.9000 -5.5400
v -10.3420 -1.1000 -4.4600
v -10.2520 -1.1000 -4.4600
v -10.2520 -1.1000 -4.4100
v -10.3420 -1.1000 -4.4100
v -10.3420 2.9000 -4.4600
v -10.2520 2.9000 -4.4600
v -10.2520 2.9000 -4.4100
v -10.3420 2.9000 -4.4100
v -10.0450 -1.1000 -5.5900
v -9.9550 -1.1000 -5.5900
v -9.9550 -1.1000 -5.5400
v -10.0450 -1.1000 -5.5400
v -10.0450 2.9000 -5.5900
v -9.9550 2.9000 -5.5900
v -9.9550 2.9000 -5.5400
v -10.0450 2.9000 -5.5400
v -10.0450 -1.1000 -4.4600
v -9.9550 -1.1000 -4.4600
v -9.9550 -1.1000 -4.4100
v -10.0450 -1.1000 -4.4100
v -10.0450 2.9000 -4.4600
v -9.9550 2.9000 -4.4600
v -9.9550 2.9000 -4.4100
v -10.0450 2.9000 -4.4100
v -9.7480 -1.1000 -5.5900
v -9.6580 -1.1000 -5.5900
v -9.6580 -1.1000 -5.5400
v -9.7480 -1.1000 -5.5400
v -9.7480 2.9000 -5.5900
v -9.6580 2.9000 -5.5900
v -9.6580 2.9000 -5.5400
v -9.7480 2.9000 -5.5400
v -9.7480 -1.1000 -4.4600
v -9.6580 -1.1000 -4.4600
v -9.6580 -1.1000 -4.4100
v -9.7480 -1.1000 -4.4100
v -9.7480 2.9000 -4.4600
v -9.6580 2.9000 -4.4600
v -9.6580 2.9000 -4.4100
v -9.7480 2.9000 -4.4100
v -10.5900 -1.1000 -5.3420
v -10.5400 -1.1000 -5.3420
v -10.5400 -1.1000 -5.2520
v -10.5900 -1.1000 -5.2520
v -10.5900 2.9000 -5.3420
v -10.5400 2.9000 -5.3420
v -10.5400 2.9000 -5.2520
v -10.5900 2.9000 -5.2520
v -9.4600 -1.1000 -5.3420
v -9.4100 -1.1000 -5.3420
v -9.4100 -1.1000 -5.2520
v -9.4600 -1.1000 -5.2520
v -9.4600 2.9000 -5.3420
v -9.4100 2.9000 -5.3420
v -9.4100 2.9000 -5.2520
v -9.4600 2.9000 -5.2520
v -10.5900 -1.1000 -5.0450
v -10.5400 -1.1000 -5.0450
v -10.5400 -1.1000 -4.9550
v -10.5900 -1.1000 -4.9550
v -10.5900 2.9000 -5.0450
v -10.5400 2.9000 -5.0450
v -10.5400 2.9000 -4.9550
v -10.5900 2.9000 -4.9550
v -9.4600 -1.1000 -5.0450
v -9.4100 -1.1000 -5.0450
v -9.4100 -1.1000 -4.9550
v -9.4600 -1.1000 -4.9550
v -9.4600 2.9000 -5.0450
v -9.4100 2.9000 -5.0450
v -9.4100 2.9000 -4.9550
v -9.4600 2.9000 -4.9550
v -10.5900 -1.1000 -4.7480
v -10.5400 -1.1000 -4.7480
v -10.5400 -1.1000 -4.6580
v -10.5900 -1.1000 -4.6580
v -10.5900 2.9000 -4.7480
v -10.5400 2.9000 -4.7480
v -10.5400 2.9000 -4.6580
v -10.5900 2.9000 -4.6580
v -9.4600 -1.1000 -4.7480
v -9.4100 -1.1000 -4.7480
v -9.4100 -1.1000 -4.6580
v -9.4600 -1.1000 -4.6580
v -9.4600 2.9000 -4.7480
v -9.4100 2.9000 -4.7480
v -9.4100 2.9000 -4.6580
v -9.4600 2.9000 -4.6580
v -10.5665 -0.4500 -5.5665
v -9.4335 -0.4500 -5.5665
v -9.4335 -0.4500 -4.4335
v -10.5665 -0.4500 -4.4335
v -10.5665 0.4500 -5.5665
v -9.4335 0.4500 -5.5665
v -9.4335 0.4500 -4.4335
v -10.5665 0.4500 -4.4335
v -10.7150 -0.2100 -5.7150
v -9.2850 -0.2100 -5.7150
v -9.2850 -0.2100 -4.2850
v -10.7150 -0.2100 -4.2850
v -10.7150 0.2100 -5.7150
v -9.2850 0.2100 -5.7150
v -9.2850 0.2100 -4.2850
v -10.7150 0.2100 -4.2850
v -10.7370 4.8700 -5.7370
v -9.2630 4.8700 -5.7370
v -9.2630 4.8700 -4.2630
v -10.7370 4.8700 -4.2630
v -10.7370 5.2900 -5.7370
v -9.2630 5.2900 -5.7370
v -9.2630 5.2900 -4.2630
v -10.7370 5.2900 -4.2630
v -10.5500 -2.7500 4.4500
v -9.4500 -2.7500 4.4500
v -9.4500 -2.7500 5.5500
v -10.5500 -2.7500 5.5500
v -10.5500 2.7500 4.4500
v -9.4500 2.7500 4.4500
v -9.4500 2.7500 5.5500
v -10.5500 2.7500 5.5500
v -10.3420 -1.1000 4.4100
v -10.2520 -1.1000 4.4100
v -10.2520 -1.1000 4.4600
v -10.3420 -1.1000 4.4600
v -10.3420 2.9000 4.4100
v -10.2520 2.9000 4.4100
v -10.2520 2.9000 4.4600
v -10.3420 2.9000 4.4600
v -10.3420 -1.1000 5.5400
v -10.2520 -1.1000 5.5400
v -10.2520 -1.1000 5.5900
v -10.3420 -1.1000 5.5900
v -10.3420 2.9000 5.5400
v -10.2520 2.9000 5.5400
v -10.2520 2.9000 5.5900
v -10.3420 2.9000 5.5900
v -10.0450 -1.1000 4.4100
v -9.9550 -1.1000 4.4100
v -9.9550 -1.1000 4.4600
v -10.0450 -1.1000 4.4600
v -10.0450 2.9000 4.4100
v -9.9550 2.9000 4.4100
v -9.9550 2.9000 4.4600
v -10.0450 2.9000 4.4600
v -10.0450 -1.1000 5.5400
v -9.9550 -1.1000 5.5400
v -9.9550 -1.1000 5.5900
v -10.0450 -1.1000 5.5900
v -10.0450 2.9000 5.5400
v -9.9550 2.9000 5.5400
v -9.9550 2.9000 5.5900
v -10.0450 2.9000 5.5900
v -9.7480 -1.1000 4.4100
v -9.6580 -1.1000 4.4100
v -9.6580 -1.1000 4.4600
v -9.7480 -1.1000 4.4600
v -9.7480 2.9000 4.4100
v -9.6580 2.9000 4.4100
v -9.6580 2.9000 4.4600
v -9.7480 2.9000 4.4600
v -9.7480 -1.1000 5.5400
v -9.6580 -1.1000 5.5400
v -9.6580 -1.1000 5.5900
v -9.7480 -1.1000 5.5900
v -9.7480 2.9000 5.5400
v -9.6580 2.9000 5.5400
v -9.6580 2.9000 5.5900
v -9.7480 2.9000 5.5900
v -10.5900 -1.1000 4.6580
v -10.5400 -1.1000 4.6580
v -10.5400 -1.1000 4.7480
v -10.5900 -1.1000 4.7480
v -10.5900 2.9000 4.6580
v -10.5400 2.9000 4.6580
v -10.5400 2.9000 4.7480
v -10.5900 2.9000 4.7480
v -9.4600 -1.1000 4.6580
v -9.4100 -1.1000 4.6580
v -9.4100 -1.1000 4.7480
v -9.4600 -1.1000 4.7480
v -9.4600 2.9000 4.6580
v -9.4100 2.9000 4.6580
v -9.4100 2.9000 4.7480
v -9.4600 2.9000 4.7480
v -10.5900 -1.1000 4.9550
v -10.5400 -1.1000 4.9550
v -10.5400 -1.1000 5.0450
v -10.5900 -1.1000 5.0450
v -10.5900 2.9000 4.9550
v -10.5400 2.9000 4.9550
v -10.5400 2.9000 5.0450
v -10.5900 2.9000 5.0450
v -9.4600 -1.1000 4.9550
v -9.4100 -1.1000 4.9550
v -9.4100 -1.1000 5.0450
v -9.4600 -1.1000 5.0450
v -9.4600 2.9000 4.9550
v -9.4100 2.9000 4.9550
v -9.4100 2.9000 5.0450
v -9.4600 2.9000 5.0450
v -10.5900 -1.1000 5.2520
v -10.5400 -1.1000 5.2520
v -10.5400 -1.1000 5.3420
v -10.5900 -1.1000 5.3420
v -10.5900 2.9000 5.2520
v -10.5400 2.9000 5.2520
v -10.5400 2.9000 5.3420
v -10.5900 2.9000 5.3420
v -9.4600 -1.1000 5.2520
v -9.4100 -1.1000 5.2520
v -9.4100 -1.1000 5.3420
v -9.4600 -1.1000 5.3420
v -9.4600 2.9000 5.2520
v -9.4100 2.9000 5.2520
v -9.4100 2.9000 5.3420
v -9.4600 2.9000 5.3420
v -10.5665 -0.4500 4.4335
v -9.4335 -0.4500 4.4335
v -9.4335 -0.4500 5.5665
v -10.5665 -0.4500 5.5665
v -10.5665 0.4500 4.4335
v -9.4335 0.4500 4.4335
v -9.4335 0.4500 5.5665
v -10.5665 0.4500 5.5665
v -10.7150 -0.2100 4.2850
v -9.2850 -0.2100 4.2850
v -9.2850 -0.2100 5.7150
v -10.7150 -0.2100 5.7150
v -10.7150 0.2100 4.2850
v -9.2850 0.2100 4.2850
v -9.2850 0.2100 5.7150
v -10.7150 0.2100 5.7150
v -10.7370 4.8700 4.2630
v -9.2630 4.8700 4.2630
v -9.2630 4.8700 5.7370
v -10.7370 4.8700 5.7370
v -10.7370 5.2900 4.2630
v -9.2630 5.2900 4.2630
v -9.2630 5.2900 5.7370
v -10.7370 5.2900 5.7370
v -6.5500 -2.7500 -5.5500
v -5.4500 -2.7500 -5.5500
v -5.4500 -2.7500 -4.4500
v -6.5500 -2.7500 -4.4500
v -6.5500 2.7500 -5.5500
v -5.4500 2.7500 -5.5500
v -5.4500 2.7500 -4.4500
v -6.5500 2.7500 -4.4500
v -6.3420 -1.1000 -5.5900
v -6.2520 -1.1000 -5.5900
v -6.2520 -1.1000 -5.5400
v -6.3420 -1.1000 -5.5400
v -6.3420 2.9000 -5.5900
v -6.2520 2.9000 -5.5900
v -6.2520 2.9000 -5.5400
v -6.3420 2.9000 -5.5400
v -6.3420 -1.1000 -4.4600
v -6.2520 -1.1000 -4.4600
v -6.2520 -1.1000 -4.4100
v -6.3420 -1.1000 -4.4100
v -6.3420 2.9000 -4.4600
v -6.2520 2.9000 -4.4600
v -6.2520 2.9000 -4.4100
v -6.3420 2.9000 -4.4100
v -6.0450 -1.1000 -5.5900
v -5.9550 -1.1000 -5.5900
v -5.9550 -1.1000 -5.5400
v -6.0450 -1.1000 -5.5400
v -6.0450 2.9000 -5.5900
v -5.9550 2.9000 -5.5900
v -5.9550 2.9000 -5.5400
v -6.0450 2.9000 -5.5400
v -6.0450 -1.1000 -4.4600
v -5.9550 -1.1000 -4.4600
v -5.9550 -1.1000 -4.4100
v -6.0450 -1.1000 -4.4100
v -6.0450 2.9000 -4.4600
v -5.9550 2.9000 -4.4600
v -5.9550 2.9000 -4.4100
v -6.0450 2.9000 -4.4100
v -5.7480 -1.1000 -5.5900
v -5.6580 -1.1000 -5.5900
v -5.6580 -1.1000 -5.5400
v -5.7480 -1.1000 -5.5400
v -5.7480 2.9000 -5.5900
v -5.6580 2.9000 -5.5900
v -5.6580 2.9000 -5.5400
v -5.7480 2.9000 -5.5400
v -5.7480 -1.1000 -4.4600
v -5.6580 -1.1000 -4.4600
v -5.6580 -1.1000 -4.4100
v -5.7480 -1.1000 -4.4100
v -5.7480 2.9000 -4.4600
v -5.6580 2.9000 -4.4600
v -5.6580 2.9000 -4.4100
v -5.7480 2.9000 -4.4100
v -6.5900 -1.1000 -5.3420
v -6.5400 -1.1000 -5.3420
v -6.5400 -1.1000 -5.2520
v -6.5900 -1.1000 -5.2520
v -6.5900 2.9000 -5.3420
v -6.5400 2.9000 -5.3420
v -6.5400 2.9000 -5.2520
v -6.5900 2.9000 -5.2520
v -5.4600 -1.1000 -5.3420
v -5.4100 -1.1000 -5.3420
v -5.4100 -1.1000 -5.2520
v -5.4600 -1.1000 -5.2520
v -5.4600 2.9000 -5.3420
v -5.4100 2.9000 -5.3420
v -5.4100 2.9000 -5.2520
v -5.4600 2.9000 -5.2520
v -6.5900 -1.1000 -5.0450
v -6.5400 -1.1000 -5.0450
v -6.5400 -1.1000 -4.9550
v -6.5900 -1.1000 -4.9550
v -6.5900 2.9000 -5.0450
v -6.5400 2.9000 -5.0450
v -6.5400 2.9000 -4.9550
v -6.5900 2.9000 -4.9550
v -5.4600 -1.1000 -5.0450
v -5.4100 -1.1000 -5.0450
v -5.4100 -1.1000 -4.9550
v -5.4600 -1.1000 -4.9550
v -5.4600 2.9000 -5.0450
v -5.4100 2.9000 -5.0450
v -5.4100 2.9000 -4.9550
v -5.4600 2.9000 -4.9550
v -6.5900 -1.1000 -4.7480
v -6.5400 -1.1000 -4.7480
v -6.5400 -1.1000 -4.6580
v -6.5900 -1.1000 -4.6580
v -6.5900 2.9000 -4.7480
v -6.5400 2.9000 -4.7480
v -6.5400 2.9000 -4.6580
v -6.5900 2.9000 -4.6580
v -5.4600 -1.1000 -4.7480
v -5.4100 -1.1000 -4.7480
v -5.4100 -1.1000 -4.6580
v -5.4600 -1.1000 -4.6580
v -5.4600 2.9000 -4.7480
v -5.4100 2.9000 -4.7480
v -5.4100 2.9000 -4.6580
v -5.4600 2.9000 -4.6580
v -6.5665 -0.4500 -5.5665
v -5.4335 -0.4500 -5.5665
v -5.4335 -0.4500 -4.4335
v -6.5665 -0.4500 -4.4335
v -6.5665 0.4500 -5.5665
v -5.4335 0.4500 -5.5665
v -5.4335 0.4500 -4.4335
v -6.5665 0.4500 -4.4335
v -6.7150 -0.2100 -5.7150
v -5.2850 -0.2100 -5.7150
v -5.2850 -0.2100 -4.2850
v -6.7150 -0.2100 -4.2850
v -6.7150 0.2100 -5.7150
v -5.2850 0.2100 -5.7150
v -5.2850 0.2100 -4.2850
v -6.7150 0.2100 -4.2850
v -6.7370 4.8700 -5.7370
v -5.2630 4.8700 -5.7370
v -5.2630 4.8700 -4.2630
v -6.7370 4.8700 -4.2630
v -6.7370 5.2900 -5.7370
v -5.2630 5.2900 -5.7370
v -5.2630 5.2900 -4.2630
v -6.7370 5.2900 -4.2630
v -6.5500 -2.7500 4.4500
v -5.4500 -2.7500 4.4500
v -5.4500 -2.7500 5.5500
v -6.5500 -2.7500 5.5500
v -6.5500 2.7500 4.4500
v -5.4500 2.7500 4.4500
v -5.4500 2.7500 5.5500
v -6.5500 2.7500 5.5500
v -6.3420 -1.1000 4.4100
v -6.2520 -1.1000 4.4100
v -6.2520 -1.1000 4.4600
v -6.3420 -1.1000 4.4600
v -6.3420 2.9000 4.4100
v -6.2520 2.9000 4.4100
v -6.2520 2.9000 4.4600
v -6.3420 2.9000 4.4600
v -6.3420 -1.1000 5.5400
v -6.2520 -1.1000 5.5400
v -6.2520 -1.1000 5.5900
v -6.3420 -1.1000 5.5900
v -6.3420 2.9000 5.5400
v -6.2520 2.9000 5.5400
v -6.2520 2.9000 5.5900
v -6.3420 2.9000 5.5900
v -6.0450 -1.1000 4.4100
v -5.9550 -1.1000 4.4100
v -5.9550 -1.1000 4.4600
v -6.0450 -1.1000 4.4600
v -6.0450 2.9000 4.4100
v -5.9550 2.9000 4.4100
v -5.9550 2.9000 4.4600
v -6.0450 2.9000 4.4600
v -6.0450 -1.1000 5.5400
v -5.9550 -1.1000 5.5400
v -5.9550 -1.1000 5.5900
v -6.0450 -1.1000 5.5900
v -6.0450 2.9000 5.5400
v -5.9550 2.9000 5.5400
v -5.9550 2.9000 5.5900
v -6.0450 2.9000 5.5900
v -5.7480 -1.1000 4.4100
v -5.6580 -1.1000 4.4100
v -5.6580 -1.1000 4.4600
v -5.7480 -1.1000 4.4600
v -5.7480 2.9000 4.4100
v -5.6580 2.9000 4.4100
v -5.6580 2.9000 4.4600
v -5.7480 2.9000 4.4600
v -5.7480 -1.1000 5.5400
v -5.6580 -1.1000 5.5400
v -5.6580 -1.1000 5.5900
v -5.7480 -1.1000 5.5900
v -5.7480 2.9000 5.5400
v -5.6580 2.9000 5.5400
v -5.6580 2.9000 5.5900
v -5.7480 2.9000 5.5900
v -6.5900 -1.1000 4.6580
v -6.5400 -1.1000 4.6580
v -6.5400 -1.1000 4.7480
v -6.5900 -1.1000 4.7480
v -6.5900 2.9000 4.6580
v -6.5400 2.9000 4.6580
v -6.5400 2.9000 4.7480
v -6.5900 2.9000 4.7480
v -5.4600 -1.1000 4.6580
v -5.4100 -1.1000 4.6580
v -5.4100 -1.1000 4.7480
v -5.4600 -1.1000 4.7480
v -5.4600 2.9000 4.6580
v -5.4100 2.9000 4.6580
v -5.4100 2.9000 4.7480
v -5.4600 2.9000 4.7480
v -6.5900 -1.1000 4.9550
v -6.5400 -1.1000 4.9550
v -6.5400 -1.1000 5.0450
v -6.5900 -1.1000 5.0450
v -6.5900 2.9000 4.9550
v -6.5400 2.9000 4.9550
v -6.5400 2.9000 5.0450
v -6.5900 2.9000 5.0450
v -5.4600 -1.1000 4.9550
v -5.4100 -1.1000 4.9550
v -5.4100 -1.1000 5.0450
v -5.4600 -1.1000 5.0450
v -5.4600 2.9000 4.9550
v -5.4100 2.9000 4.9550
v -5.4100 2.9000 5.0450
v -5.4600 2.9000 5.0450
v -6.5900 -1.1000 5.2520
v -6.5400 -1.1000 5.2520
v -6.5400 -1.1000 5.3420
v -6.5900 -1.1000 5.3420
v -6.5900 2.9000 5.2520
v -6.5400 2.9000 5.2520
v -6.5400 2.9000 5.3420
v -6.5900 2.9000 5.3420
v -5.4600 -1.1000 5.2520
v -5.4100 -1.1000 5.2520
v -5.4100 -1.1000 5.3420
v -5.4600 -1.1000 5.3420
v -5.4600 2.9000 5.2520
v -5.4100 2.9000 5.2520
v -5.4100 2.9000 5.3420
v -5.4600 2.9000 5.3420
v -6.5665 -0.4500 4.4335
v -5.4335 -0.4500 4.4335
v -5.4335 -0.4500 5.5665
v -6.5665 -0.4500 5.5665
v -6.5665 0.4500 4.4335
v -5.4335 0.4500 4.4335
v -5.4335 0.4500 5.5665
v -6.5665 0.4500 5.5665
v -6.7150 -0.2100 4.2850
v -5.2850 -0.2100 4.2850
v -5.2850 -0.2100 5.7150
v -6.7150 -0.2100 5.7150
v -6.7150 0.2100 4.2850
v -5.2850 0.2100 4.2850
v -5.2850 0.2100 5.7150
v -6.7150 0.2100 5.7150
v -6.7370 4.8700 4.2630
v -5.2630 4.8700 4.2630
v -5.2630 4.8700 5.7370
v -6.7370 4.8700 5.7370
v -6.7370 5.2900 4.2630
v -5.2630 5.2900 4.2630
v -5.2630 5.2900 5.7370
v -6.7370 5.2900 5.7370
v -2.5500 -2.7500 -5.5500
v -1.4500 -2.7500 -5.5500
v -1.4500 -2.7500 -4.4500
v -2.5500 -2.7500 -4.4500
v -2.5500 2.7500 -5.5500
v -1.4500 2.7500 -5.5500
v -1.4500 2.7500 -4.4500
v -2.5500 2.7500 -4.4500
v -2.3420 -1.1000 -5.5900
v -2.2520 -1.1000 -5.5900
v -2.2520 -1.1000 -5.5400
v -2.3420 -1.1000 -5.5400
v -2.3420 2.9000 -5.5900
v -2.2520 2.9000 -5.5900
v -2.2520 2.9000 -5.5400
v -2.3420 2.9000 -5.5400
v -2.3420 -1.1000 -4.4600
v -2.2520 -1.1000 -4.4600
v -2.2520 -1.1000 -4.4100
v -2.3420 -1.1000 -4.4100
v -2.3420 2.9000 -4.4600
v -2.2520 2.9000 -4.4600
v -2.2520 2.9000 -4.4100
v -2.3420 2.9000 -4.4100
v -2.0450 -1.1000 -5.5900
v -1.9550 -1.1000 -5.5900
v -1.9550 -1.1000 -5.5400
v -2.0450 -1.1000 -5.5400
v -2.0450 2.9000 -5.5900
v -1.9550 2.9000 -5.5900
v -1.9550 2.9000 -5.5400
v -2.0450 2.9000 -5.5400
v -2.0450 -1.1000 -4.4600
v -1.9550 -1.1000 -4.4600
v -1.9550 -1.1000 -4.4100
v -2.0450 -1.1000 -4.4100
v -2.0450 2.9000 -4.4600
v -1.9550 2.9000 -4.4600
v -1.9550 2.9000 -4.4100
v -2.0450 2.9000 -4.4100
v -1.7480 -1.1000 -5.5900
v -1.6580 -1.1000 -5.5900
v -1.6580 -1.1000 -5.5400
v -1.7480 -1.1000 -5.5400
v -1.7480 2.9000 -5.5900
v -1.6580 2.9000 -5.5900
v -1.6580 2.9000 -5.5400
v -1.7480 2.9000 -5.5400
v -1.7480 -1.1000 -4.4600
v -1.6580 -1.1000 -4.4600
v -1.6580 -1.1000 -4.4100
v -1.7480 -1.1000 -4.4100
v -1.7480 2.9000 -4.4600
v -1.6580 2.9000 -4.4600
v -1.6580 2.9000 -4.4100
v -1.7480 2.9000 -4.4100
v -2.5900 -1.1000 -5.3420
v -2.5400 -1.1000 -5.3420
v -2.5400 -1.1000 -5.2520
v -2.5900 -1.1000 -5.2520
v -2.5900 2.9000 -5.3420
v -2.5400 2.9000 -5.3420
v -2.5400 2.9000 -5.2520
v -2.5900 2.9000 -5.2520
v -1.4600 -1.1000 -5.3420
v -1.4100 -1.1000 -5.3420
v -1.4100 -1.1000 -5.2520
v -1.4600 -1.1000 -5.2520
v -1.4600 2.9000 -5.3420
v -1.4100 2.9000 -5.3420
v -1.4100 2.9000 -5.2520
v -1.4600 2.9000 -5.2520
v -2.5900 -1.1000 -5.0450
v -2.5400 -1.1000 -5.0450
v -2.5400 -1.1000 -4.9550
v -2.5900 -1.1000 -4.9550
v -2.5900 2.9000 -5.0450
v -2.5400 2.9000 -5.0450
v -2.5400 2.9000 -4.9550
v -2.5900 2.9000 -4.9550
v -1.4600 -1.1000 -5.0450
v -1.4100 -1.1000 -5.0450
v -1.4100 -1.1000 -4.9550
v -1.4600 -1.1000 -4.9550
v -1.4600 2.9000 -5.0450
v -1.4100 2.9000 -5.0450
v -1.4100 2.9000 -4.9550
v -1.4600 2.9000 -4.9550
v -2.5900 -1.1000 -4.7480
v -2.5400 -1.1000 -4.7480
v -2.5400 -1.1000 -4.6580
v -2.5900 -1.1000 -4.6580
v -2.5900 2.9000 -4.7480
v -2.5400 2.9000 -4.7480
v -2.5400 2.9000 -4.6580
v -2.5900 2.9000 -4.6580
v -1.4600 -1.1000 -4.7480
v -1.4100 -1.1000 -4.7480
v -1.4100 -1.1000 -4.6580
v -1.4600 -1.1000 -4.6580
v -1.4600 2.9000 -4.7480
v -1.4100 2.9000 -4.7480
v -1.4100 2.9000 -4.6580
v -1.4600 2.9000 -4.6580
v -2.5665 -0.4500 -5.5665
v -1.4335 -0.4500 -5.5665
v -1.4335 -0.4500 -4.4335
v -2.5665 -0.4500 -4.4335
v -2.5665 0.4500 -5.5665
v -1.4335 0.4500 -5.5665
v -1.4335 0.4500 -4.4335
v -2.5665 0.4500 -4.4335
v -2.7150 -0.2100 -5.7150
v -1.2850 -0.2100 -5.7150
v -1.2850 -0.2100 -4.2850
v -2.7150 -0.2100 -4.2850
v -2.7150 0.2100 -5.7150
v -1.2850 0.2100 -5.7150
v -1.2850 0.2100 -4.2850
v -2.7150 0.2100 -4.2850
v -2.7370 4.8700 -5.7370
v -1.2630 4.8700 -5.7370
v -1.2630 4.8700 -4.2630
v -2.7370 4.8700 -4.2630
v -2.7370 5.2900 -5.7370
v -1.2630 5.2900 -5.7370
v -1.2630 5.2900 -4.2630
v -2.7370 5.2900 -4.2630
v -2.5500 -2.7500 4.4500
v -1.4500 -2.7500 4.4500
v -1.4500 -2.7500 5.5500
v -2.5500 -2.7500 5.5500
v -2.5500 2.7500 4.4500
v -1.4500 2.7500 4.4500
v -1.4500 2.7500 5.5500
v -2.5500 2.7500 5.5500
v -2.3420 -1.1000 4.4100
v -2.2520 -1.1000 4.4100
v -2.2520 -1.1000 4.4600
v -2.3420 -1.1000 4.4600
v -2.3420 2.9000 4.4100
v -2.2520 2.9000 4.4100
v -2.2520 2.9000 4.4600
v -2.3420 2.9000 4.4600
v -2.3420 -1.1000 5.5400
v -2.2520 -1.1000 5.5400
v -2.2520 -1.1000 5.5900
v -2.3420 -1.1000 5.5900
v -2.3420 2.9000 5.5400
v -2.2520 2.9000 5.5400
v -2.2520 2.9000 5.5900
v -2.3420 2.9000 5.5900
v -2.0450 -1.1000 4.4100
v -1.9550 -1.1000 4.4100
v -1.9550 -1.1000 4.4600
v -2.0450 -1.1000 4.4600
v -2.0450 2.9000 4.4100
v -1.9550 2.9000 4.4100
v -1.9550 2.9000 4.4600
v -2.0450 2.9000 4.4600
v -2.0450 -1.1000 5.5400
v -1.9550 -1.1000 5.5400
v -1.9550 -1.1000 5.5900
v -2.0450 -1.1000 5.5900
v -2.0450 2.9000 5.5400
v -1.9550 2.9000 5.5400
v -1.9550 2.9000 5.5900
v -2.0450 2.9000 5.5900
v -1.7480 -1.1000 4.4100
v -1.6580 -1.1000 4.4100
v -1.6580 -1.1000 4.4600
v -1.7480 -1.1000 4.4600
v -1.7480 2.9000 4.4100
v -1.6580 2.9000 4.4100
v -1.6580 2.9000 4.4600
v -1.7480 2.9000 4.4600
v -1.7480 -1.1000 5.5400
v -1.6580 -1.1000 5.5400
v -1.6580 -1.1000 5.5900
v -1.7480 -1.1000 5.5900
v -1.7480 2.9000 5.5400
v -1.6580 2.9000 5.5400
v -1.6580 2.9000 5.5900
v -1.7480 2.9000 5.5900
v -2.5900 -1.1000 4.6580
v -2.5400 -1.1000 4.6580
v -2.5400 -1.1000 4.7480
v -2.5900 -1.1000 4.7480
v -2.5900 2.9000 4.6580
v -2.5400 2.9000 4.6580
v -2.5400 2.9000 4.7480
v -2.5900 2.9000 4.7480
v -1.4600 -1.1000 4.6580
v -1.4100 -1.1000 4.6580
v -1.4100 -1.1000 4.7480
v -1.4600 -1.1000 4.7480
v -1.4600 2.9000 4.6580
v -1.4100 2.9000 4.6580
v -1.4100 2.9000 4.7480
v -1.4600 2.9000 4.7480
v -2.5900 -1.1000 4.9550
v -2.5400 -1.1000 4.9550
v -2.5400 -1.1000 5.0450
v -2.5900 -1.1000 5.0450
v -2.5900 2.9000 4.9550
v -2.5400 2.9000 4.9550
v -2.5400 2.9000 5.0450
v -2.5900 2.9000 5.0450
v -1.4600 -1.1000 4.9550
v -1.4100 -1.1000 4.9550
v -1.4100 -1.1000 5.0450
v -1.4600 -1.1000 5.0450
v -1.4600 2.9000 4.9550
v -1.4100 2.9000 4.9550
v -1.4100 2.9000 5.0450
v -1.4600 2.9000 5.0450
v -2.5900 -1.1000 5.2520
v -2.5400 -1.1000 5.2520
v -2.5400 -1.1000 5.3420
v -2.5900 -1.1000 5.3420
v -2.5900 2.9000 5.2520
v -2.5400 2.9000 5.2520
v -2.5400 2.9000 5.3420
v -2.5900 2.9000 5.3420
v -1.4600 -1.1000 5.2520
v -1.4100 -1.1000 5.2520
v -1.4100 -1.1000 5.3420
v -1.4600 -1.1000 5.3420
v -1.4600 2.9000 5.2520
v -1.4100 2.9000 5.2520
v -1.4100 2.9000 5.3420
v -1.4600 2.9000 5.3420
v -2.5665 -0.4500 4.4335
v -1.4335 -0.4500 4.4335
v -1.4335 -0.4500 5.5665
v -2.5665 -0.4500 5.5665
v -2.5665 0.4500 4.4335
v -1.4335 0.4500 4.4335
v -1.4335 0.4500 5.5665
v -2.5665 0.4500 5.5665
v -2.7150 -0.2100 4.2850
v -1.2850 -0.2100 4.2850
v -1.2850 -0.2100 5.7150
v -2.7150 -0.2100 5.7150
v -2.7150 0.2100 4.2850
v -1.2850 0.2100 4.2850
v -1.2850 0.2100 5.7150
v -2.7150 0.2100 5.7150
v -2.7370 4.8700 4.2630
v -1.2630 4.8700 4.2630
v -1.2630 4.8700 5.7370
v -2.7370 4.8700 5.7370
v -2.7370 5.2900 4.2630
v -1.2630 5.2900 4.2630
v -1.2630 5.2900 5.7370
v -2.7370 5.2900 5.7370
v 1.4500 -2.7500 -5.5500
v 2.5500 -2.7500 -5.5500
v 2.5500 -2.7500 -4.4500
v 1.4500 -2.7500 -4.4500
v 1.4500 2.7500 -5.5500
v 2.5500 2.7500 -5.5500
v 2.5500 2.7500 -4.4500
v 1.4500 2.7500 -4.4500
v 1.6580 -1.1000 -5.5900
v 1.7480 -1.1000 -5.5900
v 1.7480 -1.1000 -5.5400
v 1.6580 -1.1000 -5.5400
v 1.6580 2.9000 -5.5900
v 1.7480 2.9000 -5.5900
v 1.7480 2.9000 -5.5400
v 1.6580 2.9000 -5.5400
v 1.6580 -1.1000 -4.4600
v 1.7480 -1.1000 -4.4600
v 1.7480 -1.1000 -4.4100
v 1.6580 -1.1000 -4.4100
v 1.6580 2.9000 -4.4600
v 1.7480 2.9000 -4.4600
v 1.7480 2.9000 -4.4100
v 1.6580 2.9000 -4.4100
v 1.9550 -1.1000 -5.5900
v 2.0450 -1.1000 -5.5900
v 2.0450 -1.1000 -5.5400
v 1.9550 -1.1000 -5.5400
v 1.9550 2.9000 -5.5900
v 2.0450 2.9000 -5.5900
v 2.0450 2.9000 -5.5400
v 1.9550 2.9000 -5.5400
v 1.9550 -1.1000 -4.4600
v 2.0450 -1.1000 -4.4600
v 2.0450 -1.1000 -4.4100
v 1.9550 -1.1000 -4.4100
v 1.9550 2.9000 -4.4600
v 2.0450 2.9000 -4.4600
v 2.0450 2.9000 -4.4100
v 1.9550 2.9000 -4.4100
v 2.2520 -1.1000 -5.5900
v 2.3420 -1.1000 -5.5900
v 2.3420 -1.1000 -5.5400
v 2.2520 -1.1000 -5.5400
v 2.2520 2.9000 -5.5900
v 2.3420 2.9000 -5.5900
v 2.3420 2.9000 -5.5400
v 2.2520 2.9000 -5.5400
v 2.2520 -1.1000 -4.4600
v 2.3420 -1.1000 -4.4600
v 2.3420 -1.1000 -4.4100
v 2.2520 -1.1000 -4.4100
v 2.2520 2.9000 -4.4600
v 2.3420 2.9000 -4.4600
v 2.3420 2.9000 -4.4100
v 2.2520 2.9000 -4.4100
v 1.4100 -1.1000 -5.3420
v 1.4600 -1.1000 -5.3420
v 1.4600 -1.1000 -5.2520
v 1.4100 -1.1000 -5.2520
v 1.4100 2.9000 -5.3420
v 1.4600 2.9000 -5.3420
v 1.4600 2.9000 -5.2520
v 1.4100 2.9000 -5.2520
v 2.5400 -1.1000 -5.3420
v 2.5900 -1.1000 -5.3420
v 2.5900 -1.1000 -5.2520
v 2.5400 -1.1000 -5.2520
v 2.5400 2.9000 -5.3420
v 2.5900 2.9000 -5.3420
v 2.5900 2.9000 -5.2520
v 2.5400 2.9000 -5.2520
v 1.4100 -1.1000 -5.0450
v 1.4600 -1.1000 -5.0450
v 1.4600 -1.1000 -4.9550
v 1.4100 -1.1000 -4.9550
v 1.4100 2.9000 -5.0450
v 1.4600 2.9000 -5.0450
v 1.4600 2.9000 -4.9550
v 1.4100 2.9000 -4.9550
v 2.5400 -1.1000 -5.0450
v 2.5900 -1.1000 -5.0450
v 2.5900 -1.1000 -4.9550
v 2.5400 -1.1000 -4.9550
v 2.5400 2.9000 -5.0450
v 2.5900 2.9000 -5.0450
v 2.5900 2.9000 -4.9550
v 2.5400 2.9000 -4.9550
v 1.4100 -1.1000 -4.7480
v 1.4600 -1.1000 -4.7480
v 1.4600 -1.1000 -4.6580
v 1.4100 -1.1000 -4.6580
v 1.4100 2.9000 -4.7480
v 1.4600 2.9000 -4.7480
v 1.4600 2.9000 -4.6580
v 1.4100 2.9000 -4.6580
v 2.5400 -1.1000 -4.7480
v 2.5900 -1.1000 -4.7480
v 2.5900 -1.1000 -4.6580
v 2.5400 -1.1000 -4.6580
v 2.5400 2.9000 -4.7480
v 2.5900 2.9000 -4.7480
v 2.5900 2.9000 -4.6580
v 2.5400 2.9000 -4.6580
v 1.4335 -0.4500 -5.5665
v 2.5665 -0.4500 -5.5665
v 2.5665 -0.4500 -4.4335
v 1.4335 -0.4500 -4.4335
v 1.4335 0.4500 -5.5665
v 2.5665 0.4500 -5.5665
v 2.5665 0.4500 -4.4335
v 1.4335 0.4500 -4.4335
v 1.2850 -0.2100 -5.7150
v 2.7150 -0.2100 -5.7150
v 2.7150 -0.2100 -4.2850
v 1.2850 -0.2100 -4.2850
v 1.2850 0.2100 -5.7150
v 2.7150 0.2100 -5.7150
v 2.7150 0.2100 -4.2850
v 1.2850 0.2100 -4.2850
v 1.2630 4.8700 -5.7370
v 2.7370 4.8700 -5.7370
v 2.7370 4.8700 -4.2630
v 1.2630 4.8700 -4.2630
v 1.2630 5.2900 -5.7370
v 2.7370 5.2900 -5.7370
v 2.7370 5.2900 -4.2630
v 1.2630 5.2900 -4.2630
v 1.4500 -2.7500 4.4500
v 2.5500 -2.7500 4.4500
v 2.5500 -2.7500 5.5500
v 1.4500 -2.7500 5.5500
v 1.4500 2.7500 4.4500
v 2.5500 2.7500 4.4500
v 2.5500 2.7500 5.5500
v 1.4500 2.7500 5.5500
v 1.6580 -1.1000 4.4100
v 1.7480 -1.1000 4.4100
v 1.7480 -1.1000 4.4600
v 1.6580 -1.1000 4.4600
v 1.6580 2.9000 4.4100
v 1.7480 2.9000 4.4100
v 1.7480 2.9000 4.4600
v 1.6580 2.9000 4.4600
v 1.6580 -1.1000 5.5400
v 1.7480 -1.1000 5.5400
v 1.7480 -1.1000 5.5900
v 1.6580 -1.1000 5.5900
v 1.6580 2.9000 5.5400
v 1.7480 2.9000 5.5400
v 1.7480 2.9000 5.5900
v 1.6580 2.9000 5.5900
v 1.9550 -1.1000 4.4100
v 2.0450 -1.1000 4.4100
v 2.0450 -1.1000 4.4600
v 1.9550 -1.1000 4.4600
v 1.9550 2.9000 4.4100
v 2.0450 2.9000 4.4100
v 2.0450 2.9000 4.4600
v 1.9550 2.9000 4.4600
v 1.9550 -1.1000 5.5400
v 2.0450 -1.1000 5.5400
v 2.0450 -1.1000 5.5900
v 1.9550 -1.1000 5.5900
v 1.9550 2.9000 5.5400
v 2.0450 2.9000 5.5400
v 2.0450 2.9000 5.5900
v 1.9550 2.9000 5.5900
v 2.2520 -1.1000 4.4100
v 2.3420 -1.1000 4.4100
v 2.3420 -1.1000 4.4600
v 2.2520 -1.1000 4.4600
v 2.2520 2.9000 4.4100
v 2.3420 2.9000 4.4100
v 2.3420 2.9000 4.4600
v 2.2520 2.9000 4.4600
v 2.2520 -1.1000 5.5400
v 2.3420 -1.1000 5.5400
v 2.3420 -1.1000 5.5900
v 2.2520 -1.1000 5.5900
v 2.2520 2.9000 5.5400
v 2.3420 2.9000 5.5400
v 2.3420 2.9000 5.5900
v 2.2520 2.9000 5.5900
v 1.4100 -1.1000 4.6580
v 1.4600 -1.1000 4.6580
v 1.4600 -1.1000 4.7480
v 1.4100 -1.1000 4.7480
v 1.4100 2.9000 4.6580
v 1.4600 2.9000 4.6580
v 1.4600 2.9000 4.7480
v 1.4100 2.9000 4.7480
v 2.5400 -1.1000 4.6580
v 2.5900 -1.1000 4.6580
v 2.5900 -1.1000 4.7480
v 2.5400 -1.1000 4.7480
v 2.5400 2.9000 4.6580
v 2.5900 2.9000 4.6580
v 2.5900 2.9000 4.7480
v 2.5400 2.9000 4.7480
v 1.4100 -1.1000 4.9550
v 1.4600 -1.1000 4.9550
v 1.4600 -1.1000 5.0450
v 1.4100 -1.1000 5.0450
v 1.4100 2.9000 4.9550
v 1.4600 2.9000 4.9550
v 1.4600 2.9000 5.0450
v 1.4100 2.9000 5.0450
v 2.5400 -1.1000 4.9550
v 2.5900 -1.1000 4.9550
v 2.5900 -1.1000 5.0450
v 2.5400 -1.1000 5.0450
v 2.5400 2.9000 4.9550
v 2.5900 2.9000 4.9550
v 2.5900 2.9000 5.0450
v 2.5400 2.9000 5.0450
v 1.4100 -1.1000 5.2520
v 1.4600 -1.1000 5.2520
v 1.4600 -1.1000 5.3420
v 1.4100 -1.1000 5.3420
v 1.4100 2.9000 5.2520
v 1.4600 2.9000 5.2520
v 1.4600 2.9000 5.3420
v 1.4100 2.9000 5.3420
v 2.5400 -1.1000 5.2520
v 2.5900 -1.1000 5.2520
v 2.5900 -1.1000 5.3420
v 2.5400 -1.1000 5.3420
v 2.5400 2.9000 5.2520
v 2.5900 2.9000 5.2520
v 2.5900 2.9000 5.3420
v 2.5400 2.9000 5.3420
v 1.4335 -0.4500 4.4335
v 2.5665 -0.4500 4.4335
v 2.5665 -0.4500 5.5665
v 1.4335 -0.4500 5.5665
v 1.4335 0.4500 4.4335
v 2.5665 0.4500 4.4335
v 2.5665 0.4500 5.5665
v 1.4335 0.4500 5.5665
v 1.2850 -0.2100 4.2850
v 2.7150 -0.2100 4.2850
v 2.7150 -0.2100 5.7150
v 1.2850 -0.2100 5.7150
v 1.2850 0.2100 4.2850
v 2.7150 0.2100 4.2850
v 2.7150 0.2100 5.7150
v 1.2850 0.2100 5.7150
v 1.2630 4.8700 4.2630
v 2.7370 4.8700 4.2630
v 2.7370 4.8700 5.7370
v 1.2630 4.8700 5.7370
v 1.2630 5.2900 4.2630
v 2.7370 5.2900 4.2630
v 2.7370 5.2900 5.7370
v 1.2630 5.2900 5.7370
v 5.4500 -2.7500 -5.5500
v 6.5500 -2.7500 -5.5500
v 6.5500 -2.7500 -4.4500
v 5.4500 -2.7500 -4.4500
v 5.4500 2.7500 -5.5500
v 6.5500 2.7500 -5.5500
v 6.5500 2.7500 -4.4500
v 5.4500 2.7500 -4.4500
v 5.6580 -1.1000 -5.5900
v 5.7480 -1.1000 -5.5900
v 5.7480 -1.1000 -5.5400
v 5.6580 -1.1000 -5.5400
v 5.6580 2.9000 -5.5900
v 5.7480 2.9000 -5.5900
v 5.7480 2.9000 -5.5400
v 5.6580 2.9000 -5.5400
v 5.6580 -1.1000 -4.4600
v 5.7480 -1.1000 -4.4600
v 5.7480 -1.1000 -4.4100
v 5.6580 -1.1000 -4.4100
v 5.6580 2.9000 -4.4600
v 5.7480 2.9000 -4.4600
v 5.7480 2.9000 -4.4100
v 5.6580 2.9000 -4.4100
v 5.9550 -1.1000 -5.5900
v 6.0450 -1.1000 -5.5900
v 6.0450 -1.1000 -5.5400
v 5.9550 -1.1000 -5.5400
v 5.9550 2.9000 -5.5900
v 6.0450 2.9000 -5.5900
v 6.0450 2.9000 -5.5400
v 5.9550 2.9000 -5.5400
v 5.9550 -1.1000 -4.4600
v 6.0450 -1.1000 -4.4600
v 6.0450 -1.1000 -4.4100
v 5.9550 -1.1000 -4.4100
v 5.9550 2.9000 -4.4600
v 6.0450 2.9000 -4.4600
v 6.0450 2.9000 -4.4100
v 5.9550 2.9000 -4.4100
v 6.2520 -1.1000 -5.5900
v 6.3420 -1.1000 -5.5900
v 6.3420 -1.1000 -5.5400
v 6.2520 -1.1000 -5.5400
v 6.2520 2.9000 -5.5900
v 6.3420 2.9000 -5.5900
v 6.3420 2.9000 -5.5400
v 6.2520 2.9000 -5.5400
v 6.2520 -1.1000 -4.4600
v 6.3420 -1.1000 -4.4600
v 6.3420 -1.1000 -4.4100
v 6.2520 -1.1000 -4.4100
v 6.2520 2.9000 -4.4600
v 6.3420 2.9000 -4.4600
v 6.3420 2.9000 -4.4100
v 6.2520 2.9000 -4.4100
v 5.4100 -1.1000 -5.3420
v 5.4600 -1.1000 -5.3420
v 5.4600 -1.1000 -5.2520
v 5.4100 -1.1000 -5.2520
v 5.4100 2.9000 -5.3420
v 5.4600 2.9000 -5.3420
v 5.4600 2.9000 -5.2520
v 5.4100 2.9000 -5.2520
v 6.5400 -1.1000 -5.3420
v 6.5900 -1.1000 -5.3420
v 6.5900 -1.1000 -5.2520
v 6.5400 -1.1000 -5.2520
v 6.5400 2.9000 -5.3420
v 6.5900 2.9000 -5.3420
v 6.5900 2.9000 -5.2520
v 6.5400 2.9000 -5.2520
v 5.4100 -1.1000 -5.0450
v 5.4600 -1.1000 -5.0450
v 5.4600 -1.1000 -4.9550
v 5.4100 -1.1000 -4.9550
v 5.4100 2.9000 -5.0450
v 5.4600 2.9000 -5.0450
v 5.4600 2.9000 -4.9550
v 5.4100 2.9000 -4.9550
v 6.5400 -1.1000 -5.0450
v 6.5900 -1.1000 -5.0450
v 6.5900 -1.1000 -4.9550
v 6.5400 -1.1000 -4.9550
v 6.5400 2.9000 -5.0450
v 6.5900 2.9000 -5.0450
v 6.5900 2.9000 -4.9550
v 6.5400 2.9000 -4.9550
v 5.4100 -1.1000 -4.7480
v 5.4600 -1.1000 -4.7480
v 5.4600 -1.1000 -4.6580
v 5.4100 -1.1000 -4.6580
v 5.4100 2.9000 -4.7480
v 5.4600 2.9000 -4.7480
v 5.4600 2.9000 -4.6580
v 5.4100 2.9000 -4.6580
v 6.5400 -1.1000 -4.7480
v 6.5900 -1.1000 -4.7480
v 6.5900 -1.1000 -4.6580
v 6.5400 -1.1000 -4.6580
v 6.5400 2.9000 -4.7480
v 6.5900 2.9000 -4.7480
v 6.5900 2.9000 -4.6580
v 6.5400 2.9000 -4.6580
v 5.4335 -0.4500 -5.5665
v 6.5665 -0.4500 -5.5665
v 6.5665 -0.4500 -4.4335
v 5.4335 -0.4500 -4.4335
v 5.4335 0.4500 -5.5665
v 6.5665 0.4500 -5.5665
v 6.5665 0.4500 -4.4335
v 5.4335 0.4500 -4.4335
v 5.2850 -0.2100 -5.7150
v 6.7150 -0.2100 -5.7150
v 6.7150 -0.2100 -4.2850
v 5.2850 -0.2100 -4.2850
v 5.2850 0.2100 -5.7150
v 6.7150 0.2100 -5.7150
v 6.7150 0.2100 -4.2850
v 5.2850 0.2100 -4.2850
v 5.2630 4.8700 -5.7370
v 6.7370 4.8700 -5.7370
v 6.7370 4.8700 -4.2630
v 5.2630 4.8700 -4.2630
v 5.2630 5.2900 -5.7370
v 6.7370 5.2900 -5.7370
v 6.7370 5.2900 -4.2630
v 5.2630 5.2900 -4.2630
v 5.4500 -2.7500 4.4500
v 6.5500 -2.7500 4.4500
v 6.5500 -2.7500 5.5500
v 5.4500 -2.7500 5.5500
v 5.4500 2.7500 4.4500
v 6.5500 2.7500 4.4500
v 6.5500 2.7500 5.5500
v 5.4500 2.7500 5.5500
v 5.6580 -1.1000 4.4100
v 5.7480 -1.1000 4.4100
v 5.7480 -1.1000 4.4600
v 5.6580 -1.1000 4.4600
v 5.6580 2.9000 4.4100
v 5.7480 2.9000 4.4100
v 5.7480 2.9000 4.4600
v 5.6580 2.9000 4.4600
v 5.6580 -1.1000 5.5400
v 5.7480 -1.1000 5.5400
v 5.7480 -1.1000 5.5900
v 5.6580 -1.1000 5.5900
v 5.6580 2.9000 5.5400
v 5.7480 2.9000 5.5400
v 5.7480 2.9000 5.5900
v 5.6580 2.9000 5.5900
v 5.9550 -1.1000 4.4100
v 6.0450 -1.1000 4.4100
v 6.0450 -1.1000 4.4600
v 5.9550 -1.1000 4.4600
v 5.9550 2.9000 4.4100
v 6.0450 2.9000 4.4100
v 6.0450 2.9000 4.4600
v 5.9550 2.9000 4.4600
v 5.9550 -1.1000 5.5400
v 6.0450 -1.1000 5.5400
v 6.0450 -1.1000 5.5900
v 5.9550 -1.1000 5.5900
v 5.9550 2.9000 5.5400
v 6.0450 2.9000 5.5400
v 6.0450 2.9000 5.5900
v 5.9550 2.9000 5.5900
v 6.2520 -1.1000 4.4100
v 6.3420 -1.1000 4.4100
v 6.3420 -1.1000 4.4600
v 6.2520 -1.1000 4.4600
v 6.2520 2.9000 4.4100
v 6.3420 2.9000 4.4100
v 6.3420 2.9000 4.4600
v 6.2520 2.9000 4.4600
v 6.2520 -1.1000 5.5400
v 6.3420 -1.1000 5.5400
v 6.3420 -1.1000 5.5900
v 6.2520 -1.1000 5.5900
v 6.2520 2.9000 5.5400
v 6.3420 2.9000 5.5400
v 6.3420 2.9000 5.5900
v 6.2520 2.9000 5.5900
v 5.4100 -1.1000 4.6580
v 5.4600 -1.1000 4.6580
v 5.4600 -1.1000 4.7480
v 5.4100 -1.1000 4.7480
v 5.4100 2.9000 4.6580
v 5.4600 2.9000 4.6580
v 5.4600 2.9000 4.7480
v 5.4100 2.9000 4.7480
v 6.5400 -1.1000 4.6580
v 6.5900 -1.1000 4.6580
v 6.5900 -1.1000 4.7480
v 6.5400 -1.1000 4.7480
v 6.5400 2.9000 4.6580
v 6.5900 2.9000 4.6580
v 6.5900 2.9000 4.7480
v 6.5400 2.9000 4.7480
v 5.4100 -1.1000 4.9550
v 5.4600 -1.1000 4.9550
v 5.4600 -1.1000 5.0450
v 5.4100 -1.1000 5.0450
v 5.4100 2.9000 4.9550
v 5.4600 2.9000 4.9550
v 5.4600 2.9000 5.0450
v 5.4100 2.9000 5.0450
v 6.5400 -1.1000 4.9550
v 6.5900 -1.1000 4.9550
v 6.5900 -1.1000 5.0450
v 6.5400 -1.1000 5.0450
v 6.5400 2.9000 4.9550
v 6.5900 2.9000 4.9550
v 6.5900 2.9000 5.0450
v 6.5400 2.9000 5.0450
v 5.4100 -1.1000 5.2520
v 5.4600 -1.1000 5.2520
v 5.4600 -1.1000 5.3420
v 5.4100 -1.1000 5.3420
v 5.4100 2.9000 5.2520
v 5.4600 2.9000 5.2520
v 5.4600 2.9000 5.3420
v 5.4100 2.9000 5.3420
v 6.5400 -1.1000 5.2520
v 6.5900 -1.1000 5.2520
v 6.5900 -1.1000 5.3420
v 6.5400 -1.1000 5.3420
v 6.5400 2.9000 5.2520
v 6.5900 2.9000 5.2520
v 6.5900 2.9000 5.3420
v 6.5400 2.9000 5.3420
v 5.4335 -0.4500 4.4335
v 6.5665 -0.4500 4.4335
v 6.5665 -0.4500 5.5665
v 5.4335 -0.4500 5.5665
v 5.4335 0.4500 4.4335
v 6.5665 0.4500 4.4335
v 6.5665 0.4500 5.5665
v 5.4335 0.4500 5.5665
v 5.2850 -0.2100 4.2850
v 6.7150 -0.2100 4.2850
v 6.7150 -0.2100 5.7150
v 5.2850 -0.2100 5.7150
v 5.2850 0.2100 4.2850
v 6.7150 0.2100 4.2850
v 6.7150 0.2100 5.7150
v 5.2850 0.2100 5.7150
v 5.2630 4.8700 4.2630
v 6.7370 4.8700 4.2630
v 6.7370 4.8700 5.7370
v 5.2630 4.8700 5.7370
v 5.2630 5.2900 4.2630
v 6.7370 5.2900 4.2630
v 6.7370 5.2900 5.7370
v 5.2630 5.2900 5.7370
v 9.4500 -2.7500 -5.5500
v 10.5500 -2.7500 -5.5500
v 10.5500 -2.7500 -4.4500
v 9.4500 -2.7500 -4.4500
v 9.4500 2.7500 -5.5500
v 10.5500 2.7500 -5.5500
v 10.5500 2.7500 -4.4500
v 9.4500 2.7500 -4.4500
v 9.6580 -1.1000 -5.5900
v 9.7480 -1.1000 -5.5900
v 9.7480 -1.1000 -5.5400
v 9.6580 -1.1000 -5.5400
v 9.6580 2.9000 -5.5900
v 9.7480 2.9000 -5.5900
v 9.7480 2.9000 -5.5400
v 9.6580 2.9000 -5.5400
v 9.6580 -1.1000 -4.4600
v 9.7480 -1.1000 -4.4600
v 9.7480 -1.1000 -4.4100
v 9.6580 -1.1000 -4.4100
v 9.6580 2.9000 -4.4600
v 9.7480 2.9000 -4.4600
v 9.7480 2.9000 -4.4100
v 9.6580 2.9000 -4.4100
v 9.9550 -1.1000 -5.5900
v 10.0450 -1.1000 -5.5900
v 10.0450 -1.1000 -5.5400
v 9.9550 -1.1000 -5.5400
v 9.9550 2.9000 -5.5900
v 10.0450 2.9000 -5.5900
v 10.0450 2.9000 -5.5400
v 9.9550 2.9000 -5.5400
v 9.9550 -1.1000 -4.4600
v 10.0450 -1.1000 -4.4600
v 10.0450 -1.1000 -4.4100
v 9.9550 -1.1000 -4.4100
v 9.9550 2.9000 -4.4600
v 10.0450 2.9000 -4.4600
v 10.0450 2.9000 -4.4100
v 9.9550 2.9000 -4.4100
v 10.2520 -1.1000 -5.5900
v 10.3420 -1.1000 -5.5900
v 10.3420 -1.1000 -5.5400
v 10.2520 -1.1000 -5.5400
v 10.2520 2.9000 -5.5900
v 10.3420 2.9000 -5.5900
v 10.3420 2.9000 -5.5400
v 10.2520 2.9000 -5.5400
v 10.2520 -1.1000 -4.4600
v 10.3420 -1.1000 -4.4600
v 10.3420 -1.1000 -4.4100
v 10.2520 -1.1000 -4.4100
v 10.2520 2.9000 -4.4600
v 10.3420 2.9000 -4.4600
v 10.3420 2.9000 -4.4100
v 10.2520 2.9000 -4.4100
v 9.4100 -1.1000 -5.3420
v 9.4600 -1.1000 -5.3420
v 9.4600 -1.1000 -5.2520
v 9.4100 -1.1000 -5.2520
v 9.4100 2.9000 -5.3420
v 9.4600 2.9000 -5.3420
v 9.4600 2.9000 -5.2520
v 9.4100 2.9000 -5.2520
v 10.5400 -1.1000 -5.3420
v 10.5900 -1.1000 -5.3420
v 10.5900 -1.1000 -5.2520
v 10.5400 -1.1000 -5.2520
v 10.5400 2.9000 -5.3420
v 10.5900 2.9000 -5.3420
v 10.5900 2.9000 -5.2520
v 10.5400 2.9000 -5.2520
v 9.4100 -1.1000 -5.0450
v 9.4600 -1.1000 -5.0450
v 9.4600 -1.1000 -4.9550
v 9.4100 -1.1000 -4.9550
v 9.4100 2.9000 -5.0450
v 9.4600 2.9000 -5.0450
v 9.4600 2.9000 -4.9550
v 9.4100 2.9000 -4.9550
v 10.5400 -1.1000 -5.0450
v 10.5900 -1.1000 -5.0450
v 10.5900 -1.1000 -4.9550
v 10.5400 -1.1000 -4.9550
v 10.5400 2.9000 -5.0450
v 10.5900 2.9000 -5.0450
v 10.5900 2.9000 -4.9550
v 10.5400 2.9000 -4.9550
v 9.4100 -1.1000 -4.7480
v 9.4600 -1.1000 -4.7480
v 9.4600 -1.1000 -4.6580
v 9.4100 -1.1000 -4.6580
v 9.4100 2.9000 -4.7480
v 9.4600 2.9000 -4.7480
v 9.4600 2.9000 -4.6580
v 9.4100 2.9000 -4.6580
v 10.5400 -1.1000 -4.7480
v 10.5900 -1.1000 -4.7480
v 10.5900 -1.1000 -4.6580
v 10.5400 -1.1000 -4.6580
v 10.5400 2.9000 -4.7480
v 10.5900 2.9000 -4.7480
v 10.5900 2.9000 -4.6580
v 10.5400 2.9000 -4.6580
v 9.4335 -0.4500 -5.5665
v 10.5665 -0.4500 -5.5665
v 10.5665 -0.4500 -4.4335
v 9.4335 -0.4500 -4.4335
v 9.4335 0.4500 -5.5665
v 10.5665 0.4500 -5.5665
v 10.5665 0.4500 -4.4335
v 9.4335 0.4500 -4.4335
v 9.2850 -0.2100 -5.7150
v 10.7150 -0.2100 -5.7150
v 10.7150 -0.2100 -4.2850
v 9.2850 -0.2100 -4.2850
v 9.2850 0.2100 -5.7150
v 10.7150 0.2100 -5.7150
v 10.7150 0.2100 -4.2850
v 9.2850 0.2100 -4.2850
v 9.2630 4.8700 -5.7370
v 10.7370 4.8700 -5.7370
v 10.7370 4.8700 -4.2630
v 9.2630 4.8700 -4.2630
v 9.2630 5.2900 -5.7370
v 10.7370 5.2900 -5.7370
v 10.7370 5.2900 -4.2630
v 9.2630 5.2900 -4.2630
v 9.4500 -2.7500 4.4500
v 10.5500 -2.7500 4.4500
v 10.5500 -2.7500 5.5500
v 9.4500 -2.7500 5.5500
v 9.4500 2.7500 4.4500
v 10.5500 2.7500 4.4500
v 10.5500 2.7500 5.5500
v 9.4500 2.7500 5.5500
v 9.6580 -1.1000 4.4100
v 9.7480 -1.1000 4.4100
v 9.7480 -1.1000 4.4600
v 9.6580 -1.1000 4.4600
v 9.6580 2.9000 4.4100
v 9.7480 2.9000 4.4100
v 9.7480 2.9000 4.4600
v 9.6580 2.9000 4.4600
v 9.6580 -1.1000 5.5400
v 9.7480 -1.1000 5.5400
v 9.7480 -1.1000 5.5900
v 9.6580 -1.1000 5.5900
v 9.6580 2.9000 5.5400
v 9.7480 2.9000 5.5400
v 9.7480 2.9000 5.5900
v 9.6580 2.9000 5.5900
v 9.9550 -1.1000 4.4100
v 10.0450 -1.1000 4.4100
v 10.0450 -1.1000 4.4600
v 9.9550 -1.1000 4.4600
v 9.9550 2.9000 4.4100
v 10.0450 2.9000 4.4100
v 10.0450 2.9000 4.4600
v 9.9550 2.9000 4.4600
v 9.9550 -1.1000 5.5400
v 10.0450 -1.1000 5.5400
v 10.0450 -1.1000 5.5900
v 9.9550 -1.1000 5.5900
v 9.9550 2.9000 5.5400
v 10.0450 2.9000 5.5400
v 10.0450 2.9000 5.5900
v 9.9550 2.9000 5.5900
v 10.2520 -1.1000 4.4100
v 10.3420 -1.1000 4.4100
v 10.3420 -1.1000 4.4600
v 10.2520 -1.1000 4.4600
v 10.2520 2.9000 4.4100
v 10.3420 2.9000 4.4100
v 10.3420 2.9000 4.4600
v 10.2520 2.9000 4.4600
v 10.2520 -1.1000 5.5400
v 10.3420 -1.1000 5.5400
v 10.3420 -1.1000 5.5900
v 10.2520 -1.1000 5.5900
v 10.2520 2.9000 5.5400
v 10.3420 2.9000 5.5400
v 10.3420 2.9000 5.5900
v 10.2520 2.9000 5.5900
v 9.4100 -1.1000 4.6580
v 9.4600 -1.1000 4.6580
v 9.4600 -1.1000 4.7480
v 9.4100 -1.1000 4.7480
v 9.4100 2.9000 4.6580
v 9.4600 2.9000 4.6580
v 9.4600 2.9000 4.7480
v 9.4100 2.9000 4.7480
v 10.5400 -1.1000 4.6580
v 10.5900 -1.1000 4.6580
v 10.5900 -1.1000 4.7480
v 10.5400 -1.1000 4.7480
v 10.5400 2.9000 4.6580
v 10.5900 2.9000 4.6580
v 10.5900 2.9000 4.7480
v 10.5400 2.9000 4.7480
v 9.4100 -1.1000 4.9550
v 9.4600 -1.1000 4.9550
v 9.4600 -1.1000 5.0450
v 9.4100 -1.1000 5.0450
v 9.4100 2.9000 4.9550
v 9.4600 2.9000 4.9550
v 9.4600 2.9000 5.0450
v 9.4100 2.9000 5.0450
v 10.5400 -1.1000 4.9550
v 10.5900 -1.1000 4.9550
v 10.5900 -1.1000 5.0450
v 10.5400 -1.1000 5.0450
v 10.5400 2.9000 4.9550
v 10.5900 2.9000 4.9550
v 10.5900 2.9000 5.0450
v 10.5400 2.9000 5.0450
v 9.4100 -1.1000 5.2520
v 9.4600 -1.1000 5.2520
v 9.4600 -1.1000 5.3420
v 9.4100 -1.1000 5.3420
v 9.4100 2.9000 5.2520
v 9.4600 2.9000 5.2520
v 9.4600 2.9000 5.3420
v 9.4100 2.9000 5.3420
v 10.5400 -1.1000 5.2520
v 10.5900 -1.1000 5.2520
v 10.5900 -1.1000 5.3420
v 10.5400 -1.1000 5.3420
v 10.5400 2.9000 5.2520
v 10.5900 2.9000 5.2520
v 10.5900 2.9000 5.3420
v 10.5400 2.9000 5.3420
v 9.4335 -0.4500 4.4335
v 10.5665 -0.4500 4.4335
v 10.5665 -0.4500 5.5665
v 9.4335 -0.4500 5.5665
v 9.4335 0.4500 4.4335
v 10.5665 0.4500 4.4335
v 10.5665 0.4500 5.5665
v 9.4335 0.4500 5.5665
v 9.2850 -0.2100 4.2850
v 10.7150 -0.2100 4.2850
v 10.7150 -0.2100 5.7150
v 9.2850 -0.2100 5.7150
v 9.2850 0.2100 4.2850
v 10.7150 0.2100 4.2850
v 10.7150 0.2100 5.7150
v 9.2850 0.2100 5.7150
v 9.2630 4.8700 4.2630
v 10.7370 4.8700 4.2630
v 10.7370 4.8700 5.7370
v 9.2630 4.8700 5.7370
v 9.2630 5.2900 4.2630
v 10.7370 5.2900 4.2630
v 10.7370 5.2900 5.7370
v 9.2630 5.2900 5.7370
v 13.4500 -2.7500 -5.5500
v 14.5500 -2.7500 -5.5500
v 14.5500 -2.7500 -4.4500
v 13.4500 -2.7500 -4.4500
v 13.4500 2.7500 -5.5500
v 14.5500 2.7500 -5.5500
v 14.5500 2.7500 -4.4500
v 13.4500 2.7500 -4.4500
v 13.6580 -1.1000 -5.5900
v 13.7480 -1.1000 -5.5900
v 13.7480 -1.1000 -5.5400
v 13.6580 -1.1000 -5.5400
v 13.6580 2.9000 -5.5900
v 13.7480 2.9000 -5.5900
v 13.7480 2.9000 -5.5400
v 13.6580 2.9000 -5.5400
v 13.6580 -1.1000 -4.4600
v 13.7480 -1.1000 -4.4600
v 13.7480 -1.1000 -4.4100
v 13.6580 -1.1000 -4.4100
v 13.6580 2.9000 -4.4600
v 13.7480 2.9000 -4.4600
v 13.7480 2.9000 -4.4100
v 13.6580 2.9000 -4.4100
v 13.9550 -1.1000 -5.5900
v 14.0450 -1.1000 -5.5900
v 14.0450 -1.1000 -5.5400
v 13.9550 -1.1000 -5.5400
v 13.9550 2.9000 -5.5900
v 14.0450 2.9000 -5.5900
v 14.0450 2.9000 -5.5400
v 13.9550 2.9000 -5.5400
v 13.9550 -1.1000 -4.4600
v 14.0450 -1.1000 -4.4600
v 14.0450 -1.1000 -4.4100
v 13.9550 -1.1000 -4.4100
v 13.9550 2.9000 -4.4600
v 14.0450 2.9000 -4.4600
v 14.0450 2.9000 -4.4100
v 13.9550 2.9000 -4.4100
v 14.2520 -1.1000 -5.5900
v 14.3420 -1.1000 -5.5900
v 14.3420 -1.1000 -5.5400
v 14.2520 -1.1000 -5.5400
v 14.2520 2.9000 -5.5900
v 14.3420 2.9000 -5.5900
v 14.3420 2.9000 -5.5400
v 14.2520 2.9000 -5.5400
v 14.2520 -1.1000 -4.4600
v 14.3420 -1.1000 -4.4600
v 14.3420 -1.1000 -4.4100
v 14.2520 -1.1000 -4.4100
v 14.2520 2.9000 -4.4600
v 14.3420 2.9000 -4.4600
v 14.3420 2.9000 -4.4100
v 14.2520 2.9000 -4.4100
v 13.4100 -1.1000 -5.3420
v 13.4600 -1.1000 -5.3420
v 13.4600 -1.1000 -5.2520
v 13.4100 -1.1000 -5.2520
v 13.4100 2.9000 -5.3420
v 13.4600 2.9000 -5.3420
v 13.4600 2.9000 -5.2520
v 13.4100 2.9000 -5.2520
v 14.5400 -1.1000 -5.3420
v 14.5900 -1.1000 -5.3420
v 14.5900 -1.1000 -5.2520
v 14.5400 -1.1000 -5.2520
v 14.5400 2.9000 -5.3420
v 14.5900 2.9000 -5.3420
v 14.5900 2.9000 -5.2520
v 14.5400 2.9000 -5.2520
v 13.4100 -1.1000 -5.0450
v 13.4600 -1.1000 -5.0450
v 13.4600 -1.1000 -4.9550
v 13.4100 -1.1000 -4.9550
v 13.4100 2.9000 -5.0450
v 13.4600 2.9000 -5.0450
v 13.4600 2.9000 -4.9550
v 13.4100 2.9000 -4.9550
v 14.5400 -1.1000 -5.0450
v 14.5900 -1.1000 -5.0450
v 14.5900 -1.1000 -4.9550
v 14.5400 -1.1000 -4.9550
v 14.5400 2.9000 -5.0450
v 14.5900 2.9000 -5.0450
v 14.5900 2.9000 -4.9550
v 14.5400 2.9000 -4.9550
v 13.4100 -1.1000 -4.7480
v 13.4600 -1.1000 -4.7480
v 13.4600 -1.1000 -4.6580
v 13.4100 -1.1000 -4.6580
v 13.4100 2.9000 -4.7480
v 13.4600 2.9000 -4.7480
v 13.4600 2.9000 -4.6580
v 13.4100 2.9000 -4.6580
v 14.5400 -1.1000 -4.7480
v 14.5900 -1.1000 -4.7480
v 14.5900 -1.1000 -4.6580
v 14.5400 -1.1000 -4.6580
v 14.5400 2.9000 -4.7480
v 14.5900 2.9000 -4.7480
v 14.5900 2.9000 -4.6580
v 14.5400 2.9000 -4.6580
v 13.4335 -0.4500 -5.5665
v 14.5665 -0.4500 -5.5665
v 14.5665 -0.4500 -4.4335
v 13.4335 -0.4500 -4.4335
v 13.4335 0.4500 -5.5665
v 14.5665 0.4500 -5.5665
v 14.5665 0.4500 -4.4335
v 13.4335 0.4500 -4.4335
v 13.2850 -0.2100 -5.7150
v 14.7150 -0.2100 -5.7150
v 14.7150 -0.2100 -4.2850
v 13.2850 -0.2100 -4.2850
v 13.2850 0.2100 -5.7150
v 14.7150 0.2100 -5.7150
v 14.7150 0.2100 -4.2850
v 13.2850 0.2100 -4.2850
v 13.2630 4.8700 -5.7370
v 14.7370 4.8700 -5.7370
v 14.7370 4.8700 -4.2630
v 13.2630 4.8700 -4.2630
v 13.2630 5.2900 -5.7370
v 14.7370 5.2900 -5.7370
v 14.7370 5.2900 -4.2630
v 13.2630 5.2900 -4.2630
v 13.4500 -2.7500 4.4500
v 14.5500 -2.7500 4.4500
v 14.5500 -2.7500 5.5500
v 13.4500 -2.7500 5.5500
v 13.4500 2.7500 4.4500
v 14.5500 2.7500 4.4500
v 14.5500 2.7500 5.5500
v 13.4500 2.7500 5.5500
v 13.6580 -1.1000 4.4100
v 13.7480 -1.1000 4.4100
v 13.7480 -1.1000 4.4600
v 13.6580 -1.1000 4.4600
v 13.6580 2.9000 4.4100
v 13.7480 2.9000 4.4100
v 13.7480 2.9000 4.4600
v 13.6580 2.9000 4.4600
v 13.6580 -1.1000 5.5400
v 13.7480 -1.1000 5.5400
v 13.7480 -1.1000 5.5900
v 13.6580 -1.1000 5.5900
v 13.6580 2.9000 5.5400
v 13.7480 2.9000 5.5400
v 13.7480 2.9000 5.5900
v 13.6580 2.9000 5.5900
v 13.9550 -1.1000 4.4100
v 14.0450 -1.1000 4.4100
v 14.0450 -1.1000 4.4600
v 13.9550 -1.1000 4.4600
v 13.9550 2.9000 4.4100
v 14.0450 2.9000 4.4100
v 14.0450 2.9000 4.4600
v 13.9550 2.9000 4.4600
v 13.9550 -1.1000 5.5400
v 14.0450 -1.1000 5.5400
v 14.0450 -1.1000 5.5900
v 13.9550 -1.1000 5.5900
v 13.9550 2.9000 5.5400
v 14.0450 2.9000 5.5400
v 14.0450 2.9000 5.5900
v 13.9550 2.9000 5.5900
v 14.2520 -1.1000 4.4100
v 14.3420 -1.1000 4.4100
v 14.3420 -1.1000 4.4600
v 14.2520 -1.1000 4.4600
v 14.2520 2.9000 4.4100
v 14.3420 2.9000 4.4100
v 14.3420 2.9000 4.4600
v 14.2520 2.9000 4.4600
v 14.2520 -1.1000 5.5400
v 14.3420 -1.1000 5.5400
v 14.3420 -1.1000 5.5900
v 14.2520 -1.1000 5.5900
v 14.2520 2.9000 5.5400
v 14.3420 2.9000 5.5400
v 14.3420 2.9000 5.5900
v 14.2520 2.9000 5.5900
v 13.4100 -1.1000 4.6580
v 13.4600 -1.1000 4.6580
v 13.4600 -1.1000 4.7480
v 13.4100 -1.1000 4.7480
v 13.4100 2.9000 4.6580
v 13.4600 2.9000 4.6580
v 13.4600 2.9000 4.7480
v 13.4100 2.9000 4.7480
v 14.5400 -1.1000 4.6580
v 14.5900 -1.1000 4.6580
v 14.5900 -1.1000 4.7480
v 14.5400 -1.1000 4.7480
v 14.5400 2.9000 4.6580
v 14.5900 2.9000 4.6580
v 14.5900 2.9000 4.7480
v 14.5400 2.9000 4.7480
v 13.4100 -1.1000 4.9550
v 13.4600 -1.1000 4.9550
v 13.4600 -1.1000 5.0450
v 13.4100 -1.1000 5.0450
v 13.4100 2.9000 4.9550
v 13.4600 2.9000 4.9550
v 13.4600 2.9000 5.0450
v 13.4100 2.9000 5.0450
v 14.5400 -1.1000 4.9550
v 14.5900 -1.1000 4.9550
v 14.5900 -1.1000 5.0450
v 14.5400 -1.1000 5.0450
v 14.5400 2.9000 4.9550
v 14.5900 2.9000 4.9550
v 14.5900 2.9000 5.0450
v 14.5400 2.9000 5.0450
v 13.4100 -1.1000 5.2520
v 13.4600 -1.1000 5.2520
v 13.4600 -1.1000 5.3420
v 13.4100 -1.1000 5.3420
v 13.4100 2.9000 5.2520
v 13.4600 2.9000 5.2520
v 13.4600 2.9000 5.3420
v 13.4100 2.9000 5.3420
v 14.5400 -1.1000 5.2520
v 14.5900 -1.1000 5.2520
v 14.5900 -1.1000 5.3420
v 14.5400 -1.1000 5.3420
v 14.5400 2.9000 5.2520
v 14.5900 2.9000 5.2520
v 14.5900 2.9000 5.3420
v 14.5400 2.9000 5.3420
v 13.4335 -0.4500 4.4335
v 14.5665 -0.4500 4.4335
v 14.5665 -0.4500 5.5665
v 13.4335 -0.4500 5.5665
v 13.4335 0.4500 4.4335
v 14.5665 0.4500 4.4335
v 14.5665 0.4500 5.5665
v 13.4335 0.4500 5.5665
v 13.2850 -0.2100 4.2850
v 14.7150 -0.2100 4.2850
v 14.7150 -0.2100 5.7150
v 13.2850 -0.2100 5.7150
v 13.2850 0.2100 4.2850
v 14.7150 0.2100 4.2850
v 14.7150 0.2100 5.7150
v 13.2850 0.2100 5.7150
v 13.2630 4.8700 4.2630
v 14.7370 4.8700 4.2630
v 14.7370 4.8700 5.7370
v 13.2630 4.8700 5.7370
v 13.2630 5.2900 4.2630
v 14.7370 5.2900 4.2630
v 14.7370 5.2900 5.7370
v 13.2630 5.2900 5.7370
v 17.4500 -2.7500 -5.5500
v 18.5500 -2.7500 -5.5500
v 18.5500 -2.7500 -4.4500
v 17.4500 -2.7500 -4.4500
v 17.4500 2.7500 -5.5500
v 18.5500 2.7500 -5.5500
v 18.5500 2.7500 -4.4500
v 17.4500 2.7500 -4.4500
v 17.6580 -1.1000 -5.5900
v 17.7480 -1.1000 -5.5900
v 17.7480 -1.1000 -5.5400
v 17.6580 -1.1000 -5.5400
v 17.6580 2.9000 -5.5900
v 17.7480 2.9000 -5.5900
v 17.7480 2.9000 -5.5400
v 17.6580 2.9000 -5.5400
v 17.6580 -1.1000 -4.4600
v 17.7480 -1.1000 -4.4600
v 17.7480 -1.1000 -4.4100
v 17.6580 -1.1000 -4.4100
v 17.6580 2.9000 -4.4600
v 17.7480 2.9000 -4.4600
v 17.7480 2.9000 -4.4100
v 17.6580 2.9000 -4.4100
v 17.9550 -1.1000 -5.5900
v 18.0450 -1.1000 -5.5900
v 18.0450 -1.1000 -5.5400
v 17.9550 -1.1000 -5.5400
v 17.9550 2.9000 -5.5900
v 18.0450 2.9000 -5.5900
v 18.0450 2.9000 -5.5400
v 17.9550 2.9000 -5.5400
v 17.9550 -1.1000 -4.4600
v 18.0450 -1.1000 -4.4600
v 18.0450 -1.1000 -4.4100
v 17.9550 -1.1000 -4.4100
v 17.9550 2.9000 -4.4600
v 18.0450 2.9000 -4.4600
v 18.0450 2.9000 -4.4100
v 17.9550 2.9000 -4.4100
v 18.2520 -1.1000 -5.5900
v 18.3420 -1.1000 -5.5900
v 18.3420 -1.1000 -5.5400
v 18.2520 -1.1000 -5.5400
v 18.2520 2.9000 -5.5900
v 18.3420 2.9000 -5.5900
v 18.3420 2.9000 -5.5400
v 18.2520 2.9000 -5.5400
v 18.2520 -1.1000 -4.4600
v 18.3420 -1.1000 -4.4600
v 18.3420 -1.1000 -4.4100
v 18.2520 -1.1000 -4.4100
v 18.2520 2.9000 -4.4600
v 18.3420 2.9000 -4.4600
v 18.3420 2.9000 -4.4100
v 18.2520 2.9000 -4.4100
v 17.4100 -1.1000 -5.3420
v 17.4600 -1.1000 -5.3420
v 17.4600 -1.1000 -5.2520
v 17.4100 -1.1000 -5.2520
v 17.4100 2.9000 -5.3420
v 17.4600 2.9000 -5.3420
v 17.4600 2.9000 -5.2520
v 17.4100 2.9000 -5.2520
v 18.5400 -1.1000 -5.3420
v 18.5900 -1.1000 -5.3420
v 18.5900 -1.1000 -5.2520
v 18.5400 -1.1000 -5.2520
v 18.5400 2.9000 -5.3420
v 18.5900 2.9000 -5.3420
v 18.5900 2.9000 -5.2520
v 18.5400 2.9000 -5.2520
v 17.4100 -1.1000 -5.0450
v 17.4600 -1.1000 -5.0450
v 17.4600 -1.1000 -4.9550
v 17.4100 -1.1000 -4.9550
v 17.4100 2.9000 -5.0450
v 17.4600 2.9000 -5.0450
v 17.4600 2.9000 -4.9550
v 17.4100 2.9000 -4.9550
v 18.5400 -1.1000 -5.0450
v 18.5900 -1.1000 -5.0450
v 18.5900 -1.1000 -4.9550
v 18.5400 -1.1000 -4.9550
v 18.5400 2.9000 -5.0450
v 18.5900 2.9000 -5.0450
v 18.5900 2.9000 -4.9550
v 18.5400 2.9000 -4.9550
v 17.4100 -1.1000 -4.7480
v 17.4600 -1.1000 -4.7480
v 17.4600 -1.1000 -4.6580
v 17.4100 -1.1000 -4.6580
v 17.4100 2.9000 -4.7480
v 17.4600 2.9000 -4.7480
v 17.4600 2.9000 -4.6580
v 17.4100 2.9000 -4.6580
v 18.5400 -1.1000 -4.7480
v 18.5900 -1.1000 -4.7480
v 18.5900 -1.1000 -4.6580
v 18.5400 -1.1000 -4.6580
v 18.5400 2.9000 -4.7480
v 18.5900 2.9000 -4.7480
v 18.5900 2.9000 -4.6580
v 18.5400 2.9000 -4.6580
v 17.4335 -0.4500 -5.5665
v 18.5665 -0.4500 -5.5665
v 18.5665 -0.4500 -4.4335
v 17.4335 -0.4500 -4.4335
v 17.4335 0.4500 -5.5665
v 18.5665 0.4500 -5.5665
v 18.5665 0.4500 -4.4335
v 17.4335 0.4500 -4.4335
v 17.2850 -0.2100 -5.7150
v 18.7150 -0.2100 -5.7150
v 18.7150 -0.2100 -4.2850
v 17.2850 -0.2100 -4.2850
v 17.2850 0.2100 -5.7150
v 18.7150 0.2100 -5.7150
v 18.7150 0.2100 -4.2850
v 17.2850 0.2100 -4.2850
v 17.2630 4.8700 -5.7370
v 18.7370 4.8700 -5.7370
v 18.7370 4.8700 -4.2630
v 17.2630 4.8700 -4.2630
v 17.2630 5.2900 -5.7370
v 18.7370 5.2900 -5.7370
v 18.7370 5.2900 -4.2630
v 17.2630 5.2900 -4.2630
v 17.4500 -2.7500 4.4500
v 18.5500 -2.7500 4.4500
v 18.5500 -2.7500 5.5500
v 17.4500 -2.7500 5.5500
v 17.4500 2.7500 4.4500
v 18.5500 2.7500 4.4500
v 18.5500 2.7500 5.5500
v 17.4500 2.7500 5.5500
v 17.6580 -1.1000 4.4100
v 17.7480 -1.1000 4.4100
v 17.7480 -1.1000 4.4600
v 17.6580 -1.1000 4.4600
v 17.6580 2.9000 4.4100
v 17.7480 2.9000 4.4100
v 17.7480 2.9000 4.4600
v 17.6580 2.9000 4.4600
v 17.6580 -1.1000 5.5400
v 17.7480 -1.1000 5.5400
v 17.7480 -1.1000 5.5900
v 17.6580 -1.1000 5.5900
v 17.6580 2.9000 5.5400
v 17.7480 2.9000 5.5400
v 17.7480 2.9000 5.5900
v 17.6580 2.9000 5.5900
v 17.9550 -1.1000 4.4100
v 18.0450 -1.1000 4.4100
v 18.0450 -1.1000 4.4600
v 17.9550 -1.1000 4.4600
v 17.9550 2.9000 4.4100
v 18.0450 2.9000 4.4100
v 18.0450 2.9000 4.4600
v 17.9550 2.9000 4.4600
v 17.9550 -1.1000 5.5400
v 18.0450 -1.1000 5.5400
v 18.0450 -1.1000 5.5900
v 17.9550 -1.1000 5.5900
v 17.9550 2.9000 5.5400
v 18.0450 2.9000 5.5400
v 18.0450 2.9000 5.5900
v 17.9550 2.9000 5.5900
v 18.2520 -1.1000 4.4100
v 18.3420 -1.1000 4.4100
v 18.3420 -1.1000 4.4600
v 18.2520 -1.1000 4.4600
v 18.2520 2.9000 4.4100
v 18.3420 2.9000 4.4100
v 18.3420 2.9000 4.4600
v 18.2520 2.9000 4.4600
v 18.2520 -1.1000 5.5400
v 18.3420 -1.1000 5.5400
v 18.3420 -1.1000 5.5900
v 18.2520 -1.1000 5.5900
v 18.2520 2.9000 5.5400
v 18.3420 2.9000 5.5400
v 18.3420 2.9000 5.5900
v 18.2520 2.9000 5.5900
v 17.4100 -1.1000 4.6580
v 17.4600 -1.1000 4.6580
v 17.4600 -1.1000 4.7480
v 17.4100 -1.1000 4.7480
v 17.4100 2.9000 4.6580
v 17.4600 2.9000 4.6580
v 17.4600 2.9000 4.7480
v 17.4100 2.9000 4.7480
v 18.5400 -1.1000 4.6580
v 18.5900 -1.1000 4.6580
v 18.5900 -1.1000 4.7480
v 18.5400 -1.1000 4.7480
v 18.5400 2.9000 4.6580
v 18.5900 2.9000 4.6580
v 18.5900 2.9000 4.7480
v 18.5400 2.9000 4.7480
v 17.4100 -1.1000 4.9550
v 17.4600 -1.1000 4.9550
v 17.4600 -1.1000 5.0450
v 17.4100 -1.1000 5.0450
v 17.4100 2.9000 4.9550
v 17.4600 2.9000 4.9550
v 17.4600 2.9000 5.0450
v 17.4100 2.9000 5.0450
v 18.5400 -1.1000 4.9550
v 18.5900 -1.1000 4.9550
v 18.5900 -1.1000 5.0450
v 18.5400 -1.1000 5.0450
v 18.5400 2.9000 4.9550
v 18.5900 2.9000 4.9550
v 18.5900 2.9000 5.0450
v 18.5400 2.9000 5.0450
v 17.4100 -1.1000 5.2520
v 17.4600 -1.1000 5.2520
v 17.4600 -1.1000 5.3420
v 17.4100 -1.1000 5.3420
v 17.4100 2.9000 5.2520
v 17.4600 2.9000 5.2520
v 17.4600 2.9000 5.3420
v 17.4100 2.9000 5.3420
v 18.5400 -1.1000 5.2520
v 18.5900 -1.1000 5.2520
v 18.5900 -1.1000 5.3420
v 18.5400 -1.1000 5.3420
v 18.5400 2.9000 5.2520
v 18.5900 2.9000 5.2520
v 18.5900 2.9000 5.3420
v 18.5400 2.9000 5.3420
v 17.4335 -0.4500 4.4335
v 18.5665 -0.4500 4.4335
v 18.5665 -0.4500 5.5665
v 17.4335 -0.4500 5.5665
v 17.4335 0.4500 4.4335
v 18.5665 0.4500 4.4335
v 18.5665 0.4500 5.5665
v 17.4335 0.4500 5.5665
v 17.2850 -0.2100 4.2850
v 18.7150 -0.2100 4.2850
v 18.7150 -0.2100 5.7150
v 17.2850 -0.2100 5.7150
v 17.2850 0.2100 4.2850
v 18.7150 0.2100 4.2850
v 18.7150 0.2100 5.7150
v 17.2850 0.2100 5.7150
v 17.2630 4.8700 4.2630
v 18.7370 4.8700 4.2630
v 18.7370 4.8700 5.7370
v 17.2630 4.8700 5.7370
v 17.2630 5.2900 4.2630
v 18.7370 5.2900 4.2630
v 18.7370 5.2900 5.7370
v 17.2630 5.2900 5.7370
v 21.4500 -2.7500 -5.5500
v 22.5500 -2.7500 -5.5500
v 22.5500 -2.7500 -4.4500
v 21.4500 -2.7500 -4.4500
v 21.4500 2.7500 -5.5500
v 22.5500 2.7500 -5.5500
v 22.5500 2.7500 -4.4500
v 21.4500 2.7500 -4.4500
v 21.6580 -1.1000 -5.5900
v 21.7480 -1.1000 -5.5900
v 21.7480 -1.1000 -5.5400
v 21.6580 -1.1000 -5.5400
v 21.6580 2.9000 -5.5900
v 21.7480 2.9000 -5.5900
v 21.7480 2.9000 -5.5400
v 21.6580 2.9000 -5.5400
v 21.6580 -1.1000 -4.4600
v 21.7480 -1.1000 -4.4600
v 21.7480 -1.1000 -4.4100
v 21.6580 -1.1000 -4.4100
v 21.6580 2.9000 -4.4600
v 21.7480 2.9000 -4.4600
v 21.7480 2.9000 -4.4100
v 21.6580 2.9000 -4.4100
v 21.9550 -1.1000 -5.5900
v 22.0450 -1.1000 -5.5900
v 22.0450 -1.1000 -5.5400
v 21.9550 -1.1000 -5.5400
v 21.9550 2.9000 -5.5900
v 22.0450 2.9000 -5.5900
v 22.0450 2.9000 -5.5400
v 21.9550 2.9000 -5.5400
v 21.9550 -1.1000 -4.4600
v 22.0450 -1.1000 -4.4600
v 22.0450 -1.1000 -4.4100
v 21.9550 -1.1000 -4.4100
v 21.9550 2.9000 -4.4600
v 22.0450 2.9000 -4.4600
v 22.0450 2.9000 -4.4100
v 21.9550 2.9000 -4.4100
v 22.2520 -1.1000 -5.5900
v 22.3420 -1.1000 -5.5900
v 22.3420 -1.1000 -5.5400
v 22.2520 -1.1000 -5.5400
v 22.2520 2.9000 -5.5900
v 22.3420 2.9000 -5.5900
v 22.3420 2.9000 -5.5400
v 22.2520 2.9000 -5.5400
v 22.2520 -1.1000 -4.4600
v 22.3420 -1.1000 -4.4600
v 22.3420 -1.1000 -4.4100
v 22.2520 -1.1000 -4.4100
v 22.2520 2.9000 -4.4600
v 22.3420 2.9000 -4.4600
v 22.3420 2.9000 -4.4100
v 22.2520 2.9000 -4.4100
v 21.4100 -1.1000 -5.3420
v 21.4600 -1.1000 -5.3420
v 21.4600 -1.1000 -5.2520
v 21.4100 -1.1000 -5.2520
v 21.4100 2.9000 -5.3420
v 21.4600 2.9000 -5.3420
v 21.4600 2.9000 -5.2520
v 21.4100 2.9000 -5.2520
v 22.5400 -1.1000 -5.3420
v 22.5900 -1.1000 -5.3420
v 22.5900 -1.1000 -5.2520
v 22.5400 -1.1000 -5.2520
v 22.5400 2.9000 -5.3420
v 22.5900 2.9000 -5.3420
v 22.5900 2.9000 -5.2520
v 22.5400 2.9000 -5.2520
v 21.4100 -1.1000 -5.0450
v 21.4600 -1.1000 -5.0450
v 21.4600 -1.1000 -4.9550
v 21.4100 -1.1000 -4.9550
v 21.4100 2.9000 -5.0450
v 21.4600 2.9000 -5.0450
v 21.4600 2.9000 -4.9550
v 21.4100 2.9000 -4.9550
v 22.5400 -1.1000 -5.0450
v 22.5900 -1.1000 -5.0450
v 22.5900 -1.1000 -4.9550
v 22.5400 -1.1000 -4.9550
v 22.5400 2.9000 -5.0450
v 22.5900 2.9000 -5.0450
v 22.5900 2.9000 -4.9550
v 22.5400 2.9000 -4.9550
v 21.4100 -1.1000 -4.7480
v 21.4600 -1.1000 -4.7480
v 21.4600 -1.1000 -4.6580
v 21.4100 -1.1000 -4.6580
v 21.4100 2.9000 -4.7480
v 21.4600 2.9000 -4.7480
v 21.4600 2.9000 -4.6580
v 21.4100 2.9000 -4.6580
v 22.5400 -1.1000 -4.7480
v 22.5900 -1.1000 -4.7480
v 22.5900 -1.1000 -4.6580
v 22.5400 -1.1000 -4.6580
v 22.5400 2.9000 -4.7480
v 22.5900 2.9000 -4.7480
v 22.5900 2.9000 -4.6580
v 22.5400 2.9000 -4.6580
v 21.4335 -0.4500 -5.5665
v 22.5665 -0.4500 -5.5665
v 22.5665 -0.4500 -4.4335
v 21.4335 -0.4500 -4.4335
v 21.4335 0.4500 -5.5665
v 22.5665 0.4500 -5.5665
v 22.5665 0.4500 -4.4335
v 21.4335 0.4500 -4.4335
v 21.2850 -0.2100 -5.7150
v 22.7150 -0.2100 -5.7150
v 22.7150 -0.2100 -4.2850
v 21.2850 -0.2100 -4.2850
v 21.2850 0.2100 -5.7150
v 22.7150 0.2100 -5.7150
v 22.7150 0.2100 -4.2850
v 21.2850 0.2100 -4.2850
v 21.2630 4.8700 -5.7370
v 22.7370 4.8700 -5.7370
v 22.7370 4.8700 -4.2630
v 21.2630 4.8700 -4.2630
v 21.2630 5.2900 -5.7370
v 22.7370 5.2900 -5.7370
v 22.7370 5.2900 -4.2630
v 21.2630 5.2900 -4.2630
v 21.4500 -2.7500 4.4500
v 22.5500 -2.7500 4.4500
v 22.5500 -2.7500 5.5500
v 21.4500 -2.7500 5.5500
v 21.4500 2.7500 4.4500
v 22.5500 2.7500 4.4500
v 22.5500 2.7500 5.5500
v 21.4500 2.7500 5.5500
v 21.6580 -1.1000 4.4100
v 21.7480 -1.1000 4.4100
v 21.7480 -1.1000 4.4600
v 21.6580 -1.1000 4.4600
v 21.6580 2.9000 4.4100
v 21.7480 2.9000 4.4100
v 21.7480 2.9000 4.4600
v 21.6580 2.9000 4.4600
v 21.6580 -1.1000 5.5400
v 21.7480 -1.1000 5.5400
v 21.7480 -1.1000 5.5900
v 21.6580 -1.1000 5.5900
v 21.6580 2.9000 5.5400
v 21.7480 2.9000 5.5400
v 21.7480 2.9000 5.5900
v 21.6580 2.9000 5.5900
v 21.9550 -1.1000 4.4100
v 22.0450 -1.1000 4.4100
v 22.0450 -1.1000 4.4600
v 21.9550 -1.1000 4.4600
v 21.9550 2.9000 4.4100
v 22.0450 2.9000 4.4100
v 22.0450 2.9000 4.4600
v 21.9550 2.9000 4.4600
v 21.9550 -1.1000 5.5400
v 22.0450 -1.1000 5.5400
v 22.0450 -1.1000 5.5900
v 21.9550 -1.1000 5.5900
v 21.9550 2.9000 5.5400
v 22.0450 2.9000 5.5400
v 22.0450 2.9000 5.5900
v 21.9550 2.9000 5.5900
v 22.2520 -1.1000 4.4100
v 22.3420 -1.1000 4.4100
v 22.3420 -1.1000 4.4600
v 22.2520 -1.1000 4.4600
v 22.2520 2.9000 4.4100
v 22.3420 2.9000 4.4100
v 22.3420 2.9000 4.4600
v 22.2520 2.9000 4.4600
v 22.2520 -1.1000 5.5400
v 22.3420 -1.1000 5.5400
v 22.3420 -1.1000 5.5900
v 22.2520 -1.1000 5.5900
v 22.2520 2.9000 5.5400
v 22.3420 2.9000 5.5400
v 22.3420 2.9000 5.5900
v 22.2520 2.9000 5.5900
v 21.4100 -1.1000 4.6580
v 21.4600 -1.1000 4.6580
v 21.4600 -1.1000 4.7480
v 21.4100 -1.1000 4.7480
v 21.4100 2.9000 4.6580
v 21.4600 2.9000 4.6580
v 21.4600 2.9000 4.7480
v 21.4100 2.9000 4.7480
v 22.5400 -1.1000 4.6580
v 22.5900 -1.1000 4.6580
v 22.5900 -1.1000 4.7480
v 22.5400 -1.1000 4.7480
v 22.5400 2.9000 4.6580
v 22.5900 2.9000 4.6580
v 22.5900 2.9000 4.7480
v 22.5400 2.9000 4.7480
v 21.4100 -1.1000 4.9550
v 21.4600 -1.1000 4.9550
v 21.4600 -1.1000 5.0450
v 21.4100 -1.1000 5.0450
v 21.4100 2.9000 4.9550
v 21.4600 2.9000 4.9550
v 21.4600 2.9000 5.0450
v 21.4100 2.9000 5.0450
v 22.5400 -1.1000 4.9550
v 22.5900 -1.1000 4.9550
v 22.5900 -1.1000 5.0450
v 22.5400 -1.1000 5.0450
v 22.5400 2.9000 4.9550
v 22.5900 2.9000 4.9550
v 22.5900 2.9000 5.0450
v 22.5400 2.9000 5.0450
v 21.4100 -1.1000 5.2520
v 21.4600 -1.1000 5.2520
v 21.4600 -1.1000 5.3420
v 21.4100 -1.1000 5.3420
v 21.4100 2.9000 5.2520
v 21.4600 2.9000 5.2520
v 21.4600 2.9000 5.3420
v 21.4100 2.9000 5.3420
v 22.5400 -1.1000 5.2520
v 22.5900 -1.1000 5.2520
v 22.5900 -1.1000 5.3420
v 22.5400 -1.1000 5.3420
v 22.5400 2.9000 5.2520
v 22.5900 2.9000 5.2520
v 22.5900 2.9000 5.3420
v 22.5400 2.9000 5.3420
v 21.4335 -0.4500 4.4335
v 22.5665 -0.4500 4.4335
v 22.5665 -0.4500 5.5665
v 21.4335 -0.4500 5.5665
v 21.4335 0.4500 4.4335
v 22.5665 0.4500 4.4335
v 22.5665 0.4500 5.5665
v 21.4335 0.4500 5.5665
v 21.2850 -0.2100 4.2850
v 22.7150 -0.2100 4.2850
v 22.7150 -0.2100 5.7150
v 21.2850 -0.2100 5.7150
v 21.2850 0.2100 4.2850
v 22.7150 0.2100 4.2850
v 22.7150 0.2100 5.7150
v 21.2850 0.2100 5.7150
v 21.2630 4.8700 4.2630
v 22.7370 4.8700 4.2630
v 22.7370 4.8700 5.7370
v 21.2630 4.8700 5.7370
v 21.2630 5.2900 4.2630
v 22.7370 5.2900 4.2630
v 22.7370 5.2900 5.7370
v 21.2630 5.2900 5.7370
v 25.4500 -2.7500 -5.5500
v 26.5500 -2.7500 -5.5500
v 26.5500 -2.7500 -4.4500
v 25.4500 -2.7500 -4.4500
v 25.4500 2.7500 -5.5500
v 26.5500 2.7500 -5.5500
v 26.5500 2.7500 -4.4500
v 25.4500 2.7500 -4.4500
v 25.6580 -1.1000 -5.5900
v 25.7480 -1.1000 -5.5900
v 25.7480 -1.1000 -5.5400
v 25.6580 -1.1000 -5.5400
v 25.6580 2.9000 -5.5900
v 25.7480 2.9000 -5.5900
v 25.7480 2.9000 -5.5400
v 25.6580 2.9000 -5.5400
v 25.6580 -1.1000 -4.4600
v 25.7480 -1.1000 -4.4600
v 25.7480 -1.1000 -4.4100
v 25.6580 -1.1000 -4.4100
v 25.6580 2.9000 -4.4600
v 25.7480 2.9000 -4.4600
v 25.7480 2.9000 -4.4100
v 25.6580 2.9000 -4.4100
v 25.9550 -1.1000 -5.5900
v 26.0450 -1.1000 -5.5900
v 26.0450 -1.1000 -5.5400
v 25.9550 -1.1000 -5.5400
v 25.9550 2.9000 -5.5900
v 26.0450 2.9000 -5.5900
v 26.0450 2.9000 -5.5400
v 25.9550 2.9000 -5.5400
v 25.9550 -1.1000 -4.4600
v 26.0450 -1.1000 -4.4600
v 26.0450 -1.1000 -4.4100
v 25.9550 -1.1000 -4.4100
v 25.9550 2.9000 -4.4600
v 26.0450 2.9000 -4.4600
v 26.0450 2.9000 -4.4100
v 25.9550 2.9000 -4.4100
v 26.2520 -1.1000 -5.5900
v 26.3420 -1.1000 -5.5900
v 26.3420 -1.1000 -5.5400
v 26.2520 -1.1000 -5.5400
v 26.2520 2.9000 -5.5900
v 26.3420 2.9000 -5.5900
v 26.3420 2.9000 -5.5400
v 26.2520 2.9000 -5.5400
v 26.2520 -1.1000 -4.4600
v 26.3420 -1.1000 -4.4600
v 26.3420 -1.1000 -4.4100
v 26.2520 -1.1000 -4.4100
v 26.2520 2.9000 -4.4600
v 26.3420 2.9000 -4.4600
v 26.3420 2.9000 -4.4100
v 26.2520 2.9000 -4.4100
v 25.4100 -1.1000 -5.3420
v 25.4600 -1.1000 -5.3420
v 25.4600 -1.1000 -5.2520
v 25.4100 -1.1000 -5.2520
v 25.4100 2.9000 -5.3420
v 25.4600 2.9000 -5.3420
v 25.4600 2.9000 -5.2520
v 25.4100 2.9000 -5.2520
v 26.5400 -1.1000 -5.3420
v 26.5900 -1.1000 -5.3420
v 26.5900 -1.1000 -5.2520
v 26.5400 -1.1000 -5.2520
v 26.5400 2.9000 -5.3420
v 26.5900 2.9000 -5.3420
v 26.5900 2.9000 -5.2520
v 26.5400 2.9000 -5.2520
v 25.4100 -1.1000 -5.0450
v 25.4600 -1.1000 -5.0450
v 25.4600 -1.1000 -4.9550
v 25.4100 -1.1000 -4.9550
v 25.4100 2.9000 -5.0450
v 25.4600 2.9000 -5.0450
v 25.4600 2.9000 -4.9550
v 25.4100 2.9000 -4.9550
v 26.5400 -1.1000 -5.0450
v 26.5900 -1.1000 -5.0450
v 26.5900 -1.1000 -4.9550
v 26.5400 -1.1000 -4.9550
v 26.5400 2.9000 -5.0450
v 26.5900 2.9000 -5.0450
v 26.5900 2.9000 -4.9550
v 26.5400 2.9000 -4.9550
v 25.4100 -1.1000 -4.7480
v 25.4600 -1.1000 -4.7480
v 25.4600 -1.1000 -4.6580
v 25.4100 -1.1000 -4.6580
v 25.4100 2.9000 -4.7480
v 25.4600 2.9000 -4.7480
v 25.4600 2.9000 -4.6580
v 25.4100 2.9000 -4.6580
v 26.5400 -1.1000 -4.7480
v 26.5900 -1.1000 -4.7480
v 26.5900 -1.1000 -4.6580
v 26.5400 -1.1000 -4.6580
v 26.5400 2.9000 -4.7480
v 26.5900 2.9000 -4.7480
v 26.5900 2.9000 -4.6580
v 26.5400 2.9000 -4.6580
v 25.4335 -0.4500 -5.5665
v 26.5665 -0.4500 -5.5665
v 26.5665 -0.4500 -4.4335
v 25.4335 -0.4500 -4.4335
v 25.4335 0.4500 -5.5665
v 26.5665 0.4500 -5.5665
v 26.5665 0.4500 -4.4335
v 25.4335 0.4500 -4.4335
v 25.2850 -0.2100 -5.7150
v 26.7150 -0.2100 -5.7150
v 26.7150 -0.2100 -4.2850
v 25.2850 -0.2100 -4.2850
v 25.2850 0.2100 -5.7150
v 26.7150 0.2100 -5.7150
v 26.7150 0.2100 -4.2850
v 25.2850 0.2100 -4.2850
v 25.2630 4.8700 -5.7370
v 26.7370 4.8700 -5.7370
v 26.7370 4.8700 -4.2630
v 25.2630 4.8700 -4.2630
v 25.2630 5.2900 -5.7370
v 26.7370 5.2900 -5.7370
v 26.7370 5.2900 -4.2630
v 25.2630 5.2900 -4.2630
v 25.4500 -2.7500 4.4500
v 26.5500 -2.7500 4.4500
v 26.5500 -2.7500 5.5500
v 25.4500 -2.7500 5.5500
v 25.4500 2.7500 4.4500
v 26.5500 2.7500 4.4500
v 26.5500 2.7500 5.5500
v 25.4500 2.7500 5.5500
v 25.6580 -1.1000 4.4100
v 25.7480 -1.1000 4.4100
v 25.7480 -1.1000 4.4600
v 25.6580 -1.1000 4.4600
v 25.6580 2.9000 4.4100
v 25.7480 2.9000 4.4100
v 25.7480 2.9000 4.4600
v 25.6580 2.9000 4.4600
v 25.6580 -1.1000 5.5400
v 25.7480 -1.1000 5.5400
v 25.7480 -1.1000 5.5900
v 25.6580 -1.1000 5.5900
v 25.6580 2.9000 5.5400
v 25.7480 2.9000 5.5400
v 25.7480 2.9000 5.5900
v 25.6580 2.9000 5.5900
v 25.9550 -1.1000 4.4100
v 26.0450 -1.1000 4.4100
v 26.0450 -1.1000 4.4600
v 25.9550 -1.1000 4.4600
v 25.9550 2.9000 4.4100
v 26.0450 2.9000 4.4100
v 26.0450 2.9000 4.4600
v 25.9550 2.9000 4.4600
v 25.9550 -1.1000 5.5400
v 26.0450 -1.1000 5.5400
v 26.0450 -1.1000 5.5900
v 25.9550 -1.1000 5.5900
v 25.9550 2.9000 5.5400
v 26.0450 2.9000 5.5400
v 26.0450 2.9000 5.5900
v 25.9550 2.9000 5.5900
v 26.2520 -1.1000 4.4100
v 26.3420 -1.1000 4.4100
v 26.3420 -1.1000 4.4600
v 26.2520 -1.1000 4.4600
v 26.2520 2.9000 4.4100
v 26.3420 2.9000 4.4100
v 26.3420 2.9000 4.4600
v 26.2520 2.9000 4.4600
v 26.2520 -1.1000 5.5400
v 26.3420 -1.1000 5.5400
v 26.3420 -1.1000 5.5900
v 26.2520 -1.1000 5.5900
v 26.2520 2.9000 5.5400
v 26.3420 2.9000 5.5400
v 26.3420 2.9000 5.5900
v 26.2520 2.9000 5.5900
v 25.4100 -1.1000 4.6580
v 25.4600 -1.1000 4.6580
v 25.4600 -1.1000 4.7480
v 25.4100 -1.1000 4.7480
v 25.4100 2.9000 4.6580
v 25.4600 2.9000 4.6580
v 25.4600 2.9000 4.7480
v 25.4100 2.9000 4.7480
v 26.5400 -1.1000 4.6580
v 26.5900 -1.1000 4.6580
v 26.5900 -1.1000 4.7480
v 26.5400 -1.1000 4.7480
v 26.5400 2.9000 4.6580
v 26.5900 2.9000 4.6580
v 26.5900 2.9000 4.7480
v 26.5400 2.9000 4.7480
v 25.4100 -1.1000 4.9550
v 25.4600 -1.1000 4.9550
v 25.4600 -1.1000 5.0450
v 25.4100 -1.1000 5.0450
v 25.4100 2.9000 4.9550
v 25.4600 2.9000 4.9550
v 25.4600 2.9000 5.0450
v 25.4100 2.9000 5.0450
v 26.5400 -1.1000 4.9550
v 26.5900 -1.1000 4.9550
v 26.5900 -1.1000 5.0450
v 26.5400 -1.1000 5.0450
v 26.5400 2.9000 4.9550
v 26.5900 2.9000 4.9550
v 26.5900 2.9000 5.0450
v 26.5400 2.9000 5.0450
v 25.4100 -1.1000 5.2520
v 25.4600 -1.1000 5.2520
v 25.4600 -1.1000 5.3420
v 25.4100 -1.1000 5.3420
v 25.4100 2.9000 5.2520
v 25.4600 2.9000 5.2520
v 25.4600 2.9000 5.3420
v 25.4100 2.9000 5.3420
v 26.5400 -1.1000 5.2520
v 26.5900 -1.1000 5.2520
v 26.5900 -1.1000 5.3420
v 26.5400 -1.1000 5.3420
v 26.5400 2.9000 5.2520
v 26.5900 2.9000 5.2520
v 26.5900 2.9000 5.3420
v 26.5400 2.9000 5.3420
v 25.4335 -0.4500 4.4335
v 26.5665 -0.4500 4.4335
v 26.5665 -0.4500 5.5665
v 25.4335 -0.4500 5.5665
v 25.4335 0.4500 4.4335
v 26.5665 0.4500 4.4335
v 26.5665 0.4500 5.5665
v 25.4335 0.4500 5.5665
v 25.2850 -0.2100 4.2850
v 26.7150 -0.2100 4.2850
v 26.7150 -0.2100 5.7150
v 25.2850 -0.2100 5.7150
v 25.2850 0.2100 4.2850
v 26.7150 0.2100 4.2850
v 26.7150 0.2100 5.7150
v 25.2850 0.2100 5.7150
v 25.2630 4.8700 4.2630
v 26.7370 4.8700 4.2630
v 26.7370 4.8700 5.7370
v 25.2630 4.8700 5.7370
v 25.2630 5.2900 4.2630
v 26.7370 5.2900 4.2630
v 26.7370 5.2900 5.7370
v 25.2630 5.2900 5.7370
v 29.4500 -2.7500 -5.5500
v 30.5500 -2.7500 -5.5500
v 30.5500 -2.7500 -4.4500
v 29.4500 -2.7500 -4.4500
v 29.4500 2.7500 -5.5500
v 30.5500 2.7500 -5.5500
v 30.5500 2.7500 -4.4500
v 29.4500 2.7500 -4.4500
v 29.6580 -1.1000 -5.5900
v 29.7480 -1.1000 -5.5900
v 29.7480 -1.1000 -5.5400
v 29.6580 -1.1000 -5.5400
v 29.6580 2.9000 -5.5900
v 29.7480 2.9000 -5.5900
v 29.7480 2.9000 -5.5400
v 29.6580 2.9000 -5.5400
v 29.6580 -1.1000 -4.4600
v 29.7480 -1.1000 -4.4600
v 29.7480 -1.1000 -4.4100
v 29.6580 -1.1000 -4.4100
v 29.6580 2.9000 -4.4600
v 29.7480 2.9000 -4.4600
v 29.7480 2.9000 -4.4100
v 29.6580 2.9000 -4.4100
v 29.9550 -1.1000 -5.5900
v 30.0450 -1.1000 -5.5900
v 30.0450 -1.1000 -5.5400
v 29.9550 -1.1000 -5.5400
v 29.9550 2.9000 -5.5900
v 30.0450 2.9000 -5.5900
v 30.0450 2.9000 -5.5400
v 29.9550 2.9000 -5.5400
v 29.9550 -1.1000 -4.4600
v 30.0450 -1.1000 -4.4600
v 30.0450 -1.1000 -4.4100
v 29.9550 -1.1000 -4.4100
v 29.9550 2.9000 -4.4600
v 30.0450 2.9000 -4.4600
v 30.0450 2.9000 -4.4100
v 29.9550 2.9000 -4.4100
v 30.2520 -1.1000 -5.5900
v 30.3420 -1.1000 -5.5900
v 30.3420 -1.1000 -5.5400
v 30.2520 -1.1000 -5.5400
v 30.2520 2.9000 -5.5900
v 30.3420 2.9000 -5.5900
v 30.3420 2.9000 -5.5400
v 30.2520 2.9000 -5.5400
v 30.2520 -1.1000 -4.4600
v 30.3420 -1.1000 -4.4600
v 30.3420 -1.1000 -4.4100
v 30.2520 -1.1000 -4.4100
v 30.2520 2.9000 -4.4600
v 30.3420 2.9000 -4.4600
v 30.3420 2.9000 -4.4100
v 30.2520 2.9000 -4.4100
v 29.4100 -1.1000 -5.3420
v 29.4600 -1.1000 -5.3420
v 29.4600 -1.1000 -5.2520
v 29.4100 -1.1000 -5.2520
v 29.4100 2.9000 -5.3420
v 29.4600 2.9000 -5.3420
v 29.4600 2.9000 -5.2520
v 29.4100 2.9000 -5.2520
v 30.5400 -1.1000 -5.3420
v 30.5900 -1.1000 -5.3420
v 30.5900 -1.1000 -5.2520
v 30.5400 -1.1000 -5.2520
v 30.5400 2.9000 -5.3420
v 30.5900 2.9000 -5.3420
v 30.5900 2.9000 -5.2520
v 30.5400 2.9000 -5.2520
v 29.4100 -1.1000 -5.0450
v 29.4600 -1.1000 -5.0450
v 29.4600 -1.1000 -4.9550
v 29.4100 -1.1000 -4.9550
v 29.4100 2.9000 -5.0450
v 29.4600 2.9000 -5.0450
v 29.4600 2.9000 -4.9550
v 29.4100 2.9000 -4.9550
v 30.5400 -1.1000 -5.0450
v 30.5900 -1.1000 -5.0450
v 30.5900 -1.1000 -4.9550
v 30.5400 -1.1000 -4.9550
v 30.5400 2.9000 -5.0450
v 30.5900 2.9000 -5.0450
v 30.5900 2.9000 -4.9550
v 30.5400 2.9000 -4.9550
v 29.4100 -1.1000 -4.7480
v 29.4600 -1.1000 -4.7480
v 29.4600 -1.1000 -4.6580
v 29.4100 -1.1000 -4.6580
v 29.4100 2.9000 -4.7480
v 29.4600 2.9000 -4.7480
v 29.4600 2.9000 -4.6580
v 29.4100 2.9000 -4.6580
v 30.5400 -1.1000 -4.7480
v 30.5900 -1.1000 -4.7480
v 30.5900 -1.1000 -4.6580
v 30.5400 -1.1000 -4.6580
v 30.5400 2.9000 -4.7480
v 30.5900 2.9000 -4.7480
v 30.5900 2.9000 -4.6580
v 30.5400 2.9000 -4.6580
v 29.4335 -0.4500 -5.5665
v 30.5665 -0.4500 -5.5665
v 30.5665 -0.4500 -4.4335
v 29.4335 -0.4500 -4.4335
v 29.4335 0.4500 -5.5665
v 30.5665 0.4500 -5.5665
v 30.5665 0.4500 -4.4335
v 29.4335 0.4500 -4.4335
v 29.2850 -0.2100 -5.7150
v 30.7150 -0.2100 -5.7150
v 30.7150 -0.2100 -4.2850
v 29.2850 -0.2100 -4.2850
v 29.2850 0.2100 -5.7150
v 30.7150 0.2100 -5.7150
v 30.7150 0.2100 -4.2850
v 29.2850 0.2100 -4.2850
v 29.2630 4.8700 -5.7370
v 30.7370 4.8700 -5.7370
v 30.7370 4.8700 -4.2630
v 29.2630 4.8700 -4.2630
v 29.2630 5.2900 -5.7370
v 30.7370 5.2900 -5.7370
v 30.7370 5.2900 -4.2630
v 29.2630 5.2900 -4.2630
v 29.4500 -2.7500 4.4500
v 30.5500 -2.7500 4.4500
v 30.5500 -2.7500 5.5500
v 29.4500 -2.7500 5.5500
v 29.4500 2.7500 4.4500
v 30.5500 2.7500 4.4500
v 30.5500 2.7500 5.5500
v 29.4500 2.7500 5.5500
v 29.6580 -1.1000 4.4100
v 29.7480 -1.1000 4.4100
v 29.7480 -1.1000 4.4600
v 29.6580 -1.1000 4.4600
v 29.6580 2.9000 4.4100
v 29.7480 2.9000 4.4100
v 29.7480 2.9000 4.4600
v 29.6580 2.9000 4.4600
v 29.6580 -1.1000 5.5400
v 29.7480 -1.1000 5.5400
v 29.7480 -1.1000 5.5900
v 29.6580 -1.1000 5.5900
v 29.6580 2.9000 5.5400
v 29.7480 2.9000 5.5400
v 29.7480 2.9000 5.5900
v 29.6580 2.9000 5.5900
v 29.9550 -1.1000 4.4100
v 30.0450 -1.1000 4.4100
v 30.0450 -1.1000 4.4600
v 29.9550 -1.1000 4.4600
v 29.9550 2.9000 4.4100
v 30.0450 2.9000 4.4100
v 30.0450 2.9000 4.4600
v 29.9550 2.9000 4.4600
v 29.9550 -1.1000 5.5400
v 30.0450 -1.1000 5.5400
v 30.0450 -1.1000 5.5900
v 29.9550 -1.1000 5.5900
v 29.9550 2.9000 5.5400
v 30.0450 2.9000 5.5400
v 30.0450 2.9000 5.5900
v 29.9550 2.9000 5.5900
v 30.2520 -1.1000 4.4100
v 30.3420 -1.1000 4.4100
v 30.3420 -1.1000 4.4600
v 30.2520 -1.1000 4.4600
v 30.2520 2.9000 4.4100
v 30.3420 2.9000 4.4100
v 30.3420 2.9000 4.4600
v 30.2520 2.9000 4.4600
v 30.2520 -1.1000 5.5400
v 30.3420 -1.1000 5.5400
v 30.3420 -1.1000 5.5900
v 30.2520 -1.1000 5.5900
v 30.2520 2.9000 5.5400
v 30.3420 2.9000 5.5400
v 30.3420 2.9000 5.5900
v 30.2520 2.9000 5.5900
v 29.4100 -1.1000 4.6580
v 29.4600 -1.1000 4.6580
v 29.4600 -1.1000 4.7480
v 29.4100 -1.1000 4.7480
v 29.4100 2.9000 4.6580
v 29.4600 2.9000 4.6580
v 29.4600 2.9000 4.7480
v 29.4100 2.9000 4.7480
v 30.5400 -1.1000 4.6580
v 30.5900 -1.1000 4.6580
v 30.5900 -1.1000 4.7480
v 30.5400 -1.1000 4.7480
v 30.5400 2.9000 4.6580
v 30.5900 2.9000 4.6580
v 30.5900 2.9000 4.7480
v 30.5400 2.9000 4.7480
v 29.4100 -1.1000 4.9550
v 29.4600 -1.1000 4.9550
v 29.4600 -1.1000 5.0450
v 29.4100 -1.1000 5.0450
v 29.4100 2.9000 4.9550
v 29.4600 2.9000 4.9550
v 29.4600 2.9000 5.0450
v 29.4100 2.9000 5.0450
v 30.5400 -1.1000 4.9550
v 30.5900 -1.1000 4.9550
v 30.5900 -1.1000 5.0450
v 30.5400 -1.1000 5.0450
v 30.5400 2.9000 4.9550
v 30.5900 2.9000 4.9550
v 30.5900 2.9000 5.0450
v 30.5400 2.9000 5.0450
v 29.4100 -1.1000 5.2520
v 29.4600 -1.1000 5.2520
v 29.4600 -1.1000 5.3420
v 29.4100 -1.1000 5.3420
v 29.4100 2.9000 5.2520
v 29.4600 2.9000 5.2520
v 29.4600 2.9000 5.3420
v 29.4100 2.9000 5.3420
v 30.5400 -1.1000 5.2520
v 30.5900 -1.1000 5.2520
v 30.5900 -1.1000 5.3420
v 30.5400 -1.1000 5.3420
v 30.5400 2.9000 5.2520
v 30.5900 2.9000 5.2520
v 30.5900 2.9000 5.3420
v 30.5400 2.9000 5.3420
v 29.4335 -0.4500 4.4335
v 30.5665 -0.4500 4.4335
v 30.5665 -0.4500 5.5665
v 29.4335 -0.4500 5.5665
v 29.4335 0.4500 4.4335
v 30.5665 0.4500 4.4335
v 30.5665 0.4500 5.5665
v 29.4335 0.4500 5.5665
v 29.2850 -0.2100 4.2850
v 30.7150 -0.2100 4.2850
v 30.7150 -0.2100 5.7150
v 29.2850 -0.2100 5.7150
v 29.2850 0.2100 4.2850
v 30.7150 0.2100 4.2850
v 30.7150 0.2100 5.7150
v 29.2850 0.2100 5.7150
v 29.2630 4.8700 4.2630
v 30.7370 4.8700 4.2630
v 30.7370 4.8700 5.7370
v 29.2630 4.8700 5.7370
v 29.2630 5.2900 4.2630
v 30.7370 5.2900 4.2630
v 30.7370 5.2900 5.7370
v 29.2630 5.2900 5.7370
v 33.4500 -2.7500 -5.5500
v 34.5500 -2.7500 -5.5500
v 34.5500 -2.7500 -4.4500
v 33.4500 -2.7500 -4.4500
v 33.4500 2.7500 -5.5500
v 34.5500 2.7500 -5.5500
v 34.5500 2.7500 -4.4500
v 33.4500 2.7500 -4.4500
v 33.6580 -1.1000 -5.5900
v 33.7480 -1.1000 -5.5900
v 33.7480 -1.1000 -5.5400
v 33.6580 -1.1000 -5.5400
v 33.6580 2.9000 -5.5900
v 33.7480 2.9000 -5.5900
v 33.7480 2.9000 -5.5400
v 33.6580 2.9000 -5.5400
v 33.6580 -1.1000 -4.4600
v 33.7480 -1.1000 -4.4600
v 33.7480 -1.1000 -4.4100
v 33.6580 -1.1000 -4.4100
v 33.6580 2.9000 -4.4600
v 33.7480 2.9000 -4.4600
v 33.7480 2.9000 -4.4100
v 33.6580 2.9000 -4.4100
v 33.9550 -1.1000 -5.5900
v 34.0450 -1.1000 -5.5900
v 34.0450 -1.1000 -5.5400
v 33.9550 -1.1000 -5.5400
v 33.9550 2.9000 -5.5900
v 34.0450 2.9000 -5.5900
v 34.0450 2.9000 -5.5400
v 33.9550 2.9000 -5.5400
v 33.9550 -1.1000 -4.4600
v 34.0450 -1.1000 -4.4600
v 34.0450 -1.1000 -4.4100
v 33.9550 -1.1000 -4.4100
v 33.9550 2.9000 -4.4600
v 34.0450 2.9000 -4.4600
v 34.0450 2.9000 -4.4100
v 33.9550 2.9000 -4.4100
v 34.2520 -1.1000 -5.5900
v 34.3420 -1.1000 -5.5900
v 34.3420 -1.1000 -5.5400
v 34.2520 -1.1000 -5.5400
v 34.2520 2.9000 -5.5900
v 34.3420 2.9000 -5.5900
v 34.3420 2.9000 -5.5400
v 34.2520 2.9000 -5.5400
v 34.2520 -1.1000 -4.4600
v 34.3420 -1.1000 -4.4600
v 34.3420 -1.1000 -4.4100
v 34.2520 -1.1000 -4.4100
v 34.2520 2.9000 -4.4600
v 34.3420 2.9000 -4.4600
v 34.3420 2.9000 -4.4100
v 34.2520 2.9000 -4.4100
v 33.4100 -1.1000 -5.3420
v 33.4600 -1.1000 -5.3420
v 33.4600 -1.1000 -5.2520
v 33.4100 -1.1000 -5.2520
v 33.4100 2.9000 -5.3420
v 33.4600 2.9000 -5.3420
v 33.4600 2.9000 -5.2520
v 33.4100 2.9000 -5.2520
v 34.5400 -1.1000 -5.3420
v 34.5900 -1.1000 -5.3420
v 34.5900 -1.1000 -5.2520
v 34.5400 -1.1000 -5.2520
v 34.5400 2.9000 -5.3420
v 34.5900 2.9000 -5.3420
v 34.5900 2.9000 -5.2520
v 34.5400 2.9000 -5.2520
v 33.4100 -1.1000 -5.0450
v 33.4600 -1.1000 -5.0450
v 33.4600 -1.1000 -4.9550
v 33.4100 -1.1000 -4.9550
v 33.4100 2.9000 -5.0450
v 33.4600 2.9000 -5.0450
v 33.4600 2.9000 -4.9550
v 33.4100 2.9000 -4.9550
v 34.5400 -1.1000 -5.0450
v 34.5900 -1.1000 -5.0450
v 34.5900 -1.1000 -4.9550
v 34.5400 -1.1000 -4.9550
v 34.5400 2.9000 -5.0450
v 34.5900 2.9000 -5.0450
v 34.5900 2.9000 -4.9550
v 34.5400 2.9000 -4.9550
v 33.4100 -1.1000 -4.7480
v 33.4600 -1.1000 -4.7480
v 33.4600 -1.1000 -4.6580
v 33.4100 -1.1000 -4.6580
v 33.4100 2.9000 -4.7480
v 33.4600 2.9000 -4.7480
v 33.4600 2.9000 -4.6580
v 33.4100 2.9000 -4.6580
v 34.5400 -1.1000 -4.7480
v 34.5900 -1.1000 -4.7480
v 34.5900 -1.1000 -4.6580
v 34.5400 -1.1000 -4.6580
v 34.5400 2.9000 -4.7480
v 34.5900 2.9000 -4.7480
v 34.5900 2.9000 -4.6580
v 34.5400 2.9000 -4.6580
v 33.4335 -0.4500 -5.5665
v 34.5665 -0.4500 -5.5665
v 34.5665 -0.4500 -4.4335
v 33.4335 -0.4500 -4.4335
v 33.4335 0.4500 -5.5665
v 34.5665 0.4500 -5.5665
v 34.5665 0.4500 -4.4335
v 33.4335 0.4500 -4.4335
v 33.2850 -0.2100 -5.7150
v 34.7150 -0.2100 -5.7150
v 34.7150 -0.2100 -4.2850
v 33.2850 -0.2100 -4.2850
v 33.2850 0.2100 -5.7150
v 34.7150 0.2100 -5.7150
v 34.7150 0.2100 -4.2850
v 33.2850 0.2100 -4.2850
v 33.2630 4.8700 -5.7370
v 34.7370 4.8700 -5.7370
v 34.7370 4.8700 -4.2630
v 33.2630 4.8700 -4.2630
v 33.2630 5.2900 -5.7370
v 34.7370 5.2900 -5.7370
v 34.7370 5.2900 -4.2630
v 33.2630 5.2900 -4.2630
v 33.4500 -2.7500 4.4500
v 34.5500 -2.7500 4.4500
v 34.5500 -2.7500 5.5500
v 33.4500 -2.7500 5.5500
v 33.4500 2.7500 4.4500
v 34.5500 2.7500 4.4500
v 34.5500 2.7500 5.5500
v 33.4500 2.7500 5.5500
v 33.6580 -1.1000 4.4100
v 33.7480 -1.1000 4.4100
v 33.7480 -1.1000 4.4600
v 33.6580 -1.1000 4.4600
v 33.6580 2.9000 4.4100
v 33.7480 2.9000 4.4100
v 33.7480 2.9000 4.4600
v 33.6580 2.9000 4.4600
v 33.6580 -1.1000 5.5400
v 33.7480 -1.1000 5.5400
v 33.7480 -1.1000 5.5900
v 33.6580 -1.1000 5.5900
v 33.6580 2.9000 5.5400
v 33.7480 2.9000 5.5400
v 33.7480 2.9000 5.5900
v 33.6580 2.9000 5.5900
v 33.9550 -1.1000 4.4100
v 34.0450 -1.1000 4.4100
v 34.0450 -1.1000 4.4600
v 33.9550 -1.1000 4.4600
v 33.9550 2.9000 4.4100
v 34.0450 2.9000 4.4100
v 34.0450 2.9000 4.4600
v 33.9550 2.9000 4.4600
v 33.9550 -1.1000 5.5400
v 34.0450 -1.1000 5.5400
v 34.0450 -1.1000 5.5900
v 33.9550 -1.1000 5.5900
v 33.9550 2.9000 5.5400
v 34.0450 2.9000 5.5400
v 34.0450 2.9000 5.5900
v 33.9550 2.9000 5.5900
v 34.2520 -1.1000 4.4100
v 34.3420 -1.1000 4.4100
v 34.3420 -1.1000 4.4600
v 34.2520 -1.1000 4.4600
v 34.2520 2.9000 4.4100
v 34.3420 2.9000 4.4100
v 34.3420 2.9000 4.4600
v 34.2520 2.9000 4.4600
v 34.2520 -1.1000 5.5400
v 34.3420 -1.1000 5.5400
v 34.3420 -1.1000 5.5900
v 34.2520 -1.1000 5.5900
v 34.2520 2.9000 5.5400
v 34.3420 2.9000 5.5400
v 34.3420 2.9000 5.5900
v 34.2520 2.9000 5.5900
v 33.4100 -1.1000 4.6580
v 33.4600 -1.1000 4.6580
v 33.4600 -1.1000 4.7480
v 33.4100 -1.1000 4.7480
v 33.4100 2.9000 4.6580
v 33.4600 2.9000 4.6580
v 33.4600 2.9000 4.7480
v 33.4100 2.9000 4.7480
v 34.5400 -1.1000 4.6580
v 34.5900 -1.1000 4.6580
v 34.5900 -1.1000 4.7480
v 34.5400 -1.1000 4.7480
v 34.5400 2.9000 4.6580
v 34.5900 2.9000 4.6580
v 34.5900 2.9000 4.7480
v 34.5400 2.9000 4.7480
v 33.4100 -1.1000 4.9550
v 33.4600 -1.1000 4.9550
v 33.4600 -1.1000 5.0450
v 33.4100 -1.1000 5.0450
v 33.4100 2.9000 4.9550
v 33.4600 2.9000 4.9550
v 33.4600 2.9000 5.0450
v 33.4100 2.9000 5.0450
v 34.5400 -1.1000 4.9550
v 34.5900 -1.1000 4.9550
v 34.5900 -1.1000 5.0450
v 34.5400 -1.1000 5.0450
v 34.5400 2.9000 4.9550
v 34.5900 2.9000 4.9550
v 34.5900 2.9000 5.0450
v 34.5400 2.9000 5.0450
v 33.4100 -1.1000 5.2520
v 33.4600 -1.1000 5.2520
v 33.4600 -1.1000 5.3420
v 33.4100 -1.1000 5.3420
v 33.4100 2.9000 5.2520
v 33.4600 2.9000 5.2520
v 33.4600 2.9000 5.3420
v 33.4100 2.9000 5.3420
v 34.5400 -1.1000 5.2520
v 34.5900 -1.1000 5.2520
v 34.5900 -1.1000 5.3420
v 34.5400 -1.1000 5.3420
v 34.5400 2.9000 5.2520
v 34.5900 2.9000 5.2520
v 34.5900 2.9000 5.3420
v 34.5400 2.9000 5.3420
v 33.4335 -0.4500 4.4335
v 34.5665 -0.4500 4.4335
v 34.5665 -0.4500 5.5665
v 33.4335 -0.4500 5.5665
v 33.4335 0.4500 4.4335
v 34.5665 0.4500 4.4335
v 34.5665 0.4500 5.5665
v 33.4335 0.4500 5.5665
v 33.2850 -0.2100 4.2850
v 34.7150 -0.2100 4.2850
v 34.7150 -0.2100 5.7150
v 33.2850 -0.2100 5.7150
v 33.2850 0.2100 4.2850
v 34.7150 0.2100 4.2850
v 34.7150 0.2100 5.7150
v 33.2850 0.2100 5.7150
v 33.2630 4.8700 4.2630
v 34.7370 4.8700 4.2630
v 34.7370 4.8700 5.7370
v 33.2630 4.8700 5.7370
v 33.2630 5.2900 4.2630
v 34.7370 5.2900 4.2630
v 34.7370 5.2900 5.7370
v 33.2630 5.2900 5.7370
v -38.0000 0.0000 16.3000
v 38.0000 0.0000 16.3000
v 38.0000 0.0000 15.7000
v -38.0000 0.0000 15.7000
v -38.0000 3.9000 16.3000
v 38.0000 3.9000 16.3000
v 38.0000 3.9000 15.7000
v -38.0000 3.9000 15.7000
v -38.0000 0.0000 16.3150
v 38.0000 0.0000 16.3150
v 38.0000 0.0000 15.6850
v -38.0000 0.0000 15.6850
v -38.0000 0.9000 16.3150
v 38.0000 0.9000 16.3150
v 38.0000 0.9000 15.6850
v -38.0000 0.9000 15.6850
v -38.3000 0.0000 6.0000
v -38.3000 0.0000 16.0000
v -37.7000 0.0000 16.0000
v -37.7000 0.0000 6.0000
v -38.3000 3.9000 6.0000
v -38.3000 3.9000 16.0000
v -37.7000 3.9000 16.0000
v -37.7000 3.9000 6.0000
v -38.3150 0.0000 6.0000
v -38.3150 0.0000 16.0000
v -37.6850 0.0000 16.0000
v -37.6850 0.0000 6.0000
v -38.3150 0.9000 6.0000
v -38.3150 0.9000 16.0000
v -37.6850 0.9000 16.0000
v -37.6850 0.9000 6.0000
v 37.7000 0.0000 6.0000
v 37.7000 0.0000 16.0000
v 38.3000 0.0000 16.0000
v 38.3000 0.0000 6.0000
v 37.7000 3.9000 6.0000
v 37.7000 3.9000 16.0000
v 38.3000 3.9000 16.0000
v 38.3000 3.9000 6.0000
v 37.6850 0.0000 6.0000
v 37.6850 0.0000 16.0000
v 38.3150 0.0000 16.0000
v 38.3150 0.0000 6.0000
v 37.6850 0.9000 6.0000
v 37.6850 0.9000 16.0000
v 38.3150 0.9000 16.0000
v 38.3150 0.9000 6.0000
v -30.4500 -1.9500 8.5500
v -29.5500 -1.9500 8.5500
v -29.5500 -1.9500 9.4500
v -30.4500 -1.9500 9.4500
v -30.4500 1.9500 8.5500
v -29.5500 1.9500 8.5500
v -29.5500 1.9500 9.4500
v -30.4500 1.9500 9.4500
v -30.4500 -1.9500 12.5500
v -29.5500 -1.9500 12.5500
v -29.5500 -1.9500 13.4500
v -30.4500 -1.9500 13.4500
v -30.4500 1.9500 12.5500
v -29.5500 1.9500 12.5500
v -29.5500 1.9500 13.4500
v -30.4500 1.9500 13.4500
v -24.4500 -1.9500 8.5500
v -23.5500 -1.9500 8.5500
v -23.5500 -1.9500 9.4500
v -24.4500 -1.9500 9.4500
v -24.4500 1.9500 8.5500
v -23.5500 1.9500 8.5500
v -23.5500 1.9500 9.4500
v -24.4500 1.9500 9.4500
v -24.4500 -1.9500 12.5500
v -23.5500 -1.9500 12.5500
v -23.5500 -1.9500 13.4500
v -24.4500 -1.9500 13.4500
v -24.4500 1.9500 12.5500
v -23.5500 1.9500 12.5500
v -23.5500 1.9500 13.4500
v -24.4500 1.9500 13.4500
v -18.4500 -1.9500 8.5500
v -17.5500 -1.9500 8.5500
v -17.5500 -1.9500 9.4500
v -18.4500 -1.9500 9.4500
v -18.4500 1.9500 8.5500
v -17.5500 1.9500 8.5500
v -17.5500 1.9500 9.4500
v -18.4500 1.9500 9.4500
v -18.4500 -1.9500 12.5500
v -17.5500 -1.9500 12.5500
v -17.5500 -1.9500 13.4500
v -18.4500 -1.9500 13.4500
v -18.4500 1.9500 12.5500
v -17.5500 1.9500 12.5500
v -17.5500 1.9500 13.4500
v -18.4500 1.9500 13.4500
v -12.4500 -1.9500 8.5500
v -11.5500 -1.9500 8.5500
v -11.5500 -1.9500 9.4500
v -12.4500 -1.9500 9.4500
v -12.4500 1.9500 8.5500
v -11.5500 1.9500 8.5500
v -11.5500 1.9500 9.4500
v -12.4500 1.9500 9.4500
v -12.4500 -1.9500 12.5500
v -11.5500 -1.9500 12.5500
v -11.5500 -1.9500 13.4500
v -12.4500 -1.9500 13.4500
v -12.4500 1.9500 12.5500
v -11.5500 1.9500 12.5500
v -11.5500 1.9500 13.4500
v -12.4500 1.9500 13.4500
v -6.4500 -1.9500 8.5500
v -5.5500 -1.9500 8.5500
v -5.5500 -1.9500 9.4500
v -6.4500 -1.9500 9.4500
v -6.4500 1.9500 8.5500
v -5.5500 1.9500 8.5500
v -5.5500 1.9500 9.4500
v -6.4500 1.9500 9.4500
v -6.4500 -1.9500 12.5500
v -5.5500 -1.9500 12.5500
v -5.5500 -1.9500 13.4500
v -6.4500 -1.9500 13.4500
v -6.4500 1.9500 12.5500
v -5.5500 1.9500 12.5500
v -5.5500 1.9500 13.4500
v -6.4500 1.9500 13.4500
v -0.4500 -1.9500 8.5500
v 0.4500 -1.9500 8.5500
v 0.4500 -1.9500 9.4500
v -0.4500 -1.9500 9.4500
v -0.4500 1.9500 8.5500
v 0.4500 1.9500 8.5500
v 0.4500 1.9500 9.4500
v -0.4500 1.9500 9.4500
v -0.4500 -1.9500 12.5500
v 0.4500 -1.9500 12.5500
v 0.4500 -1.9500 13.4500
v -0.4500 -1.9500 13.4500
v -0.4500 1.9500 12.5500
v 0.4500 1.9500 12.5500
v 0.4500 1.9500 13.4500
v -0.4500 1.9500 13.4500
v 5.5500 -1.9500 8.5500
v 6.4500 -1.9500 8.5500
v 6.4500 -1.9500 9.4500
v 5.5500 -1.9500 9.4500
v 5.5500 1.9500 8.5500
v 6.4500 1.9500 8.5500
v 6.4500 1.9500 9.4500
v 5.5500 1.9500 9.4500
v 5.5500 -1.9500 12.5500
v 6.4500 -1.9500 12.5500
v 6.4500 -1.9500 13.4500
v 5.5500 -1.9500 13.4500
v 5.5500 1.9500 12.5500
v 6.4500 1.9500 12.5500
v 6.4500 1.9500 13.4500
v 5.5500 1.9500 13.4500
v 11.5500 -1.9500 8.5500
v 12.4500 -1.9500 8.5500
v 12.4500 -1.9500 9.4500
v 11.5500 -1.9500 9.4500
v 11.5500 1.9500 8.5500
v 12.4500 1.9500 8.5500
v 12.4500 1.9500 9.4500
v 11.5500 1.9500 9.4500
v 11.5500 -1.9500 12.5500
v 12.4500 -1.9500 12.5500
v 12.4500 -1.9500 13.4500
v 11.5500 -1.9500 13.4500
v 11.5500 1.9500 12.5500
v 12.4500 1.9500 12.5500
v 12.4500 1.9500 13.4500
v 11.5500 1.9500 13.4500
v 17.5500 -1.9500 8.5500
v 18.4500 -1.9500 8.5500
v 18.4500 -1.9500 9.4500
v 17.5500 -1.9500 9.4500
v 17.5500 1.9500 8.5500
v 18.4500 1.9500 8.5500
v 18.4500 1.9500 9.4500
v 17.5500 1.9500 9.4500
v 17.5500 -1.9500 12.5500
v 18.4500 -1.9500 12.5500
v 18.4500 -1.9500 13.4500
v 17.5500 -1.9500 13.4500
v 17.5500 1.9500 12.5500
v 18.4500 1.9500 12.5500
v 18.4500 1.9500 13.4500
v 17.5500 1.9500 13.4500
v 23.5500 -1.9500 8.5500
v 24.4500 -1.9500 8.5500
v 24.4500 -1.9500 9.4500
v 23.5500 -1.9500 9.4500
v 23.5500 1.9500 8.5500
v 24.4500 1.9500 8.5500
v 24.4500 1.9500 9.4500
v 23.5500 1.9500 9.4500
v 23.5500 -1.9500 12.5500
v 24.4500 -1.9500 12.5500
v 24.4500 -1.9500 13.4500
v 23.5500 -1.9500 13.4500
v 23.5500 1.9500 12.5500
v 24.4500 1.9500 12.5500
v 24.4500 1.9500 13.4500
v 23.5500 1.9500 13.4500
v 29.5500 -1.9500 8.5500
v 30.4500 -1.9500 8.5500
v 30.4500 -1.9500 9.4500
v 29.5500 -1.9500 9.4500
v 29.5500 1.9500 8.5500
v 30.4500 1.9500 8.5500
v 30.4500 1.9500 9.4500
v 29.5500 1.9500 9.4500
v 29.5500 -1.9500 12.5500
v 30.4500 -1.9500 12.5500
v 30.4500 -1.9500 13.4500
v 29.5500 -1.9500 13.4500
v 29.5500 1.9500 12.5500
v 30.4500 1.9500 12.5500
v 30.4500 1.9500 13.4500
v 29.5500 1.9500 13.4500
v -38.0000 3.9000 6.0000
v 38.0000 3.9000 6.0000
v 38.0000 3.9000 16.0000
v -38.0000 3.9000 16.0000
v -38.0000 4.3000 6.0000
v 38.0000 4.3000 6.0000
v 38.0000 4.3000 16.0000
v -38.0000 4.3000 16.0000
v -34.0000 3.6400 10.5000
v -31.8000 3.6400 10.5000
v -31.8000 3.6400 11.7000
v -34.0000 3.6400 11.7000
v -34.0000 3.8600 10.5000
v -31.8000 3.8600 10.5000
v -31.8000 3.8600 11.7000
v -34.0000 3.8600 11.7000
v -27.6000 3.6400 10.5000
v -25.4000 3.6400 10.5000
v -25.4000 3.6400 11.7000
v -27.6000 3.6400 11.7000
v -27.6000 3.8600 10.5000
v -25.4000 3.8600 10.5000
v -25.4000 3.8600 11.7000
v -27.6000 3.8600 11.7000
v -21.2000 3.6400 10.5000
v -19.0000 3.6400 10.5000
v -19.0000 3.6400 11.7000
v -21.2000 3.6400 11.7000
v -21.2000 3.8600 10.5000
v -19.0000 3.8600 10.5000
v -19.0000 3.8600 11.7000
v -21.2000 3.8600 11.7000
v -14.8000 3.6400 10.5000
v -12.6000 3.6400 10.5000
v -12.6000 3.6400 11.7000
v -14.8000 3.6400 11.7000
v -14.8000 3.8600 10.5000
v -12.6000 3.8600 10.5000
v -12.6000 3.8600 11.7000
v -14.8000 3.8600 11.7000
v -8.4000 3.6400 10.5000
v -6.2000 3.6400 10.5000
v -6.2000 3.6400 11.7000
v -8.4000 3.6400 11.7000
v -8.4000 3.8600 10.5000
v -6.2000 3.8600 10.5000
v -6.2000 3.8600 11.7000
v -8.4000 3.8600 11.7000
v -2.0000 3.6400 10.5000
v 0.2000 3.6400 10.5000
v 0.2000 3.6400 11.7000
v -2.0000 3.6400 11.7000
v -2.0000 3.8600 10.5000
v 0.2000 3.8600 10.5000
v 0.2000 3.8600 11.7000
v -2.0000 3.8600 11.7000
v 4.4000 3.6400 10.5000
v 6.6000 3.6400 10.5000
v 6.6000 3.6400 11.7000
v 4.4000 3.6400 11.7000
v 4.4000 3.8600 10.5000
v 6.6000 3.8600 10.5000
v 6.6000 3.8600 11.7000
v 4.4000 3.8600 11.7000
v 10.8000 3.6400 10.5000
v 13.0000 3.6400 10.5000
v 13.0000 3.6400 11.7000
v 10.8000 3.6400 11.7000
v 10.8000 3.8600 10.5000
v 13.0000 3.8600 10.5000
v 13.0000 3.8600 11.7000
v 10.8000 3.8600 11.7000
v 17.2000 3.6400 10.5000
v 19.4000 3.6400 10.5000
v 19.4000 3.6400 11.7000
v 17.2000 3.6400 11.7000
v 17.2000 3.8600 10.5000
v 19.4000 3.8600 10.5000
v 19.4000 3.8600 11.7000
v 17.2000 3.8600 11.7000
v 23.6000 3.6400 10.5000
v 25.8000 3.6400 10.5000
v 25.8000 3.6400 11.7000
v 23.6000 3.6400 11.7000
v 23.6000 3.8600 10.5000
v 25.8000 3.8600 10.5000
v 25.8000 3.8600 11.7000
v 23.6000 3.8600 11.7000
v 30.0000 3.6400 10.5000
v 32.2000 3.6400 10.5000
v 32.2000 3.6400 11.7000
v 30.0000 3.6400 11.7000
v 30.0000 3.8600 10.5000
v 32.2000 3.8600 10.5000
v 32.2000 3.8600 11.7000
v 30.0000 3.8600 11.7000
v -38.0000 0.0000 -8.2000
v 38.0000 0.0000 -8.2000
v 38.0000 0.0000 -8.8000
v -38.0000 0.0000 -8.8000
v -38.0000 3.5000 -8.2000
v 38.0000 3.5000 -8.2000
v 38.0000 3.5000 -8.8000
v -38.0000 3.5000 -8.8000
v -38.0000 0.0000 -8.1850
v 38.0000 0.0000 -8.1850
v 38.0000 0.0000 -8.8150
v -38.0000 0.0000 -8.8150
v -38.0000 0.9000 -8.1850
v 38.0000 0.9000 -8.1850
v 38.0000 0.9000 -8.8150
v -38.0000 0.9000 -8.8150
v -38.3000 0.0000 -8.5000
v -38.3000 0.0000 -6.0000
v -37.7000 0.0000 -6.0000
v -37.7000 0.0000 -8.5000
v -38.3000 3.5000 -8.5000
v -38.3000 3.5000 -6.0000
v -37.7000 3.5000 -6.0000
v -37.7000 3.5000 -8.5000
v -38.3150 0.0000 -8.5000
v -38.3150 0.0000 -6.0000
v -37.6850 0.0000 -6.0000
v -37.6850 0.0000 -8.5000
v -38.3150 0.9000 -8.5000
v -38.3150 0.9000 -6.0000
v -37.6850 0.9000 -6.0000
v -37.6850 0.9000 -8.5000
v 37.7000 0.0000 -8.5000
v 37.7000 0.0000 -6.0000
v 38.3000 0.0000 -6.0000
v 38.3000 0.0000 -8.5000
v 37.7000 3.5000 -8.5000
v 37.7000 3.5000 -6.0000
v 38.3000 3.5000 -6.0000
v 38.3000 3.5000 -8.5000
v 37.6850 0.0000 -8.5000
v 37.6850 0.0000 -6.0000
v 38.3150 0.0000 -6.0000
v 38.3150 0.0000 -8.5000
v 37.6850 0.9000 -8.5000
v 37.6850 0.9000 -6.0000
v 38.3150 0.9000 -6.0000
v 38.3150 0.9000 -8.5000
v -38.0000 0.0000 -5.7000
v -7.0000 0.0000 -5.7000
v -7.0000 0.0000 -6.3000
v -38.0000 0.0000 -6.3000
v -38.0000 3.5000 -5.7000
v -7.0000 3.5000 -5.7000
v -7.0000 3.5000 -6.3000
v -38.0000 3.5000 -6.3000
v 7.0000 0.0000 -5.7000
v 38.0000 0.0000 -5.7000
v 38.0000 0.0000 -6.3000
v 7.0000 0.0000 -6.3000
v 7.0000 3.5000 -5.7000
v 38.0000 3.5000 -5.7000
v 38.0000 3.5000 -6.3000
v 7.0000 3.5000 -6.3000
v -7.0000 0.0000 -11.7000
v 7.0000 0.0000 -11.7000
v 7.0000 0.0000 -12.3000
v -7.0000 0.0000 -12.3000
v -7.0000 3.5000 -11.7000
v 7.0000 3.5000 -11.7000
v 7.0000 3.5000 -12.3000
v -7.0000 3.5000 -12.3000
v -7.0000 0.0000 -11.6850
v 7.0000 0.0000 -11.6850
v 7.0000 0.0000 -12.3150
v -7.0000 0.0000 -12.3150
v -7.0000 0.9000 -11.6850
v 7.0000 0.9000 -11.6850
v 7.0000 0.9000 -12.3150
v -7.0000 0.9000 -12.3150
v -7.3000 0.0000 -12.0000
v -7.3000 0.0000 -6.0000
v -6.7000 0.0000 -6.0000
v -6.7000 0.0000 -12.0000
v -7.3000 3.5000 -12.0000
v -7.3000 3.5000 -6.0000
v -6.7000 3.5000 -6.0000
v -6.7000 3.5000 -12.0000
v -7.3150 0.0000 -12.0000
v -7.3150 0.0000 -6.0000
v -6.6850 0.0000 -6.0000
v -6.6850 0.0000 -12.0000
v -7.3150 0.9000 -12.0000
v -7.3150 0.9000 -6.0000
v -6.6850 0.9000 -6.0000
v -6.6850 0.9000 -12.0000
v 6.7000 0.0000 -12.0000
v 6.7000 0.0000 -6.0000
v 7.3000 0.0000 -6.0000
v 7.3000 0.0000 -12.0000
v 6.7000 3.5000 -12.0000
v 6.7000 3.5000 -6.0000
v 7.3000 3.5000 -6.0000
v 7.3000 3.5000 -12.0000
v 6.6850 0.0000 -12.0000
v 6.6850 0.0000 -6.0000
v 7.3150 0.0000 -6.0000
v 7.3150 0.0000 -12.0000
v 6.6850 0.9000 -12.0000
v 6.6850 0.9000 -6.0000
v 7.3150 0.9000 -6.0000
v 7.3150 0.9000 -12.0000
v -38.0000 3.5000 -8.5000
v 38.0000 3.5000 -8.5000
v 38.0000 3.5000 -6.0000
v -38.0000 3.5000 -6.0000
v -38.0000 3.8500 -8.5000
v 38.0000 3.8500 -8.5000
v 38.0000 3.8500 -6.0000
v -38.0000 3.8500 -6.0000
v -7.0000 3.5000 -12.0000
v 7.0000 3.5000 -12.0000
v 7.0000 3.5000 -8.5000
v -7.0000 3.5000 -8.5000
v -7.0000 3.8500 -12.0000
v 7.0000 3.8500 -12.0000
v 7.0000 3.8500 -8.5000
v -7.0000 3.8500 -8.5000
v -34.0000 3.2600 -7.2500
v -32.0000 3.2600 -7.2500
v -32.0000 3.2600 -6.3500
v -34.0000 3.2600 -6.3500
v -34.0000 3.4600 -7.2500
v -32.0000 3.4600 -7.2500
v -32.0000 3.4600 -6.3500
v -34.0000 3.4600 -6.3500
v -28.4000 3.2600 -7.2500
v -26.4000 3.2600 -7.2500
v -26.4000 3.2600 -6.3500
v -28.4000 3.2600 -6.3500
v -28.4000 3.4600 -7.2500
v -26.4000 3.4600 -7.2500
v -26.4000 3.4600 -6.3500
v -28.4000 3.4600 -6.3500
v -22.8000 3.2600 -7.2500
v -20.8000 3.2600 -7.2500
v -20.8000 3.2600 -6.3500
v -22.8000 3.2600 -6.3500
v -22.8000 3.4600 -7.2500
v -20.8000 3.4600 -7.2500
v -20.8000 3.4600 -6.3500
v -22.8000 3.4600 -6.3500
v -17.2000 3.2600 -7.2500
v -15.2000 3.2600 -7.2500
v -15.2000 3.2600 -6.3500
v -17.2000 3.2600 -6.3500
v -17.2000 3.4600 -7.2500
v -15.2000 3.4600 -7.2500
v -15.2000 3.4600 -6.3500
v -17.2000 3.4600 -6.3500
v -11.6000 3.2600 -7.2500
v -9.6000 3.2600 -7.2500
v -9.6000 3.2600 -6.3500
v -11.6000 3.2600 -6.3500
v -11.6000 3.4600 -7.2500
v -9.6000 3.4600 -7.2500
v -9.6000 3.4600 -6.3500
v -11.6000 3.4600 -6.3500
v -6.0000 3.2600 -7.2500
v -4.0000 3.2600 -7.2500
v -4.0000 3.2600 -6.3500
v -6.0000 3.2600 -6.3500
v -6.0000 3.4600 -7.2500
v -4.0000 3.4600 -7.2500
v -4.0000 3.4600 -6.3500
v -6.0000 3.4600 -6.3500
v -0.4000 3.2600 -7.2500
v 1.6000 3.2600 -7.2500
v 1.6000 3.2600 -6.3500
v -0.4000 3.2600 -6.3500
v -0.4000 3.4600 -7.2500
v 1.6000 3.4600 -7.2500
v 1.6000 3.4600 -6.3500
v -0.4000 3.4600 -6.3500
v 5.2000 3.2600 -7.2500
v 7.2000 3.2600 -7.2500
v 7.2000 3.2600 -6.3500
v 5.2000 3.2600 -6.3500
v 5.2000 3.4600 -7.2500
v 7.2000 3.4600 -7.2500
v 7.2000 3.4600 -6.3500
v 5.2000 3.4600 -6.3500
v 10.8000 3.2600 -7.2500
v 12.8000 3.2600 -7.2500
v 12.8000 3.2600 -6.3500
v 10.8000 3.2600 -6.3500
v 10.8000 3.4600 -7.2500
v 12.8000 3.4600 -7.2500
v 12.8000 3.4600 -6.3500
v 10.8000 3.4600 -6.3500
v 16.4000 3.2600 -7.2500
v 18.4000 3.2600 -7.2500
v 18.4000 3.2600 -6.3500
v 16.4000 3.2600 -6.3500
v 16.4000 3.4600 -7.2500
v 18.4000 3.4600 -7.2500
v 18.4000 3.4600 -6.3500
v 16.4000 3.4600 -6.3500
v 22.0000 3.2600 -7.2500
v 24.0000 3.2600 -7.2500
v 24.0000 3.2600 -6.3500
v 22.0000 3.2600 -6.3500
v 22.0000 3.4600 -7.2500
v 24.0000 3.4600 -7.2500
v 24.0000 3.4600 -6.3500
v 22.0000 3.4600 -6.3500
v 27.6000 3.2600 -7.2500
v 29.6000 3.2600 -7.2500
v 29.6000 3.2600 -6.3500
v 27.6000 3.2600 -6.3500
v 27.6000 3.4600 -7.2500
v 29.6000 3.4600 -7.2500
v 29.6000 3.4600 -6.3500
v 27.6000 3.4600 -6.3500
v 33.2000 3.2600 -7.2500
v 35.2000 3.2600 -7.2500
v 35.2000 3.2600 -6.3500
v 33.2000 3.2600 -6.3500
v 33.2000 3.4600 -7.2500
v 35.2000 3.4600 -7.2500
v 35.2000 3.4600 -6.3500
v 33.2000 3.4600 -6.3500
v -5.3000 0.9000 -11.6900
v -1.7000 0.9000 -11.6900
v -1.7000 0.9000 -11.5100
v -5.3000 0.9000 -11.5100
v -5.3000 3.3000 -11.6900
v -1.7000 3.3000 -11.6900
v -1.7000 3.3000 -11.5100
v -5.3000 3.3000 -11.5100
v -5.1800 1.0200 -11.7100
v -1.8200 1.0200 -11.7100
v -1.8200 1.0200 -11.6020
v -5.1800 1.0200 -11.6020
v -5.1800 3.1800 -11.7100
v -1.8200 3.1800 -11.7100
v -1.8200 3.1800 -11.6020
v -5.1800 3.1800 -11.6020
v 1.7000 0.9000 -11.6900
v 5.3000 0.9000 -11.6900
v 5.3000 0.9000 -11.5100
v 1.7000 0.9000 -11.5100
v 1.7000 3.3000 -11.6900
v 5.3000 3.3000 -11.6900
v 5.3000 3.3000 -11.5100
v 1.7000 3.3000 -11.5100
v 1.8200 1.0200 -11.7100
v 5.1800 1.0200 -11.7100
v 5.1800 1.0200 -11.6020
v 1.8200 1.0200 -11.6020
v 1.8200 3.1800 -11.7100
v 5.1800 3.1800 -11.7100
v 5.1800 3.1800 -11.6020
v 1.8200 3.1800 -11.6020
v 5.3750 -1.0000 -11.6500
v 6.2250 -1.0000 -11.6500
v 6.2250 -1.0000 -10.3500
v 5.3750 -1.0000 -10.3500
v 5.3750 1.0000 -11.6500
v 6.2250 1.0000 -11.6500
v 6.2250 1.0000 -10.3500
v 5.3750 1.0000 -10.3500
v 5.3300 -0.6500 -11.5250
v 5.4300 -0.6500 -11.5250
v 5.4300 -0.6500 -10.4750
v 5.3300 -0.6500 -10.4750
v 5.3300 0.9500 -11.5250
v 5.4300 0.9500 -11.5250
v 5.4300 0.9500 -10.4750
v 5.3300 0.9500 -10.4750
v 5.3750 -1.0000 -10.1500
v 6.2250 -1.0000 -10.1500
v 6.2250 -1.0000 -8.8500
v 5.3750 -1.0000 -8.8500
v 5.3750 1.0000 -10.1500
v 6.2250 1.0000 -10.1500
v 6.2250 1.0000 -8.8500
v 5.3750 1.0000 -8.8500
v 5.3300 -0.6500 -10.0250
v 5.4300 -0.6500 -10.0250
v 5.4300 -0.6500 -8.9750
v 5.3300 -0.6500 -8.9750
v 5.3300 0.9500 -10.0250
v 5.4300 0.9500 -10.0250
v 5.4300 0.9500 -8.9750
v 5.3300 0.9500 -8.9750
v -6.2000 -0.2500 -9.4000
v -4.2000 -0.2500 -9.4000
v -4.2000 -0.2500 -8.8000
v -6.2000 -0.2500 -8.8000
v -6.2000 0.2500 -9.4000
v -4.2000 0.2500 -9.4000
v -4.2000 0.2500 -8.8000
v -6.2000 0.2500 -8.8000
v -40.0000 3.0000 -4.0000
v -32.0000 3.0000 -4.0000
v -32.0000 3.0000 4.0000
v -40.0000 3.0000 4.0000
v -40.0000 3.4000 -4.0000
v -32.0000 3.4000 -4.0000
v -32.0000 3.4000 4.0000
v -40.0000 3.4000 4.0000
v -40.0000 3.4000 -3.7000
v -32.0000 3.4000 -3.7000
v -32.0000 3.4000 -4.3000
v -40.0000 3.4000 -4.3000
v -40.0000 7.3000 -3.7000
v -32.0000 7.3000 -3.7000
v -32.0000 7.3000 -4.3000
v -40.0000 7.3000 -4.3000
v -40.0000 3.4000 -3.6850
v -32.0000 3.4000 -3.6850
v -32.0000 3.4000 -4.3150
v -40.0000 3.4000 -4.3150
v -40.0000 4.3000 -3.6850
v -32.0000 4.3000 -3.6850
v -32.0000 4.3000 -4.3150
v -40.0000 4.3000 -4.3150
v -40.0000 3.4000 4.3000
v -32.0000 3.4000 4.3000
v -32.0000 3.4000 3.7000
v -40.0000 3.4000 3.7000
v -40.0000 7.3000 4.3000
v -32.0000 7.3000 4.3000
v -32.0000 7.3000 3.7000
v -40.0000 7.3000 3.7000
v -40.0000 3.4000 4.3150
v -32.0000 3.4000 4.3150
v -32.0000 3.4000 3.6850
v -40.0000 3.4000 3.6850
v -40.0000 4.3000 4.3150
v -32.0000 4.3000 4.3150
v -32.0000 4.3000 3.6850
v -40.0000 4.3000 3.6850
v -40.3000 3.4000 -4.0000
v -40.3000 3.4000 4.0000
v -39.7000 3.4000 4.0000
v -39.7000 3.4000 -4.0000
v -40.3000 7.3000 -4.0000
v -40.3000 7.3000 4.0000
v -39.7000 7.3000 4.0000
v -39.7000 7.3000 -4.0000
v -40.3150 3.4000 -4.0000
v -40.3150 3.4000 4.0000
v -39.6850 3.4000 4.0000
v -39.6850 3.4000 -4.0000
v -40.3150 4.3000 -4.0000
v -40.3150 4.3000 4.0000
v -39.6850 4.3000 4.0000
v -39.6850 4.3000 -4.0000
v -40.0000 7.3000 -4.0000
v -32.0000 7.3000 -4.0000
v -32.0000 7.3000 4.0000
v -40.0000 7.3000 4.0000
v -40.0000 7.6500 -4.0000
v -32.0000 7.6500 -4.0000
v -32.0000 7.6500 4.0000
v -40.0000 7.6500 4.0000
v -35.2000 -0.3500 4.0000
v -32.0000 -0.3500 4.0000
v -32.0000 3.0500 12.0000
v -35.2000 3.0500 12.0000
v -35.2000 0.0000 4.0000
v -32.0000 0.0000 4.0000
v -32.0000 3.4000 12.0000
v -35.2000 3.4000 12.0000
v -35.2400 0.9500 4.0000
v -35.2400 0.9500 12.0000
v -35.1600 0.9500 12.0000
v -35.1600 0.9500 4.0000
v -35.2400 1.0500 4.0000
v -35.2400 1.0500 12.0000
v -35.1600 1.0500 12.0000
v -35.1600 1.0500 4.0000
v -35.2280 0.5250 4.0000
v -35.2280 0.5250 12.0000
v -35.1720 0.5250 12.0000
v -35.1720 0.5250 4.0000
v -35.2280 0.5750 4.0000
v -35.2280 0.5750 12.0000
v -35.1720 0.5750 12.0000
v -35.1720 0.5750 4.0000
v -35.2450 0.0000 3.9550
v -35.1550 0.0000 3.9550
v -35.1550 0.0000 4.0450
v -35.2450 0.0000 4.0450
v -35.2450 1.0500 3.9550
v -35.1550 1.0500 3.9550
v -35.1550 1.0500 4.0450
v -35.2450 1.0500 4.0450
v -35.2450 0.0000 6.6217
v -35.1550 0.0000 6.6217
v -35.1550 0.0000 6.7117
v -35.2450 0.0000 6.7117
v -35.2450 1.0500 6.6217
v -35.1550 1.0500 6.6217
v -35.1550 1.0500 6.7117
v -35.2450 1.0500 6.7117
v -35.2450 0.0000 9.2883
v -35.1550 0.0000 9.2883
v -35.1550 0.0000 9.3783
v -35.2450 0.0000 9.3783
v -35.2450 1.0500 9.2883
v -35.1550 1.0500 9.2883
v -35.1550 1.0500 9.3783
v -35.2450 1.0500 9.3783
v -35.2450 0.0000 11.9550
v -35.1550 0.0000 11.9550
v -35.1550 0.0000 12.0450
v -35.2450 0.0000 12.0450
v -35.2450 1.0500 11.9550
v -35.1550 1.0500 11.9550
v -35.1550 1.0500 12.0450
v -35.2450 1.0500 12.0450
v 32.0000 3.0000 -4.0000
v 40.0000 3.0000 -4.0000
v 40.0000 3.0000 4.0000
v 32.0000 3.0000 4.0000
v 32.0000 3.4000 -4.0000
v 40.0000 3.4000 -4.0000
v 40.0000 3.4000 4.0000
v 32.0000 3.4000 4.0000
v 32.0000 3.4000 -3.7000
v 40.0000 3.4000 -3.7000
v 40.0000 3.4000 -4.3000
v 32.0000 3.4000 -4.3000
v 32.0000 7.3000 -3.7000
v 40.0000 7.3000 -3.7000
v 40.0000 7.3000 -4.3000
v 32.0000 7.3000 -4.3000
v 32.0000 3.4000 -3.6850
v 40.0000 3.4000 -3.6850
v 40.0000 3.4000 -4.3150
v 32.0000 3.4000 -4.3150
v 32.0000 4.3000 -3.6850
v 40.0000 4.3000 -3.6850
v 40.0000 4.3000 -4.3150
v 32.0000 4.3000 -4.3150
v 32.0000 3.4000 4.3000
v 40.0000 3.4000 4.3000
v 40.0000 3.4000 3.7000
v 32.0000 3.4000 3.7000
v 32.0000 7.3000 4.3000
v 40.0000 7.3000 4.3000
v 40.0000 7.3000 3.7000
v 32.0000 7.3000 3.7000
v 32.0000 3.4000 4.3150
v 40.0000 3.4000 4.3150
v 40.0000 3.4000 3.6850
v 32.0000 3.4000 3.6850
v 32.0000 4.3000 4.3150
v 40.0000 4.3000 4.3150
v 40.0000 4.3000 3.6850
v 32.0000 4.3000 3.6850
v 39.7000 3.4000 -4.0000
v 39.7000 3.4000 4.0000
v 40.3000 3.4000 4.0000
v 40.3000 3.4000 -4.0000
v 39.7000 7.3000 -4.0000
v 39.7000 7.3000 4.0000
v 40.3000 7.3000 4.0000
v 40.3000 7.3000 -4.0000
v 39.6850 3.4000 -4.0000
v 39.6850 3.4000 4.0000
v 40.3150 3.4000 4.0000
v 40.3150 3.4000 -4.0000
v 39.6850 4.3000 -4.0000
v 39.6850 4.3000 4.0000
v 40.3150 4.3000 4.0000
v 40.3150 4.3000 -4.0000
v 32.0000 7.3000 -4.0000
v 40.0000 7.3000 -4.0000
v 40.0000 7.3000 4.0000
v 32.0000 7.3000 4.0000
v 32.0000 7.6500 -4.0000
v 40.0000 7.6500 -4.0000
v 40.0000 7.6500 4.0000
v 32.0000 7.6500 4.0000
v 32.0000 -0.3500 4.0000
v 35.2000 -0.3500 4.0000
v 35.2000 3.0500 12.0000
v 32.0000 3.0500 12.0000
v 32.0000 0.0000 4.0000
v 35.2000 0.0000 4.0000
v 35.2000 3.4000 12.0000
v 32.0000 3.4000 12.0000
v 31.9600 0.9500 4.0000
v 31.9600 0.9500 12.0000
v 32.0400 0.9500 12.0000
v 32.0400 0.9500 4.0000
v 31.9600 1.0500 4.0000
v 31.9600 1.0500 12.0000
v 32.0400 1.0500 12.0000
v 32.0400 1.0500 4.0000
v 31.9720 0.5250 4.0000
v 31.9720 0.5250 12.0000
v 32.0280 0.5250 12.0000
v 32.0280 0.5250 4.0000
v 31.9720 0.5750 4.0000
v 31.9720 0.5750 12.0000
v 32.0280 0.5750 12.0000
v 32.0280 0.5750 4.0000
v 31.9550 0.0000 3.9550
v 32.0450 0.0000 3.9550
v 32.0450 0.0000 4.0450
v 31.9550 0.0000 4.0450
v 31.9550 1.0500 3.9550
v 32.0450 1.0500 3.9550
v 32.0450 1.0500 4.0450
v 31.9550 1.0500 4.0450
v 31.9550 0.0000 6.6217
v 32.0450 0.0000 6.6217
v 32.0450 0.0000 6.7117
v 31.9550 0.0000 6.7117
v 31.9550 1.0500 6.6217
v 32.0450 1.0500 6.6217
v 32.0450 1.0500 6.7117
v 31.9550 1.0500 6.7117
v 31.9550 0.0000 9.2883
v 32.0450 0.0000 9.2883
v 32.0450 0.0000 9.3783
v 31.9550 0.0000 9.3783
v 31.9550 1.0500 9.2883
v 32.0450 1.0500 9.2883
v 32.0450 1.0500 9.3783
v 31.9550 1.0500 9.3783
v 31.9550 0.0000 11.9550
v 32.0450 0.0000 11.9550
v 32.0450 0.0000 12.0450
v 31.9550 0.0000 12.0450
v 31.9550 1.0500 11.9550
v 32.0450 1.0500 11.9550
v 32.0450 1.0500 12.0450
v 31.9550 1.0500 12.0450
v -32.0000 3.0000 -1.3000
v -18.0000 3.0000 -1.3000
v -18.0000 3.0000 1.3000
v -32.0000 3.0000 1.3000
v -32.0000 3.1400 -1.3000
v -18.0000 3.1400 -1.3000
v -18.0000 3.1400 1.3000
v -32.0000 3.1400 1.3000
v -32.0000 3.9500 -1.2600
v -18.0000 3.9500 -1.2600
v -18.0000 3.9500 -1.3400
v -32.0000 3.9500 -1.3400
v -32.0000 4.0500 -1.2600
v -18.0000 4.0500 -1.2600
v -18.0000 4.0500 -1.3400
v -32.0000 4.0500 -1.3400
v -32.0000 3.5250 -1.2720
v -18.0000 3.5250 -1.2720
v -18.0000 3.5250 -1.3280
v -32.0000 3.5250 -1.3280
v -32.0000 3.5750 -1.2720
v -18.0000 3.5750 -1.2720
v -18.0000 3.5750 -1.3280
v -32.0000 3.5750 -1.3280
v -32.0450 3.0000 -1.3450
v -31.9550 3.0000 -1.3450
v -31.9550 3.0000 -1.2550
v -32.0450 3.0000 -1.2550
v -32.0450 4.0500 -1.3450
v -31.9550 4.0500 -1.3450
v -31.9550 4.0500 -1.2550
v -32.0450 4.0500 -1.2550
v -29.2450 3.0000 -1.3450
v -29.1550 3.0000 -1.3450
v -29.1550 3.0000 -1.2550
v -29.2450 3.0000 -1.2550
v -29.2450 4.0500 -1.3450
v -29.1550 4.0500 -1.3450
v -29.1550 4.0500 -1.2550
v -29.2450 4.0500 -1.2550
v -26.4450 3.0000 -1.3450
v -26.3550 3.0000 -1.3450
v -26.3550 3.0000 -1.2550
v -26.4450 3.0000 -1.2550
v -26.4450 4.0500 -1.3450
v -26.3550 4.0500 -1.3450
v -26.3550 4.0500 -1.2550
v -26.4450 4.0500 -1.2550
v -23.6450 3.0000 -1.3450
v -23.5550 3.0000 -1.3450
v -23.5550 3.0000 -1.2550
v -23.6450 3.0000 -1.2550
v -23.6450 4.0500 -1.3450
v -23.5550 4.0500 -1.3450
v -23.5550 4.0500 -1.2550
v -23.6450 4.0500 -1.2550
v -20.8450 3.0000 -1.3450
v -20.7550 3.0000 -1.3450
v -20.7550 3.0000 -1.2550
v -20.8450 3.0000 -1.2550
v -20.8450 4.0500 -1.3450
v -20.7550 4.0500 -1.3450
v -20.7550 4.0500 -1.2550
v -20.8450 4.0500 -1.2550
v -18.0450 3.0000 -1.3450
v -17.9550 3.0000 -1.3450
v -17.9550 3.0000 -1.2550
v -18.0450 3.0000 -1.2550
v -18.0450 4.0500 -1.3450
v -17.9550 4.0500 -1.3450
v -17.9550 4.0500 -1.2550
v -18.0450 4.0500 -1.2550
v -32.0000 3.9500 1.3400
v -18.0000 3.9500 1.3400
v -18.0000 3.9500 1.2600
v -32.0000 3.9500 1.2600
v -32.0000 4.0500 1.3400
v -18.0000 4.0500 1.3400
v -18.0000 4.0500 1.2600
v -32.0000 4.0500 1.2600
v -32.0000 3.5250 1.3280
v -18.0000 3.5250 1.3280
v -18.0000 3.5250 1.2720
v -32.0000 3.5250 1.2720
v -32.0000 3.5750 1.3280
v -18.0000 3.5750 1.3280
v -18.0000 3.5750 1.2720
v -32.0000 3.5750 1.2720
v -32.0450 3.0000 1.2550
v -31.9550 3.0000 1.2550
v -31.9550 3.0000 1.3450
v -32.0450 3.0000 1.3450
v -32.0450 4.0500 1.2550
v -31.9550 4.0500 1.2550
v -31.9550 4.0500 1.3450
v -32.0450 4.0500 1.3450
v -29.2450 3.0000 1.2550
v -29.1550 3.0000 1.2550
v -29.1550 3.0000 1.3450
v -29.2450 3.0000 1.3450
v -29.2450 4.0500 1.2550
v -29.1550 4.0500 1.2550
v -29.1550 4.0500 1.3450
v -29.2450 4.0500 1.3450
v -26.4450 3.0000 1.2550
v -26.3550 3.0000 1.2550
v -26.3550 3.0000 1.3450
v -26.4450 3.0000 1.3450
v -26.4450 4.0500 1.2550
v -26.3550 4.0500 1.2550
v -26.3550 4.0500 1.3450
v -26.4450 4.0500 1.3450
v -23.6450 3.0000 1.2550
v -23.5550 3.0000 1.2550
v -23.5550 3.0000 1.3450
v -23.6450 3.0000 1.3450
v -23.6450 4.0500 1.2550
v -23.5550 4.0500 1.2550
v -23.5550 4.0500 1.3450
v -23.6450 4.0500 1.3450
v -20.8450 3.0000 1.2550
v -20.7550 3.0000 1.2550
v -20.7550 3.0000 1.3450
v -20.8450 3.0000 1.3450
v -20.8450 4.0500 1.2550
v -20.7550 4.0500 1.2550
v -20.7550 4.0500 1.3450
v -20.8450 4.0500 1.3450
v -18.0450 3.0000 1.2550
v -17.9550 3.0000 1.2550
v -17.9550 3.0000 1.3450
v -18.0450 3.0000 1.3450
v -18.0450 4.0500 1.2550
v -17.9550 4.0500 1.2550
v -17.9550 4.0500 1.3450
v -18.0450 4.0500 1.3450
v -32.0800 -3.3000 -1.3800
v -31.9200 -3.3000 -1.3800
v -31.9200 -3.3000 -1.2200
v -32.0800 -3.3000 -1.2200
v -32.0800 0.9000 -1.3800
v -31.9200 0.9000 -1.3800
v -31.9200 0.9000 -1.2200
v -32.0800 0.9000 -1.2200
v -32.0800 -3.3000 1.2200
v -31.9200 -3.3000 1.2200
v -31.9200 -3.3000 1.3800
v -32.0800 -3.3000 1.3800
v -32.0800 0.9000 1.2200
v -31.9200 0.9000 1.2200
v -31.9200 0.9000 1.3800
v -32.0800 0.9000 1.3800
v -28.0800 -3.3000 -1.3800
v -27.9200 -3.3000 -1.3800
v -27.9200 -3.3000 -1.2200
v -28.0800 -3.3000 -1.2200
v -28.0800 0.9000 -1.3800
v -27.9200 0.9000 -1.3800
v -27.9200 0.9000 -1.2200
v -28.0800 0.9000 -1.2200
v -28.0800 -3.3000 1.2200
v -27.9200 -3.3000 1.2200
v -27.9200 -3.3000 1.3800
v -28.0800 -3.3000 1.3800
v -28.0800 0.9000 1.2200
v -27.9200 0.9000 1.2200
v -27.9200 0.9000 1.3800
v -28.0800 0.9000 1.3800
v -24.0800 -3.3000 -1.3800
v -23.9200 -3.3000 -1.3800
v -23.9200 -3.3000 -1.2200
v -24.0800 -3.3000 -1.2200
v -24.0800 0.9000 -1.3800
v -23.9200 0.9000 -1.3800
v -23.9200 0.9000 -1.2200
v -24.0800 0.9000 -1.2200
v -24.0800 -3.3000 1.2200
v -23.9200 -3.3000 1.2200
v -23.9200 -3.3000 1.3800
v -24.0800 -3.3000 1.3800
v -24.0800 0.9000 1.2200
v -23.9200 0.9000 1.2200
v -23.9200 0.9000 1.3800
v -24.0800 0.9000 1.3800
v -20.0800 -3.3000 -1.3800
v -19.9200 -3.3000 -1.3800
v -19.9200 -3.3000 -1.2200
v -20.0800 -3.3000 -1.2200
v -20.0800 0.9000 -1.3800
v -19.9200 0.9000 -1.3800
v -19.9200 0.9000 -1.2200
v -20.0800 0.9000 -1.2200
v -20.0800 -3.3000 1.2200
v -19.9200 -3.3000 1.2200
v -19.9200 -3.3000 1.3800
v -20.0800 -3.3000 1.3800
v -20.0800 0.9000 1.2200
v -19.9200 0.9000 1.2200
v -19.9200 0.9000 1.3800
v -20.0800 0.9000 1.3800
v 18.0000 3.0000 -1.3000
v 32.0000 3.0000 -1.3000
v 32.0000 3.0000 1.3000
v 18.0000 3.0000 1.3000
v 18.0000 3.1400 -1.3000
v 32.0000 3.1400 -1.3000
v 32.0000 3.1400 1.3000
v 18.0000 3.1400 1.3000
v 18.0000 3.9500 -1.2600
v 32.0000 3.9500 -1.2600
v 32.0000 3.9500 -1.3400
v 18.0000 3.9500 -1.3400
v 18.0000 4.0500 -1.2600
v 32.0000 4.0500 -1.2600
v 32.0000 4.0500 -1.3400
v 18.0000 4.0500 -1.3400
v 18.0000 3.5250 -1.2720
v 32.0000 3.5250 -1.2720
v 32.0000 3.5250 -1.3280
v 18.0000 3.5250 -1.3280
v 18.0000 3.5750 -1.2720
v 32.0000 3.5750 -1.2720
v 32.0000 3.5750 -1.3280
v 18.0000 3.5750 -1.3280
v 17.9550 3.0000 -1.3450
v 18.0450 3.0000 -1.3450
v 18.0450 3.0000 -1.2550
v 17.9550 3.0000 -1.2550
v 17.9550 4.0500 -1.3450
v 18.0450 4.0500 -1.3450
v 18.0450 4.0500 -1.2550
v 17.9550 4.0500 -1.2550
v 20.7550 3.0000 -1.3450
v 20.8450 3.0000 -1.3450
v 20.8450 3.0000 -1.2550
v 20.7550 3.0000 -1.2550
v 20.7550 4.0500 -1.3450
v 20.8450 4.0500 -1.3450
v 20.8450 4.0500 -1.2550
v 20.7550 4.0500 -1.2550
v 23.5550 3.0000 -1.3450
v 23.6450 3.0000 -1.3450
v 23.6450 3.0000 -1.2550
v 23.5550 3.0000 -1.2550
v 23.5550 4.0500 -1.3450
v 23.6450 4.0500 -1.3450
v 23.6450 4.0500 -1.2550
v 23.5550 4.0500 -1.2550
v 26.3550 3.0000 -1.3450
v 26.4450 3.0000 -1.3450
v 26.4450 3.0000 -1.2550
v 26.3550 3.0000 -1.2550
v 26.3550 4.0500 -1.3450
v 26.4450 4.0500 -1.3450
v 26.4450 4.0500 -1.2550
v 26.3550 4.0500 -1.2550
v 29.1550 3.0000 -1.3450
v 29.2450 3.0000 -1.3450
v 29.2450 3.0000 -1.2550
v 29.1550 3.0000 -1.2550
v 29.1550 4.0500 -1.3450
v 29.2450 4.0500 -1.3450
v 29.2450 4.0500 -1.2550
v 29.1550 4.0500 -1.2550
v 31.9550 3.0000 -1.3450
v 32.0450 3.0000 -1.3450
v 32.0450 3.0000 -1.2550
v 31.9550 3.0000 -1.2550
v 31.9550 4.0500 -1.3450
v 32.0450 4.0500 -1.3450
v 32.0450 4.0500 -1.2550
v 31.9550 4.0500 -1.2550
v 18.0000 3.9500 1.3400
v 32.0000 3.9500 1.3400
v 32.0000 3.9500 1.2600
v 18.0000 3.9500 1.2600
v 18.0000 4.0500 1.3400
v 32.0000 4.0500 1.3400
v 32.0000 4.0500 1.2600
v 18.0000 4.0500 1.2600
v 18.0000 3.5250 1.3280
v 32.0000 3.5250 1.3280
v 32.0000 3.5250 1.2720
v 18.0000 3.5250 1.2720
v 18.0000 3.5750 1.3280
v 32.0000 3.5750 1.3280
v 32.0000 3.5750 1.2720
v 18.0000 3.5750 1.2720
v 17.9550 3.0000 1.2550
v 18.0450 3.0000 1.2550
v 18.0450 3.0000 1.3450
v 17.9550 3.0000 1.3450
v 17.9550 4.0500 1.2550
v 18.0450 4.0500 1.2550
v 18.0450 4.0500 1.3450
v 17.9550 4.0500 1.3450
v 20.7550 3.0000 1.2550
v 20.8450 3.0000 1.2550
v 20.8450 3.0000 1.3450
v 20.7550 3.0000 1.3450
v 20.7550 4.0500 1.2550
v 20.8450 4.0500 1.2550
v 20.8450 4.0500 1.3450
v 20.7550 4.0500 1.3450
v 23.5550 3.0000 1.2550
v 23.6450 3.0000 1.2550
v 23.6450 3.0000 1.3450
v 23.5550 3.0000 1.3450
v 23.5550 4.0500 1.2550
v 23.6450 4.0500 1.2550
v 23.6450 4.0500 1.3450
v 23.5550 4.0500 1.3450
v 26.3550 3.0000 1.2550
v 26.4450 3.0000 1.2550
v 26.4450 3.0000 1.3450
v 26.3550 3.0000 1.3450
v 26.3550 4.0500 1.2550
v 26.4450 4.0500 1.2550
v 26.4450 4.0500 1.3450
v 26.3550 4.0500 1.3450
v 29.1550 3.0000 1.2550
v 29.2450 3.0000 1.2550
v 29.2450 3.0000 1.3450
v 29.1550 3.0000 1.3450
v 29.1550 4.0500 1.2550
v 29.2450 4.0500 1.2550
v 29.2450 4.0500 1.3450
v 29.1550 4.0500 1.3450
v 31.9550 3.0000 1.2550
v 32.0450 3.0000 1.2550
v 32.0450 3.0000 1.3450
v 31.9550 3.0000 1.3450
v 31.9550 4.0500 1.2550
v 32.0450 4.0500 1.2550
v 32.0450 4.0500 1.3450
v 31.9550 4.0500 1.3450
v 17.9200 -3.3000 -1.3800
v 18.0800 -3.3000 -1.3800
v 18.0800 -3.3000 -1.2200
v 17.9200 -3.3000 -1.2200
v 17.9200 0.9000 -1.3800
v 18.0800 0.9000 -1.3800
v 18.0800 0.9000 -1.2200
v 17.9200 0.9000 -1.2200
v 17.9200 -3.3000 1.2200
v 18.0800 -3.3000 1.2200
v 18.0800 -3.3000 1.3800
v 17.9200 -3.3000 1.3800
v 17.9200 0.9000 1.2200
v 18.0800 0.9000 1.2200
v 18.0800 0.9000 1.3800
v 17.9200 0.9000 1.3800
v 21.9200 -3.3000 -1.3800
v 22.0800 -3.3000 -1.3800
v 22.0800 -3.3000 -1.2200
v 21.9200 -3.3000 -1.2200
v 21.9200 0.9000 -1.3800
v 22.0800 0.9000 -1.3800
v 22.0800 0.9000 -1.2200
v 21.9200 0.9000 -1.2200
v 21.9200 -3.3000 1.2200
v 22.0800 -3.3000 1.2200
v 22.0800 -3.3000 1.3800
v 21.9200 -3.3000 1.3800
v 21.9200 0.9000 1.2200
v 22.0800 0.9000 1.2200
v 22.0800 0.9000 1.3800
v 21.9200 0.9000 1.3800
v 25.9200 -3.3000 -1.3800
v 26.0800 -3.3000 -1.3800
v 26.0800 -3.3000 -1.2200
v 25.9200 -3.3000 -1.2200
v 25.9200 0.9000 -1.3800
v 26.0800 0.9000 -1.3800
v 26.0800 0.9000 -1.2200
v 25.9200 0.9000 -1.2200
v 25.9200 -3.3000 1.2200
v 26.0800 -3.3000 1.2200
v 26.0800 -3.3000 1.3800
v 25.9200 -3.3000 1.3800
v 25.9200 0.9000 1.2200
v 26.0800 0.9000 1.2200
v 26.0800 0.9000 1.3800
v 25.9200 0.9000 1.3800
v 29.9200 -3.3000 -1.3800
v 30.0800 -3.3000 -1.3800
v 30.0800 -3.3000 -1.2200
v 29.9200 -3.3000 -1.2200
v 29.9200 0.9000 -1.3800
v 30.0800 0.9000 -1.3800
v 30.0800 0.9000 -1.2200
v 29.9200 0.9000 -1.2200
v 29.9200 -3.3000 1.2200
v 30.0800 -3.3000 1.2200
v 30.0800 -3.3000 1.3800
v 29.9200 -3.3000 1.3800
v 29.9200 0.9000 1.2200
v 30.0800 0.9000 1.2200
v 30.0800 0.9000 1.3800
v 29.9200 0.9000 1.3800
v -35.0000 -1.2000 1.9000
v -32.8000 -1.2000 1.9000
v -32.8000 -1.2000 2.1286
v -35.0000 -1.2000 2.1286
v -35.0000 -1.0286 1.9000
v -32.8000 -1.0286 1.9000
v -32.8000 -1.0286 2.1286
v -35.0000 -1.0286 2.1286
v -35.0000 -1.2000 2.1286
v -32.8000 -1.2000 2.1286
v -32.8000 -1.2000 2.3571
v -35.0000 -1.2000 2.3571
v -35.0000 -0.8571 2.1286
v -32.8000 -0.8571 2.1286
v -32.8000 -0.8571 2.3571
v -35.0000 -0.8571 2.3571
v -35.0000 -1.2000 2.3571
v -32.8000 -1.2000 2.3571
v -32.8000 -1.2000 2.5857
v -35.0000 -1.2000 2.5857
v -35.0000 -0.6857 2.3571
v -32.8000 -0.6857 2.3571
v -32.8000 -0.6857 2.5857
v -35.0000 -0.6857 2.5857
v -35.0000 -1.2000 2.5857
v -32.8000 -1.2000 2.5857
v -32.8000 -1.2000 2.8143
v -35.0000 -1.2000 2.8143
v -35.0000 -0.5143 2.5857
v -32.8000 -0.5143 2.5857
v -32.8000 -0.5143 2.8143
v -35.0000 -0.5143 2.8143
v -35.0000 -1.2000 2.8143
v -32.8000 -1.2000 2.8143
v -32.8000 -1.2000 3.0429
v -35.0000 -1.2000 3.0429
v -35.0000 -0.3429 2.8143
v -32.8000 -0.3429 2.8143
v -32.8000 -0.3429 3.0429
v -35.0000 -0.3429 3.0429
v -35.0000 -1.2000 3.0429
v -32.8000 -1.2000 3.0429
v -32.8000 -1.2000 3.2714
v -35.0000 -1.2000 3.2714
v -35.0000 -0.1714 3.0429
v -32.8000 -0.1714 3.0429
v -32.8000 -0.1714 3.2714
v -35.0000 -0.1714 3.2714
v -35.0000 -1.2000 3.2714
v -32.8000 -1.2000 3.2714
v -32.8000 -1.2000 3.5000
v -35.0000 -1.2000 3.5000
v -35.0000 0.0000 3.2714
v -32.8000 0.0000 3.2714
v -32.8000 0.0000 3.5000
v -35.0000 0.0000 3.5000
v -35.0000 -1.2000 -2.1286
v -32.8000 -1.2000 -2.1286
v -32.8000 -1.2000 -1.9000
v -35.0000 -1.2000 -1.9000
v -35.0000 -1.0286 -2.1286
v -32.8000 -1.0286 -2.1286
v -32.8000 -1.0286 -1.9000
v -35.0000 -1.0286 -1.9000
v -35.0000 -1.2000 -2.3571
v -32.8000 -1.2000 -2.3571
v -32.8000 -1.2000 -2.1286
v -35.0000 -1.2000 -2.1286
v -35.0000 -0.8571 -2.3571
v -32.8000 -0.8571 -2.3571
v -32.8000 -0.8571 -2.1286
v -35.0000 -0.8571 -2.1286
v -35.0000 -1.2000 -2.5857
v -32.8000 -1.2000 -2.5857
v -32.8000 -1.2000 -2.3571
v -35.0000 -1.2000 -2.3571
v -35.0000 -0.6857 -2.5857
v -32.8000 -0.6857 -2.5857
v -32.8000 -0.6857 -2.3571
v -35.0000 -0.6857 -2.3571
v -35.0000 -1.2000 -2.8143
v -32.8000 -1.2000 -2.8143
v -32.8000 -1.2000 -2.5857
v -35.0000 -1.2000 -2.5857
v -35.0000 -0.5143 -2.8143
v -32.8000 -0.5143 -2.8143
v -32.8000 -0.5143 -2.5857
v -35.0000 -0.5143 -2.5857
v -35.0000 -1.2000 -3.0429
v -32.8000 -1.2000 -3.0429
v -32.8000 -1.2000 -2.8143
v -35.0000 -1.2000 -2.8143
v -35.0000 -0.3429 -3.0429
v -32.8000 -0.3429 -3.0429
v -32.8000 -0.3429 -2.8143
v -35.0000 -0.3429 -2.8143
v -35.0000 -1.2000 -3.2714
v -32.8000 -1.2000 -3.2714
v -32.8000 -1.2000 -3.0429
v -35.0000 -1.2000 -3.0429
v -35.0000 -0.1714 -3.2714
v -32.8000 -0.1714 -3.2714
v -32.8000 -0.1714 -3.0429
v -35.0000 -0.1714 -3.0429
v -35.0000 -1.2000 -3.5000
v -32.8000 -1.2000 -3.5000
v -32.8000 -1.2000 -3.2714
v -35.0000 -1.2000 -3.2714
v -35.0000 0.0000 -3.5000
v -32.8000 0.0000 -3.5000
v -32.8000 0.0000 -3.2714
v -35.0000 0.0000 -3.2714
v 32.0000 -1.2000 1.9000
v 34.2000 -1.2000 1.9000
v 34.2000 -1.2000 2.1286
v 32.0000 -1.2000 2.1286
v 32.0000 -1.0286 1.9000
v 34.2000 -1.0286 1.9000
v 34.2000 -1.0286 2.1286
v 32.0000 -1.0286 2.1286
v 32.0000 -1.2000 2.1286
v 34.2000 -1.2000 2.1286
v 34.2000 -1.2000 2.3571
v 32.0000 -1.2000 2.3571
v 32.0000 -0.8571 2.1286
v 34.2000 -0.8571 2.1286
v 34.2000 -0.8571 2.3571
v 32.0000 -0.8571 2.3571
v 32.0000 -1.2000 2.3571
v 34.2000 -1.2000 2.3571
v 34.2000 -1.2000 2.5857
v 32.0000 -1.2000 2.5857
v 32.0000 -0.6857 2.3571
v 34.2000 -0.6857 2.3571
v 34.2000 -0.6857 2.5857
v 32.0000 -0.6857 2.5857
v 32.0000 -1.2000 2.5857
v 34.2000 -1.2000 2.5857
v 34.2000 -1.2000 2.8143
v 32.0000 -1.2000 2.8143
v 32.0000 -0.5143 2.5857
v 34.2000 -0.5143 2.5857
v 34.2000 -0.5143 2.8143
v 32.0000 -0.5143 2.8143
v 32.0000 -1.2000 2.8143
v 34.2000 -1.2000 2.8143
v 34.2000 -1.2000 3.0429
v 32.0000 -1.2000 3.0429
v 32.0000 -0.3429 2.8143
v 34.2000 -0.3429 2.8143
v 34.2000 -0.3429 3.0429
v 32.0000 -0.3429 3.0429
v 32.0000 -1.2000 3.0429
v 34.2000 -1.2000 3.0429
v 34.2000 -1.2000 3.2714
v 32.0000 -1.2000 3.2714
v 32.0000 -0.1714 3.0429
v 34.2000 -0.1714 3.0429
v 34.2000 -0.1714 3.2714
v 32.0000 -0.1714 3.2714
v 32.0000 -1.2000 3.2714
v 34.2000 -1.2000 3.2714
v 34.2000 -1.2000 3.5000
v 32.0000 -1.2000 3.5000
v 32.0000 0.0000 3.2714
v 34.2000 0.0000 3.2714
v 34.2000 0.0000 3.5000
v 32.0000 0.0000 3.5000
v 32.0000 -1.2000 -2.1286
v 34.2000 -1.2000 -2.1286
v 34.2000 -1.2000 -1.9000
v 32.0000 -1.2000 -1.9000
v 32.0000 -1.0286 -2.1286
v 34.2000 -1.0286 -2.1286
v 34.2000 -1.0286 -1.9000
v 32.0000 -1.0286 -1.9000
v 32.0000 -1.2000 -2.3571
v 34.2000 -1.2000 -2.3571
v 34.2000 -1.2000 -2.1286
v 32.0000 -1.2000 -2.1286
v 32.0000 -0.8571 -2.3571
v 34.2000 -0.8571 -2.3571
v 34.2000 -0.8571 -2.1286
v 32.0000 -0.8571 -2.1286
v 32.0000 -1.2000 -2.5857
v 34.2000 -1.2000 -2.5857
v 34.2000 -1.2000 -2.3571
v 32.0000 -1.2000 -2.3571
v 32.0000 -0.6857 -2.5857
v 34.2000 -0.6857 -2.5857
v 34.2000 -0.6857 -2.3571
v 32.0000 -0.6857 -2.3571
v 32.0000 -1.2000 -2.8143
v 34.2000 -1.2000 -2.8143
v 34.2000 -1.2000 -2.5857
v 32.0000 -1.2000 -2.5857
v 32.0000 -0.5143 -2.8143
v 34.2000 -0.5143 -2.8143
v 34.2000 -0.5143 -2.5857
v 32.0000 -0.5143 -2.5857
v 32.0000 -1.2000 -3.0429
v 34.2000 -1.2000 -3.0429
v 34.2000 -1.2000 -2.8143
v 32.0000 -1.2000 -2.8143
v 32.0000 -0.3429 -3.0429
v 34.2000 -0.3429 -3.0429
v 34.2000 -0.3429 -2.8143
v 32.0000 -0.3429 -2.8143
v 32.0000 -1.2000 -3.2714
v 34.2000 -1.2000 -3.2714
v 34.2000 -1.2000 -3.0429
v 32.0000 -1.2000 -3.0429
v 32.0000 -0.1714 -3.2714
v 34.2000 -0.1714 -3.2714
v 34.2000 -0.1714 -3.0429
v 32.0000 -0.1714 -3.0429
v 32.0000 -1.2000 -3.5000
v 34.2000 -1.2000 -3.5000
v 34.2000 -1.2000 -3.2714
v 32.0000 -1.2000 -3.2714
v 32.0000 0.0000 -3.5000
v 34.2000 0.0000 -3.5000
v 34.2000 0.0000 -3.2714
v 32.0000 0.0000 -3.2714
v -18.0000 -0.8500 -1.4500
v 0.0000 -0.8500 -1.4500
v 0.0000 -0.8500 1.4500
v -18.0000 -0.8500 1.4500
v -18.0000 1.5000 -1.4500
v 0.0000 1.5000 -1.4500
v 0.0000 1.5000 1.4500
v -18.0000 1.5000 1.4500
v -18.0000 1.2000 -1.4800
v 0.0000 1.2000 -1.4800
v 0.0000 1.2000 1.4800
v -18.0000 1.2000 1.4800
v -18.0000 1.5500 -1.4800
v 0.0000 1.5500 -1.4800
v 0.0000 1.5500 1.4800
v -18.0000 1.5500 1.4800
v -18.0000 1.4500 -1.1700
v 0.0000 1.4500 -1.1700
v 0.0000 1.4500 1.1700
v -18.0000 1.4500 1.1700
v -18.0000 1.6700 -1.1700
v 0.0000 1.6700 -1.1700
v 0.0000 1.6700 1.1700
v -18.0000 1.6700 1.1700
v -18.0000 1.6300 -0.8300
v 0.0000 1.6300 -0.8300
v 0.0000 1.6300 0.8300
v -18.0000 1.6300 0.8300
v -18.0000 1.7900 -0.8300
v 0.0000 1.7900 -0.8300
v 0.0000 1.7900 0.8300
v -18.0000 1.7900 0.8300
v -18.0000 -1.2000 -1.3000
v 0.0000 -1.2000 -1.3000
v 0.0000 -1.2000 1.3000
v -18.0000 -1.2000 1.3000
v -18.0000 -0.8500 -1.3000
v 0.0000 -0.8500 -1.3000
v 0.0000 -0.8500 1.3000
v -18.0000 -0.8500 1.3000
v -17.3000 0.3000 -1.4800
v -15.8000 0.3000 -1.4800
v -15.8000 0.3000 -1.4300
v -17.3000 0.3000 -1.4300
v -17.3000 1.2500 -1.4800
v -15.8000 1.2500 -1.4800
v -15.8000 1.2500 -1.4300
v -17.3000 1.2500 -1.4300
v -17.6500 -0.4500 -1.4800
v -17.5300 -0.4500 -1.4800
v -17.5300 -0.4500 -1.4100
v -17.6500 -0.4500 -1.4100
v -17.6500 1.4000 -1.4800
v -17.5300 1.4000 -1.4800
v -17.5300 1.4000 -1.4100
v -17.6500 1.4000 -1.4100
v -15.0000 0.3000 -1.4800
v -13.5000 0.3000 -1.4800
v -13.5000 0.3000 -1.4300
v -15.0000 0.3000 -1.4300
v -15.0000 1.2500 -1.4800
v -13.5000 1.2500 -1.4800
v -13.5000 1.2500 -1.4300
v -15.0000 1.2500 -1.4300
v -15.3500 -0.4500 -1.4800
v -15.2300 -0.4500 -1.4800
v -15.2300 -0.4500 -1.4100
v -15.3500 -0.4500 -1.4100
v -15.3500 1.4000 -1.4800
v -15.2300 1.4000 -1.4800
v -15.2300 1.4000 -1.4100
v -15.3500 1.4000 -1.4100
v -12.7000 0.3000 -1.4800
v -11.2000 0.3000 -1.4800
v -11.2000 0.3000 -1.4300
v -12.7000 0.3000 -1.4300
v -12.7000 1.2500 -1.4800
v -11.2000 1.2500 -1.4800
v -11.2000 1.2500 -1.4300
v -12.7000 1.2500 -1.4300
v -13.0500 -0.4500 -1.4800
v -12.9300 -0.4500 -1.4800
v -12.9300 -0.4500 -1.4100
v -13.0500 -0.4500 -1.4100
v -13.0500 1.4000 -1.4800
v -12.9300 1.4000 -1.4800
v -12.9300 1.4000 -1.4100
v -13.0500 1.4000 -1.4100
v -10.4000 0.3000 -1.4800
v -8.9000 0.3000 -1.4800
v -8.9000 0.3000 -1.4300
v -10.4000 0.3000 -1.4300
v -10.4000 1.2500 -1.4800
v -8.9000 1.2500 -1.4800
v -8.9000 1.2500 -1.4300
v -10.4000 1.2500 -1.4300
v -10.7500 -0.4500 -1.4800
v -10.6300 -0.4500 -1.4800
v -10.6300 -0.4500 -1.4100
v -10.7500 -0.4500 -1.4100
v -10.7500 1.4000 -1.4800
v -10.6300 1.4000 -1.4800
v -10.6300 1.4000 -1.4100
v -10.7500 1.4000 -1.4100
v -8.1000 0.3000 -1.4800
v -6.6000 0.3000 -1.4800
v -6.6000 0.3000 -1.4300
v -8.1000 0.3000 -1.4300
v -8.1000 1.2500 -1.4800
v -6.6000 1.2500 -1.4800
v -6.6000 1.2500 -1.4300
v -8.1000 1.2500 -1.4300
v -8.4500 -0.4500 -1.4800
v -8.3300 -0.4500 -1.4800
v -8.3300 -0.4500 -1.4100
v -8.4500 -0.4500 -1.4100
v -8.4500 1.4000 -1.4800
v -8.3300 1.4000 -1.4800
v -8.3300 1.4000 -1.4100
v -8.4500 1.4000 -1.4100
v -5.8000 0.3000 -1.4800
v -4.3000 0.3000 -1.4800
v -4.3000 0.3000 -1.4300
v -5.8000 0.3000 -1.4300
v -5.8000 1.2500 -1.4800
v -4.3000 1.2500 -1.4800
v -4.3000 1.2500 -1.4300
v -5.8000 1.2500 -1.4300
v -6.1500 -0.4500 -1.4800
v -6.0300 -0.4500 -1.4800
v -6.0300 -0.4500 -1.4100
v -6.1500 -0.4500 -1.4100
v -6.1500 1.4000 -1.4800
v -6.0300 1.4000 -1.4800
v -6.0300 1.4000 -1.4100
v -6.1500 1.4000 -1.4100
v -3.5000 0.3000 -1.4800
v -2.0000 0.3000 -1.4800
v -2.0000 0.3000 -1.4300
v -3.5000 0.3000 -1.4300
v -3.5000 1.2500 -1.4800
v -2.0000 1.2500 -1.4800
v -2.0000 1.2500 -1.4300
v -3.5000 1.2500 -1.4300
v -3.8500 -0.4500 -1.4800
v -3.7300 -0.4500 -1.4800
v -3.7300 -0.4500 -1.4100
v -3.8500 -0.4500 -1.4100
v -3.8500 1.4000 -1.4800
v -3.7300 1.4000 -1.4800
v -3.7300 1.4000 -1.4100
v -3.8500 1.4000 -1.4100
v -17.3000 0.3000 1.4300
v -15.8000 0.3000 1.4300
v -15.8000 0.3000 1.4800
v -17.3000 0.3000 1.4800
v -17.3000 1.2500 1.4300
v -15.8000 1.2500 1.4300
v -15.8000 1.2500 1.4800
v -17.3000 1.2500 1.4800
v -17.6500 -0.4500 1.4300
v -17.5300 -0.4500 1.4300
v -17.5300 -0.4500 1.5000
v -17.6500 -0.4500 1.5000
v -17.6500 1.4000 1.4300
v -17.5300 1.4000 1.4300
v -17.5300 1.4000 1.5000
v -17.6500 1.4000 1.5000
v -15.0000 0.3000 1.4300
v -13.5000 0.3000 1.4300
v -13.5000 0.3000 1.4800
v -15.0000 0.3000 1.4800
v -15.0000 1.2500 1.4300
v -13.5000 1.2500 1.4300
v -13.5000 1.2500 1.4800
v -15.0000 1.2500 1.4800
v -15.3500 -0.4500 1.4300
v -15.2300 -0.4500 1.4300
v -15.2300 -0.4500 1.5000
v -15.3500 -0.4500 1.5000
v -15.3500 1.4000 1.4300
v -15.2300 1.4000 1.4300
v -15.2300 1.4000 1.5000
v -15.3500 1.4000 1.5000
v -12.7000 0.3000 1.4300
v -11.2000 0.3000 1.4300
v -11.2000 0.3000 1.4800
v -12.7000 0.3000 1.4800
v -12.7000 1.2500 1.4300
v -11.2000 1.2500 1.4300
v -11.2000 1.2500 1.4800
v -12.7000 1.2500 1.4800
v -13.0500 -0.4500 1.4300
v -12.9300 -0.4500 1.4300
v -12.9300 -0.4500 1.5000
v -13.0500 -0.4500 1.5000
v -13.0500 1.4000 1.4300
v -12.9300 1.4000 1.4300
v -12.9300 1.4000 1.5000
v -13.0500 1.4000 1.5000
v -10.4000 0.3000 1.4300
v -8.9000 0.3000 1.4300
v -8.9000 0.3000 1.4800
v -10.4000 0.3000 1.4800
v -10.4000 1.2500 1.4300
v -8.9000 1.2500 1.4300
v -8.9000 1.2500 1.4800
v -10.4000 1.2500 1.4800
v -10.7500 -0.4500 1.4300
v -10.6300 -0.4500 1.4300
v -10.6300 -0.4500 1.5000
v -10.7500 -0.4500 1.5000
v -10.7500 1.4000 1.4300
v -10.6300 1.4000 1.4300
v -10.6300 1.4000 1.5000
v -10.7500 1.4000 1.5000
v -8.1000 0.3000 1.4300
v -6.6000 0.3000 1.4300
v -6.6000 0.3000 1.4800
v -8.1000 0.3000 1.4800
v -8.1000 1.2500 1.4300
v -6.6000 1.2500 1.4300
v -6.6000 1.2500 1.4800
v -8.1000 1.2500 1.4800
v -8.4500 -0.4500 1.4300
v -8.3300 -0.4500 1.4300
v -8.3300 -0.4500 1.5000
v -8.4500 -0.4500 1.5000
v -8.4500 1.4000 1.4300
v -8.3300 1.4000 1.4300
v -8.3300 1.4000 1.5000
v -8.4500 1.4000 1.5000
v -5.8000 0.3000 1.4300
v -4.3000 0.3000 1.4300
v -4.3000 0.3000 1.4800
v -5.8000 0.3000 1.4800
v -5.8000 1.2500 1.4300
v -4.3000 1.2500 1.4300
v -4.3000 1.2500 1.4800
v -5.8000 1.2500 1.4800
v -6.1500 -0.4500 1.4300
v -6.0300 -0.4500 1.4300
v -6.0300 -0.4500 1.5000
v -6.1500 -0.4500 1.5000
v -6.1500 1.4000 1.4300
v -6.0300 1.4000 1.4300
v -6.0300 1.4000 1.5000
v -6.1500 1.4000 1.5000
v -3.5000 0.3000 1.4300
v -2.0000 0.3000 1.4300
v -2.0000 0.3000 1.4800
v -3.5000 0.3000 1.4800
v -3.5000 1.2500 1.4300
v -2.0000 1.2500 1.4300
v -2.0000 1.2500 1.4800
v -3.5000 1.2500 1.4800
v -3.8500 -0.4500 1.4300
v -3.7300 -0.4500 1.4300
v -3.7300 -0.4500 1.5000
v -3.8500 -0.4500 1.5000
v -3.8500 1.4000 1.4300
v -3.7300 1.4000 1.4300
v -3.7300 1.4000 1.5000
v -3.8500 1.4000 1.5000
v -15.8000 -0.5000 -1.4800
v -14.7000 -0.5000 -1.4800
v -14.7000 -0.5000 -1.4200
v -15.8000 -0.5000 -1.4200
v -15.8000 1.2500 -1.4800
v -14.7000 1.2500 -1.4800
v -14.7000 1.2500 -1.4200
v -15.8000 1.2500 -1.4200
v -11.3000 -0.5000 -1.4800
v -10.2000 -0.5000 -1.4800
v -10.2000 -0.5000 -1.4200
v -11.3000 -0.5000 -1.4200
v -11.3000 1.2500 -1.4800
v -10.2000 1.2500 -1.4800
v -10.2000 1.2500 -1.4200
v -11.3000 1.2500 -1.4200
v -6.8000 -0.5000 -1.4800
v -5.7000 -0.5000 -1.4800
v -5.7000 -0.5000 -1.4200
v -6.8000 -0.5000 -1.4200
v -6.8000 1.2500 -1.4800
v -5.7000 1.2500 -1.4800
v -5.7000 1.2500 -1.4200
v -6.8000 1.2500 -1.4200
v -2.3000 -0.5000 -1.4800
v -1.2000 -0.5000 -1.4800
v -1.2000 -0.5000 -1.4200
v -2.3000 -0.5000 -1.4200
v -2.3000 1.2500 -1.4800
v -1.2000 1.2500 -1.4800
v -1.2000 1.2500 -1.4200
v -2.3000 1.2500 -1.4200
v -15.8000 -0.5000 1.4300
v -14.7000 -0.5000 1.4300
v -14.7000 -0.5000 1.4900
v -15.8000 -0.5000 1.4900
v -15.8000 1.2500 1.4300
v -14.7000 1.2500 1.4300
v -14.7000 1.2500 1.4900
v -15.8000 1.2500 1.4900
v -11.3000 -0.5000 1.4300
v -10.2000 -0.5000 1.4300
v -10.2000 -0.5000 1.4900
v -11.3000 -0.5000 1.4900
v -11.3000 1.2500 1.4300
v -10.2000 1.2500 1.4300
v -10.2000 1.2500 1.4900
v -11.3000 1.2500 1.4900
v -6.8000 -0.5000 1.4300
v -5.7000 -0.5000 1.4300
v -5.7000 -0.5000 1.4900
v -6.8000 -0.5000 1.4900
v -6.8000 1.2500 1.4300
v -5.7000 1.2500 1.4300
v -5.7000 1.2500 1.4900
v -6.8000 1.2500 1.4900
v -2.3000 -0.5000 1.4300
v -1.2000 -0.5000 1.4300
v -1.2000 -0.5000 1.4900
v -2.3000 -0.5000 1.4900
v -2.3000 1.2500 1.4300
v -1.2000 1.2500 1.4300
v -1.2000 1.2500 1.4900
v -2.3000 1.2500 1.4900
v -16.5000 -1.2000 -0.9500
v -15.1000 -1.2000 -0.9500
v -15.1000 -1.2000 0.9500
v -16.5000 -1.2000 0.9500
v -16.5000 -0.8000 -0.9500
v -15.1000 -0.8000 -0.9500
v -15.1000 -0.8000 0.9500
v -16.5000 -0.8000 0.9500
v -15.8700 -0.9800 -0.8200
v -15.9235 -0.8154 -0.8200
v -16.0635 -0.7137 -0.8200
v -16.2365 -0.7137 -0.8200
v -16.3765 -0.8154 -0.8200
v -16.4300 -0.9800 -0.8200
v -16.3765 -1.1446 -0.8200
v -16.2365 -1.2463 -0.8200
v -16.0635 -1.2463 -0.8200
v -15.9235 -1.1446 -0.8200
v -15.8700 -0.9800 -0.5800
v -15.9235 -0.8154 -0.5800
v -16.0635 -0.7137 -0.5800
v -16.2365 -0.7137 -0.5800
v -16.3765 -0.8154 -0.5800
v -16.4300 -0.9800 -0.5800
v -16.3765 -1.1446 -0.5800
v -16.2365 -1.2463 -0.5800
v -16.0635 -1.2463 -0.5800
v -15.9235 -1.1446 -0.5800
v -16.5700 -0.9800 -0.8200
v -16.6235 -0.8154 -0.8200
v -16.7635 -0.7137 -0.8200
v -16.9365 -0.7137 -0.8200
v -17.0765 -0.8154 -0.8200
v -17.1300 -0.9800 -0.8200
v -17.0765 -1.1446 -0.8200
v -16.9365 -1.2463 -0.8200
v -16.7635 -1.2463 -0.8200
v -16.6235 -1.1446 -0.8200
v -16.5700 -0.9800 -0.5800
v -16.6235 -0.8154 -0.5800
v -16.7635 -0.7137 -0.5800
v -16.9365 -0.7137 -0.5800
v -17.0765 -0.8154 -0.5800
v -17.1300 -0.9800 -0.5800
v -17.0765 -1.1446 -0.5800
v -16.9365 -1.2463 -0.5800
v -16.7635 -1.2463 -0.5800
v -16.6235 -1.1446 -0.5800
v -15.8700 -0.9800 0.5800
v -15.9235 -0.8154 0.5800
v -16.0635 -0.7137 0.5800
v -16.2365 -0.7137 0.5800
v -16.3765 -0.8154 0.5800
v -16.4300 -0.9800 0.5800
v -16.3765 -1.1446 0.5800
v -16.2365 -1.2463 0.5800
v -16.0635 -1.2463 0.5800
v -15.9235 -1.1446 0.5800
v -15.8700 -0.9800 0.8200
v -15.9235 -0.8154 0.8200
v -16.0635 -0.7137 0.8200
v -16.2365 -0.7137 0.8200
v -16.3765 -0.8154 0.8200
v -16.4300 -0.9800 0.8200
v -16.3765 -1.1446 0.8200
v -16.2365 -1.2463 0.8200
v -16.0635 -1.2463 0.8200
v -15.9235 -1.1446 0.8200
v -16.5700 -0.9800 0.5800
v -16.6235 -0.8154 0.5800
v -16.7635 -0.7137 0.5800
v -16.9365 -0.7137 0.5800
v -17.0765 -0.8154 0.5800
v -17.1300 -0.9800 0.5800
v -17.0765 -1.1446 0.5800
v -16.9365 -1.2463 0.5800
v -16.7635 -1.2463 0.5800
v -16.6235 -1.1446 0.5800
v -16.5700 -0.9800 0.8200
v -16.6235 -0.8154 0.8200
v -16.7635 -0.7137 0.8200
v -16.9365 -0.7137 0.8200
v -17.0765 -0.8154 0.8200
v -17.1300 -0.9800 0.8200
v -17.0765 -1.1446 0.8200
v -16.9365 -1.2463 0.8200
v -16.7635 -1.2463 0.8200
v -16.6235 -1.1446 0.8200
v -1.7000 -1.2000 -0.9500
v -0.3000 -1.2000 -0.9500
v -0.3000 -1.2000 0.9500
v -1.7000 -1.2000 0.9500
v -1.7000 -0.8000 -0.9500
v -0.3000 -0.8000 -0.9500
v -0.3000 -0.8000 0.9500
v -1.7000 -0.8000 0.9500
v -1.0700 -0.9800 -0.8200
v -1.1235 -0.8154 -0.8200
v -1.2635 -0.7137 -0.8200
v -1.4365 -0.7137 -0.8200
v -1.5765 -0.8154 -0.8200
v -1.6300 -0.9800 -0.8200
v -1.5765 -1.1446 -0.8200
v -1.4365 -1.2463 -0.8200
v -1.2635 -1.2463 -0.8200
v -1.1235 -1.1446 -0.8200
v -1.0700 -0.9800 -0.5800
v -1.1235 -0.8154 -0.5800
v -1.2635 -0.7137 -0.5800
v -1.4365 -0.7137 -0.5800
v -1.5765 -0.8154 -0.5800
v -1.6300 -0.9800 -0.5800
v -1.5765 -1.1446 -0.5800
v -1.4365 -1.2463 -0.5800
v -1.2635 -1.2463 -0.5800
v -1.1235 -1.1446 -0.5800
v -1.7700 -0.9800 -0.8200
v -1.8235 -0.8154 -0.8200
v -1.9635 -0.7137 -0.8200
v -2.1365 -0.7137 -0.8200
v -2.2765 -0.8154 -0.8200
v -2.3300 -0.9800 -0.8200
v -2.2765 -1.1446 -0.8200
v -2.1365 -1.2463 -0.8200
v -1.9635 -1.2463 -0.8200
v -1.8235 -1.1446 -0.8200
v -1.7700 -0.9800 -0.5800
v -1.8235 -0.8154 -0.5800
v -1.9635 -0.7137 -0.5800
v -2.1365 -0.7137 -0.5800
v -2.2765 -0.8154 -0.5800
v -2.3300 -0.9800 -0.5800
v -2.2765 -1.1446 -0.5800
v -2.1365 -1.2463 -0.5800
v -1.9635 -1.2463 -0.5800
v -1.8235 -1.1446 -0.5800
v -1.0700 -0.9800 0.5800
v -1.1235 -0.8154 0.5800
v -1.2635 -0.7137 0.5800
v -1.4365 -0.7137 0.5800
v -1.5765 -0.8154 0.5800
v -1.6300 -0.9800 0.5800
v -1.5765 -1.1446 0.5800
v -1.4365 -1.2463 0.5800
v -1.2635 -1.2463 0.5800
v -1.1235 -1.1446 0.5800
v -1.0700 -0.9800 0.8200
v -1.1235 -0.8154 0.8200
v -1.2635 -0.7137 0.8200
v -1.4365 -0.7137 0.8200
v -1.5765 -0.8154 0.8200
v -1.6300 -0.9800 0.8200
v -1.5765 -1.1446 0.8200
v -1.4365 -1.2463 0.8200
v -1.2635 -1.2463 0.8200
v -1.1235 -1.1446 0.8200
v -1.7700 -0.9800 0.5800
v -1.8235 -0.8154 0.5800
v -1.9635 -0.7137 0.5800
v -2.1365 -0.7137 0.5800
v -2.2765 -0.8154 0.5800
v -2.3300 -0.9800 0.5800
v -2.2765 -1.1446 0.5800
v -2.1365 -1.2463 0.5800
v -1.9635 -1.2463 0.5800
v -1.8235 -1.1446 0.5800
v -1.7700 -0.9800 0.8200
v -1.8235 -0.8154 0.8200
v -1.9635 -0.7137 0.8200
v -2.1365 -0.7137 0.8200
v -2.2765 -0.8154 0.8200
v -2.3300 -0.9800 0.8200
v -2.2765 -1.1446 0.8200
v -2.1365 -1.2463 0.8200
v -1.9635 -1.2463 0.8200
v -1.8235 -1.1446 0.8200
v 0.0000 -0.8500 -1.4500
v 18.0000 -0.8500 -1.4500
v 18.0000 -0.8500 1.4500
v 0.0000 -0.8500 1.4500
v 0.0000 1.5000 -1.4500
v 18.0000 1.5000 -1.4500
v 18.0000 1.5000 1.4500
v 0.0000 1.5000 1.4500
v 0.0000 1.2000 -1.4800
v 18.0000 1.2000 -1.4800
v 18.0000 1.2000 1.4800
v 0.0000 1.2000 1.4800
v 0.0000 1.5500 -1.4800
v 18.0000 1.5500 -1.4800
v 18.0000 1.5500 1.4800
v 0.0000 1.5500 1.4800
v 0.0000 1.4500 -1.1700
v 18.0000 1.4500 -1.1700
v 18.0000 1.4500 1.1700
v 0.0000 1.4500 1.1700
v 0.0000 1.6700 -1.1700
v 18.0000 1.6700 -1.1700
v 18.0000 1.6700 1.1700
v 0.0000 1.6700 1.1700
v 0.0000 1.6300 -0.8300
v 18.0000 1.6300 -0.8300
v 18.0000 1.6300 0.8300
v 0.0000 1.6300 0.8300
v 0.0000 1.7900 -0.8300
v 18.0000 1.7900 -0.8300
v 18.0000 1.7900 0.8300
v 0.0000 1.7900 0.8300
v 0.0000 -1.2000 -1.3000
v 18.0000 -1.2000 -1.3000
v 18.0000 -1.2000 1.3000
v 0.0000 -1.2000 1.3000
v 0.0000 -0.8500 -1.3000
v 18.0000 -0.8500 -1.3000
v 18.0000 -0.8500 1.3000
v 0.0000 -0.8500 1.3000
v 0.7000 0.3000 -1.4800
v 2.2000 0.3000 -1.4800
v 2.2000 0.3000 -1.4300
v 0.7000 0.3000 -1.4300
v 0.7000 1.2500 -1.4800
v 2.2000 1.2500 -1.4800
v 2.2000 1.2500 -1.4300
v 0.7000 1.2500 -1.4300
v 0.3500 -0.4500 -1.4800
v 0.4700 -0.4500 -1.4800
v 0.4700 -0.4500 -1.4100
v 0.3500 -0.4500 -1.4100
v 0.3500 1.4000 -1.4800
v 0.4700 1.4000 -1.4800
v 0.4700 1.4000 -1.4100
v 0.3500 1.4000 -1.4100
v 3.0000 0.3000 -1.4800
v 4.5000 0.3000 -1.4800
v 4.5000 0.3000 -1.4300
v 3.0000 0.3000 -1.4300
v 3.0000 1.2500 -1.4800
v 4.5000 1.2500 -1.4800
v 4.5000 1.2500 -1.4300
v 3.0000 1.2500 -1.4300
v 2.6500 -0.4500 -1.4800
v 2.7700 -0.4500 -1.4800
v 2.7700 -0.4500 -1.4100
v 2.6500 -0.4500 -1.4100
v 2.6500 1.4000 -1.4800
v 2.7700 1.4000 -1.4800
v 2.7700 1.4000 -1.4100
v 2.6500 1.4000 -1.4100
v 5.3000 0.3000 -1.4800
v 6.8000 0.3000 -1.4800
v 6.8000 0.3000 -1.4300
v 5.3000 0.3000 -1.4300
v 5.3000 1.2500 -1.4800
v 6.8000 1.2500 -1.4800
v 6.8000 1.2500 -1.4300
v 5.3000 1.2500 -1.4300
v 4.9500 -0.4500 -1.4800
v 5.0700 -0.4500 -1.4800
v 5.0700 -0.4500 -1.4100
v 4.9500 -0.4500 -1.4100
v 4.9500 1.4000 -1.4800
v 5.0700 1.4000 -1.4800
v 5.0700 1.4000 -1.4100
v 4.9500 1.4000 -1.4100
v 7.6000 0.3000 -1.4800
v 9.1000 0.3000 -1.4800
v 9.1000 0.3000 -1.4300
v 7.6000 0.3000 -1.4300
v 7.6000 1.2500 -1.4800
v 9.1000 1.2500 -1.4800
v 9.1000 1.2500 -1.4300
v 7.6000 1.2500 -1.4300
v 7.2500 -0.4500 -1.4800
v 7.3700 -0.4500 -1.4800
v 7.3700 -0.4500 -1.4100
v 7.2500 -0.4500 -1.4100
v 7.2500 1.4000 -1.4800
v 7.3700 1.4000 -1.4800
v 7.3700 1.4000 -1.4100
v 7.2500 1.4000 -1.4100
v 9.9000 0.3000 -1.4800
v 11.4000 0.3000 -1.4800
v 11.4000 0.3000 -1.4300
v 9.9000 0.3000 -1.4300
v 9.9000 1.2500 -1.4800
v 11.4000 1.2500 -1.4800
v 11.4000 1.2500 -1.4300
v 9.9000 1.2500 -1.4300
v 9.5500 -0.4500 -1.4800
v 9.6700 -0.4500 -1.4800
v 9.6700 -0.4500 -1.4100
v 9.5500 -0.4500 -1.4100
v 9.5500 1.4000 -1.4800
v 9.6700 1.4000 -1.4800
v 9.6700 1.4000 -1.4100
v 9.5500 1.4000 -1.4100
v 12.2000 0.3000 -1.4800
v 13.7000 0.3000 -1.4800
v 13.7000 0.3000 -1.4300
v 12.2000 0.3000 -1.4300
v 12.2000 1.2500 -1.4800
v 13.7000 1.2500 -1.4800
v 13.7000 1.2500 -1.4300
v 12.2000 1.2500 -1.4300
v 11.8500 -0.4500 -1.4800
v 11.9700 -0.4500 -1.4800
v 11.9700 -0.4500 -1.4100
v 11.8500 -0.4500 -1.4100
v 11.8500 1.4000 -1.4800
v 11.9700 1.4000 -1.4800
v 11.9700 1.4000 -1.4100
v 11.8500 1.4000 -1.4100
v 14.5000 0.3000 -1.4800
v 16.0000 0.3000 -1.4800
v 16.0000 0.3000 -1.4300
v 14.5000 0.3000 -1.4300
v 14.5000 1.2500 -1.4800
v 16.0000 1.2500 -1.4800
v 16.0000 1.2500 -1.4300
v 14.5000 1.2500 -1.4300
v 14.1500 -0.4500 -1.4800
v 14.2700 -0.4500 -1.4800
v 14.2700 -0.4500 -1.4100
v 14.1500 -0.4500 -1.4100
v 14.1500 1.4000 -1.4800
v 14.2700 1.4000 -1.4800
v 14.2700 1.4000 -1.4100
v 14.1500 1.4000 -1.4100
v 0.7000 0.3000 1.4300
v 2.2000 0.3000 1.4300
v 2.2000 0.3000 1.4800
v 0.7000 0.3000 1.4800
v 0.7000 1.2500 1.4300
v 2.2000 1.2500 1.4300
v 2.2000 1.2500 1.4800
v 0.7000 1.2500 1.4800
v 0.3500 -0.4500 1.4300
v 0.4700 -0.4500 1.4300
v 0.4700 -0.4500 1.5000
v 0.3500 -0.4500 1.5000
v 0.3500 1.4000 1.4300
v 0.4700 1.4000 1.4300
v 0.4700 1.4000 1.5000
v 0.3500 1.4000 1.5000
v 3.0000 0.3000 1.4300
v 4.5000 0.3000 1.4300
v 4.5000 0.3000 1.4800
v 3.0000 0.3000 1.4800
v 3.0000 1.2500 1.4300
v 4.5000 1.2500 1.4300
v 4.5000 1.2500 1.4800
v 3.0000 1.2500 1.4800
v 2.6500 -0.4500 1.4300
v 2.7700 -0.4500 1.4300
v 2.7700 -0.4500 1.5000
v 2.6500 -0.4500 1.5000
v 2.6500 1.4000 1.4300
v 2.7700 1.4000 1.4300
v 2.7700 1.4000 1.5000
v 2.6500 1.4000 1.5000
v 5.3000 0.3000 1.4300
v 6.8000 0.3000 1.4300
v 6.8000 0.3000 1.4800
v 5.3000 0.3000 1.4800
v 5.3000 1.2500 1.4300
v 6.8000 1.2500 1.4300
v 6.8000 1.2500 1.4800
v 5.3000 1.2500 1.4800
v 4.9500 -0.4500 1.4300
v 5.0700 -0.4500 1.4300
v 5.0700 -0.4500 1.5000
v 4.9500 -0.4500 1.5000
v 4.9500 1.4000 1.4300
v 5.0700 1.4000 1.4300
v 5.0700 1.4000 1.5000
v 4.9500 1.4000 1.5000
v 7.6000 0.3000 1.4300
v 9.1000 0.3000 1.4300
v 9.1000 0.3000 1.4800
v 7.6000 0.3000 1.4800
v 7.6000 1.2500 1.4300
v 9.1000 1.2500 1.4300
v 9.1000 1.2500 1.4800
v 7.6000 1.2500 1.4800
v 7.2500 -0.4500 1.4300
v 7.3700 -0.4500 1.4300
v 7.3700 -0.4500 1.5000
v 7.2500 -0.4500 1.5000
v 7.2500 1.4000 1.4300
v 7.3700 1.4000 1.4300
v 7.3700 1.4000 1.5000
v 7.2500 1.4000 1.5000
v 9.9000 0.3000 1.4300
v 11.4000 0.3000 1.4300
v 11.4000 0.3000 1.4800
v 9.9000 0.3000 1.4800
v 9.9000 1.2500 1.4300
v 11.4000 1.2500 1.4300
v 11.4000 1.2500 1.4800
v 9.9000 1.2500 1.4800
v 9.5500 -0.4500 1.4300
v 9.6700 -0.4500 1.4300
v 9.6700 -0.4500 1.5000
v 9.5500 -0.4500 1.5000
v 9.5500 1.4000 1.4300
v 9.6700 1.4000 1.4300
v 9.6700 1.4000 1.5000
v 9.5500 1.4000 1.5000
v 12.2000 0.3000 1.4300
v 13.7000 0.3000 1.4300
v 13.7000 0.3000 1.4800
v 12.2000 0.3000 1.4800
v 12.2000 1.2500 1.4300
v 13.7000 1.2500 1.4300
v 13.7000 1.2500 1.4800
v 12.2000 1.2500 1.4800
v 11.8500 -0.4500 1.4300
v 11.9700 -0.4500 1.4300
v 11.9700 -0.4500 1.5000
v 11.8500 -0.4500 1.5000
v 11.8500 1.4000 1.4300
v 11.9700 1.4000 1.4300
v 11.9700 1.4000 1.5000
v 11.8500 1.4000 1.5000
v 14.5000 0.3000 1.4300
v 16.0000 0.3000 1.4300
v 16.0000 0.3000 1.4800
v 14.5000 0.3000 1.4800
v 14.5000 1.2500 1.4300
v 16.0000 1.2500 1.4300
v 16.0000 1.2500 1.4800
v 14.5000 1.2500 1.4800
v 14.1500 -0.4500 1.4300
v 14.2700 -0.4500 1.4300
v 14.2700 -0.4500 1.5000
v 14.1500 -0.4500 1.5000
v 14.1500 1.4000 1.4300
v 14.2700 1.4000 1.4300
v 14.2700 1.4000 1.5000
v 14.1500 1.4000 1.5000
v 2.2000 -0.5000 -1.4800
v 3.3000 -0.5000 -1.4800
v 3.3000 -0.5000 -1.4200
v 2.2000 -0.5000 -1.4200
v 2.2000 1.2500 -1.4800
v 3.3000 1.2500 -1.4800
v 3.3000 1.2500 -1.4200
v 2.2000 1.2500 -1.4200
v 6.7000 -0.5000 -1.4800
v 7.8000 -0.5000 -1.4800
v 7.8000 -0.5000 -1.4200
v 6.7000 -0.5000 -1.4200
v 6.7000 1.2500 -1.4800
v 7.8000 1.2500 -1.4800
v 7.8000 1.2500 -1.4200
v 6.7000 1.2500 -1.4200
v 11.2000 -0.5000 -1.4800
v 12.3000 -0.5000 -1.4800
v 12.3000 -0.5000 -1.4200
v 11.2000 -0.5000 -1.4200
v 11.2000 1.2500 -1.4800
v 12.3000 1.2500 -1.4800
v 12.3000 1.2500 -1.4200
v 11.2000 1.2500 -1.4200
v 15.7000 -0.5000 -1.4800
v 16.8000 -0.5000 -1.4800
v 16.8000 -0.5000 -1.4200
v 15.7000 -0.5000 -1.4200
v 15.7000 1.2500 -1.4800
v 16.8000 1.2500 -1.4800
v 16.8000 1.2500 -1.4200
v 15.7000 1.2500 -1.4200
v 2.2000 -0.5000 1.4300
v 3.3000 -0.5000 1.4300
v 3.3000 -0.5000 1.4900
v 2.2000 -0.5000 1.4900
v 2.2000 1.2500 1.4300
v 3.3000 1.2500 1.4300
v 3.3000 1.2500 1.4900
v 2.2000 1.2500 1.4900
v 6.7000 -0.5000 1.4300
v 7.8000 -0.5000 1.4300
v 7.8000 -0.5000 1.4900
v 6.7000 -0.5000 1.4900
v 6.7000 1.2500 1.4300
v 7.8000 1.2500 1.4300
v 7.8000 1.2500 1.4900
v 6.7000 1.2500 1.4900
v 11.2000 -0.5000 1.4300
v 12.3000 -0.5000 1.4300
v 12.3000 -0.5000 1.4900
v 11.2000 -0.5000 1.4900
v 11.2000 1.2500 1.4300
v 12.3000 1.2500 1.4300
v 12.3000 1.2500 1.4900
v 11.2000 1.2500 1.4900
v 15.7000 -0.5000 1.4300
v 16.8000 -0.5000 1.4300
v 16.8000 -0.5000 1.4900
v 15.7000 -0.5000 1.4900
v 15.7000 1.2500 1.4300
v 16.8000 1.2500 1.4300
v 16.8000 1.2500 1.4900
v 15.7000 1.2500 1.4900
v 1.5000 -1.2000 -0.9500
v 2.9000 -1.2000 -0.9500
v 2.9000 -1.2000 0.9500
v 1.5000 -1.2000 0.9500
v 1.5000 -0.8000 -0.9500
v 2.9000 -0.8000 -0.9500
v 2.9000 -0.8000 0.9500
v 1.5000 -0.8000 0.9500
v 2.1300 -0.9800 -0.8200
v 2.0765 -0.8154 -0.8200
v 1.9365 -0.7137 -0.8200
v 1.7635 -0.7137 -0.8200
v 1.6235 -0.8154 -0.8200
v 1.5700 -0.9800 -0.8200
v 1.6235 -1.1446 -0.8200
v 1.7635 -1.2463 -0.8200
v 1.9365 -1.2463 -0.8200
v 2.0765 -1.1446 -0.8200
v 2.1300 -0.9800 -0.5800
v 2.0765 -0.8154 -0.5800
v 1.9365 -0.7137 -0.5800
v 1.7635 -0.7137 -0.5800
v 1.6235 -0.8154 -0.5800
v 1.5700 -0.9800 -0.5800
v 1.6235 -1.1446 -0.5800
v 1.7635 -1.2463 -0.5800
v 1.9365 -1.2463 -0.5800
v 2.0765 -1.1446 -0.5800
v 1.4300 -0.9800 -0.8200
v 1.3765 -0.8154 -0.8200
v 1.2365 -0.7137 -0.8200
v 1.0635 -0.7137 -0.8200
v 0.9235 -0.8154 -0.8200
v 0.8700 -0.9800 -0.8200
v 0.9235 -1.1446 -0.8200
v 1.0635 -1.2463 -0.8200
v 1.2365 -1.2463 -0.8200
v 1.3765 -1.1446 -0.8200
v 1.4300 -0.9800 -0.5800
v 1.3765 -0.8154 -0.5800
v 1.2365 -0.7137 -0.5800
v 1.0635 -0.7137 -0.5800
v 0.9235 -0.8154 -0.5800
v 0.8700 -0.9800 -0.5800
v 0.9235 -1.1446 -0.5800
v 1.0635 -1.2463 -0.5800
v 1.2365 -1.2463 -0.5800
v 1.3765 -1.1446 -0.5800
v 2.1300 -0.9800 0.5800
v 2.0765 -0.8154 0.5800
v 1.9365 -0.7137 0.5800
v 1.7635 -0.7137 0.5800
v 1.6235 -0.8154 0.5800
v 1.5700 -0.9800 0.5800
v 1.6235 -1.1446 0.5800
v 1.7635 -1.2463 0.5800
v 1.9365 -1.2463 0.5800
v 2.0765 -1.1446 0.5800
v 2.1300 -0.9800 0.8200
v 2.0765 -0.8154 0.8200
v 1.9365 -0.7137 0.8200
v 1.7635 -0.7137 0.8200
v 1.6235 -0.8154 0.8200
v 1.5700 -0.9800 0.8200
v 1.6235 -1.1446 0.8200
v 1.7635 -1.2463 0.8200
v 1.9365 -1.2463 0.8200
v 2.0765 -1.1446 0.8200
v 1.4300 -0.9800 0.5800
v 1.3765 -0.8154 0.5800
v 1.2365 -0.7137 0.5800
v 1.0635 -0.7137 0.5800
v 0.9235 -0.8154 0.5800
v 0.8700 -0.9800 0.5800
v 0.9235 -1.1446 0.5800
v 1.0635 -1.2463 0.5800
v 1.2365 -1.2463 0.5800
v 1.3765 -1.1446 0.5800
v 1.4300 -0.9800 0.8200
v 1.3765 -0.8154 0.8200
v 1.2365 -0.7137 0.8200
v 1.0635 -0.7137 0.8200
v 0.9235 -0.8154 0.8200
v 0.8700 -0.9800 0.8200
v 0.9235 -1.1446 0.8200
v 1.0635 -1.2463 0.8200
v 1.2365 -1.2463 0.8200
v 1.3765 -1.1446 0.8200
v 16.3000 -1.2000 -0.9500
v 17.7000 -1.2000 -0.9500
v 17.7000 -1.2000 0.9500
v 16.3000 -1.2000 0.9500
v 16.3000 -0.8000 -0.9500
v 17.7000 -0.8000 -0.9500
v 17.7000 -0.8000 0.9500
v 16.3000 -0.8000 0.9500
v 16.9300 -0.9800 -0.8200
v 16.8765 -0.8154 -0.8200
v 16.7365 -0.7137 -0.8200
v 16.5635 -0.7137 -0.8200
v 16.4235 -0.8154 -0.8200
v 16.3700 -0.9800 -0.8200
v 16.4235 -1.1446 -0.8200
v 16.5635 -1.2463 -0.8200
v 16.7365 -1.2463 -0.8200
v 16.8765 -1.1446 -0.8200
v 16.9300 -0.9800 -0.5800
v 16.8765 -0.8154 -0.5800
v 16.7365 -0.7137 -0.5800
v 16.5635 -0.7137 -0.5800
v 16.4235 -0.8154 -0.5800
v 16.3700 -0.9800 -0.5800
v 16.4235 -1.1446 -0.5800
v 16.5635 -1.2463 -0.5800
v 16.7365 -1.2463 -0.5800
v 16.8765 -1.1446 -0.5800
v 16.2300 -0.9800 -0.8200
v 16.1765 -0.8154 -0.8200
v 16.0365 -0.7137 -0.8200
v 15.8635 -0.7137 -0.8200
v 15.7235 -0.8154 -0.8200
v 15.6700 -0.9800 -0.8200
v 15.7235 -1.1446 -0.8200
v 15.8635 -1.2463 -0.8200
v 16.0365 -1.2463 -0.8200
v 16.1765 -1.1446 -0.8200
v 16.2300 -0.9800 -0.5800
v 16.1765 -0.8154 -0.5800
v 16.0365 -0.7137 -0.5800
v 15.8635 -0.7137 -0.5800
v 15.7235 -0.8154 -0.5800
v 15.6700 -0.9800 -0.5800
v 15.7235 -1.1446 -0.5800
v 15.8635 -1.2463 -0.5800
v 16.0365 -1.2463 -0.5800
v 16.1765 -1.1446 -0.5800
v 16.9300 -0.9800 0.5800
v 16.8765 -0.8154 0.5800
v 16.7365 -0.7137 0.5800
v 16.5635 -0.7137 0.5800
v 16.4235 -0.8154 0.5800
v 16.3700 -0.9800 0.5800
v 16.4235 -1.1446 0.5800
v 16.5635 -1.2463 0.5800
v 16.7365 -1.2463 0.5800
v 16.8765 -1.1446 0.5800
v 16.9300 -0.9800 0.8200
v 16.8765 -0.8154 0.8200
v 16.7365 -0.7137 0.8200
v 16.5635 -0.7137 0.8200
v 16.4235 -0.8154 0.8200
v 16.3700 -0.9800 0.8200
v 16.4235 -1.1446 0.8200
v 16.5635 -1.2463 0.8200
v 16.7365 -1.2463 0.8200
v 16.8765 -1.1446 0.8200
v 16.2300 -0.9800 0.5800
v 16.1765 -0.8154 0.5800
v 16.0365 -0.7137 0.5800
v 15.8635 -0.7137 0.5800
v 15.7235 -0.8154 0.5800
v 15.6700 -0.9800 0.5800
v 15.7235 -1.1446 0.5800
v 15.8635 -1.2463 0.5800
v 16.0365 -1.2463 0.5800
v 16.1765 -1.1446 0.5800
v 16.2300 -0.9800 0.8200
v 16.1765 -0.8154 0.8200
v 16.0365 -0.7137 0.8200
v 15.8635 -0.7137 0.8200
v 15.7235 -0.8154 0.8200
v 15.6700 -0.9800 0.8200
v 15.7235 -1.1446 0.8200
v 15.8635 -1.2463 0.8200
v 16.0365 -1.2463 0.8200
v 16.1765 -1.1446 0.8200
v 18.0000 -0.8500 -1.4500
v 19.1000 -0.8500 -1.4500
v 19.1000 -0.8500 1.4500
v 18.0000 -0.8500 1.4500
v 18.0000 1.1500 -1.4500
v 19.1000 1.1500 -1.4500
v 19.1000 1.1500 1.4500
v 18.0000 1.1500 1.4500
v 18.3000 0.3000 -1.2000
v 18.7500 0.3000 -1.2000
v 18.7500 0.3000 1.2000
v 18.3000 0.3000 1.2000
v 18.3000 1.0000 -1.2000
v 18.7500 1.0000 -1.2000
v 18.7500 1.0000 1.2000
v 18.3000 1.0000 1.2000
v 18.0000 1.2000 -1.4800
v 19.2000 1.2000 -1.4800
v 19.2000 1.2000 1.4800
v 18.0000 1.2000 1.4800
v 18.0000 1.7000 -1.4800
v 19.2000 1.7000 -1.4800
v 19.2000 1.7000 1.4800
v 18.0000 1.7000 1.4800
v -25.0000 -0.2500 4.8000
v -23.0000 -0.2500 4.8000
v -23.0000 -0.2500 5.4000
v -25.0000 -0.2500 5.4000
v -25.0000 0.2500 4.8000
v -23.0000 0.2500 4.8000
v -23.0000 0.2500 5.4000
v -25.0000 0.2500 5.4000
v -5.0000 -0.2500 4.8000
v -3.0000 -0.2500 4.8000
v -3.0000 -0.2500 5.4000
v -5.0000 -0.2500 5.4000
v -5.0000 0.2500 4.8000
v -3.0000 0.2500 4.8000
v -3.0000 0.2500 5.4000
v -5.0000 0.2500 5.4000
v 15.0000 -0.2500 4.8000
v 17.0000 -0.2500 4.8000
v 17.0000 -0.2500 5.4000
v 15.0000 -0.2500 5.4000
v 15.0000 0.2500 4.8000
v 17.0000 0.2500 4.8000
v 17.0000 0.2500 5.4000
v 15.0000 0.2500 5.4000
v -17.0000 -0.2500 -5.4000
v -15.0000 -0.2500 -5.4000
v -15.0000 -0.2500 -4.8000
v -17.0000 -0.2500 -4.8000
v -17.0000 0.2500 -5.4000
v -15.0000 0.2500 -5.4000
v -15.0000 0.2500 -4.8000
v -17.0000 0.2500 -4.8000
v 3.0000 -0.2500 -5.4000
v 5.0000 -0.2500 -5.4000
v 5.0000 -0.2500 -4.8000
v 3.0000 -0.2500 -4.8000
v 3.0000 0.2500 -5.4000
v 5.0000 0.2500 -5.4000
v 5.0000 0.2500 -4.8000
v 3.0000 0.2500 -4.8000
v 23.0000 -0.2500 -5.4000
v 25.0000 -0.2500 -5.4000
v 25.0000 -0.2500 -4.8000
v 23.0000 -0.2500 -4.8000
v 23.0000 0.2500 -5.4000
v 25.0000 0.2500 -5.4000
v 25.0000 0.2500 -4.8000
v 23.0000 0.2500 -4.8000
v -28.2750 -0.4750 5.0250
v -27.7250 -0.4750 5.0250
v -27.7250 -0.4750 5.5750
v -28.2750 -0.4750 5.5750
v -28.2750 0.4750 5.0250
v -27.7250 0.4750 5.0250
v -27.7250 0.4750 5.5750
v -28.2750 0.4750 5.5750
v 5.7250 -0.4750 5.0250
v 6.2750 -0.4750 5.0250
v 6.2750 -0.4750 5.5750
v 5.7250 -0.4750 5.5750
v 5.7250 0.4750 5.0250
v 6.2750 0.4750 5.0250
v 6.2750 0.4750 5.5750
v 5.7250 0.4750 5.5750
v 27.7250 -0.4750 -5.5750
v 28.2750 -0.4750 -5.5750
v 28.2750 -0.4750 -5.0250
v 27.7250 -0.4750 -5.0250
v 27.7250 0.4750 -5.5750
v 28.2750 0.4750 -5.5750
v 28.2750 0.4750 -5.0250
v 27.7250 0.4750 -5.0250
v -12.2750 -0.4750 -5.5750
v -11.7250 -0.4750 -5.5750
v -11.7250 -0.4750 -5.0250
v -12.2750 -0.4750 -5.0250
v -12.2750 0.4750 -5.5750
v -11.7250 0.4750 -5.5750
v -11.7250 0.4750 -5.0250
v -12.2750 0.4750 -5.0250
v -25.1000 2.9000 2.3500
v -22.9000 2.9000 2.3500
v -22.9000 2.9000 2.4500
v -25.1000 2.9000 2.4500
v -25.1000 3.4500 2.3500
v -22.9000 3.4500 2.3500
v -22.9000 3.4500 2.4500
v -25.1000 3.4500 2.4500
v -25.1000 2.9000 -2.3500
v -22.9000 2.9000 -2.3500
v -22.9000 2.9000 -2.2500
v -25.1000 2.9000 -2.2500
v -25.1000 3.4500 -2.3500
v -22.9000 3.4500 -2.3500
v -22.9000 3.4500 -2.2500
v -25.1000 3.4500 -2.2500
v -1.1000 2.9000 2.3500
v 1.1000 2.9000 2.3500
v 1.1000 2.9000 2.4500
v -1.1000 2.9000 2.4500
v -1.1000 3.4500 2.3500
v 1.1000 3.4500 2.3500
v 1.1000 3.4500 2.4500
v -1.1000 3.4500 2.4500
v -1.1000 2.9000 -2.3500
v 1.1000 2.9000 -2.3500
v 1.1000 2.9000 -2.2500
v -1.1000 2.9000 -2.2500
v -1.1000 3.4500 -2.3500
v 1.1000 3.4500 -2.3500
v 1.1000 3.4500 -2.2500
v -1.1000 3.4500 -2.2500
v 22.9000 2.9000 2.3500
v 25.1000 2.9000 2.3500
v 25.1000 2.9000 2.4500
v 22.9000 2.9000 2.4500
v 22.9000 3.4500 2.3500
v 25.1000 3.4500 2.3500
v 25.1000 3.4500 2.4500
v 22.9000 3.4500 2.4500
v 22.9000 2.9000 -2.3500
v 25.1000 2.9000 -2.3500
v 25.1000 2.9000 -2.2500
v 22.9000 2.9000 -2.2500
v 22.9000 3.4500 -2.3500
v 25.1000 3.4500 -2.3500
v 25.1000 3.4500 -2.2500
v 22.9000 3.4500 -2.2500
v -38.0000 6.1000 3.6000
v -32.0000 6.1000 3.6000
v -32.0000 6.1000 3.7400
v -38.0000 6.1000 3.7400
v -38.0000 7.0000 3.6000
v -32.0000 7.0000 3.6000
v -32.0000 7.0000 3.7400
v -38.0000 7.0000 3.7400
v 24.0000 6.1000 3.6000
v 30.0000 6.1000 3.6000
v 30.0000 6.1000 3.7400
v 24.0000 6.1000 3.7400
v 24.0000 7.0000 3.6000
v 30.0000 7.0000 3.6000
v 30.0000 7.0000 3.7400
v 24.0000 7.0000 3.7400
v -30.1000 -1.5000 -5.6000
v -29.9000 -1.5000 -5.6000
v -29.9000 -1.5000 -5.4000
v -30.1000 -1.5000 -5.4000
v -30.1000 1.5000 -5.6000
v -29.9000 1.5000 -5.6000
v -29.9000 1.5000 -5.4000
v -30.1000 1.5000 -5.4000
v -30.4500 2.8600 -5.9500
v -29.5500 2.8600 -5.9500
v -29.5500 2.8600 -5.0500
v -30.4500 2.8600 -5.0500
v -30.4500 3.1400 -5.9500
v -29.5500 3.1400 -5.9500
v -29.5500 3.1400 -5.0500
v -30.4500 3.1400 -5.0500
v -30.1000 -1.5000 5.4000
v -29.9000 -1.5000 5.4000
v -29.9000 -1.5000 5.6000
v -30.1000 -1.5000 5.6000
v -30.1000 1.5000 5.4000
v -29.9000 1.5000 5.4000
v -29.9000 1.5000 5.6000
v -30.1000 1.5000 5.6000
v -30.4500 2.8600 5.0500
v -29.5500 2.8600 5.0500
v -29.5500 2.8600 5.9500
v -30.4500 2.8600 5.9500
v -30.4500 3.1400 5.0500
v -29.5500 3.1400 5.0500
v -29.5500 3.1400 5.9500
v -30.4500 3.1400 5.9500
v -20.1000 -1.5000 -5.6000
v -19.9000 -1.5000 -5.6000
v -19.9000 -1.5000 -5.4000
v -20.1000 -1.5000 -5.4000
v -20.1000 1.5000 -5.6000
v -19.9000 1.5000 -5.6000
v -19.9000 1.5000 -5.4000
v -20.1000 1.5000 -5.4000
v -20.4500 2.8600 -5.9500
v -19.5500 2.8600 -5.9500
v -19.5500 2.8600 -5.0500
v -20.4500 2.8600 -5.0500
v -20.4500 3.1400 -5.9500
v -19.5500 3.1400 -5.9500
v -19.5500 3.1400 -5.0500
v -20.4500 3.1400 -5.0500
v -20.1000 -1.5000 5.4000
v -19.9000 -1.5000 5.4000
v -19.9000 -1.5000 5.6000
v -20.1000 -1.5000 5.6000
v -20.1000 1.5000 5.4000
v -19.9000 1.5000 5.4000
v -19.9000 1.5000 5.6000
v -20.1000 1.5000 5.6000
v -20.4500 2.8600 5.0500
v -19.5500 2.8600 5.0500
v -19.5500 2.8600 5.9500
v -20.4500 2.8600 5.9500
v -20.4500 3.1400 5.0500
v -19.5500 3.1400 5.0500
v -19.5500 3.1400 5.9500
v -20.4500 3.1400 5.9500
v -10.1000 -1.5000 -5.6000
v -9.9000 -1.5000 -5.6000
v -9.9000 -1.5000 -5.4000
v -10.1000 -1.5000 -5.4000
v -10.1000 1.5000 -5.6000
v -9.9000 1.5000 -5.6000
v -9.9000 1.5000 -5.4000
v -10.1000 1.5000 -5.4000
v -10.4500 2.8600 -5.9500
v -9.5500 2.8600 -5.9500
v -9.5500 2.8600 -5.0500
v -10.4500 2.8600 -5.0500
v -10.4500 3.1400 -5.9500
v -9.5500 3.1400 -5.9500
v -9.5500 3.1400 -5.0500
v -10.4500 3.1400 -5.0500
v -10.1000 -1.5000 5.4000
v -9.9000 -1.5000 5.4000
v -9.9000 -1.5000 5.6000
v -10.1000 -1.5000 5.6000
v -10.1000 1.5000 5.4000
v -9.9000 1.5000 5.4000
v -9.9000 1.5000 5.6000
v -10.1000 1.5000 5.6000
v -10.4500 2.8600 5.0500
v -9.5500 2.8600 5.0500
v -9.5500 2.8600 5.9500
v -10.4500 2.8600 5.9500
v -10.4500 3.1400 5.0500
v -9.5500 3.1400 5.0500
v -9.5500 3.1400 5.9500
v -10.4500 3.1400 5.9500
v -0.1000 -1.5000 -5.6000
v 0.1000 -1.5000 -5.6000
v 0.1000 -1.5000 -5.4000
v -0.1000 -1.5000 -5.4000
v -0.1000 1.5000 -5.6000
v 0.1000 1.5000 -5.6000
v 0.1000 1.5000 -5.4000
v -0.1000 1.5000 -5.4000
v -0.4500 2.8600 -5.9500
v 0.4500 2.8600 -5.9500
v 0.4500 2.8600 -5.0500
v -0.4500 2.8600 -5.0500
v -0.4500 3.1400 -5.9500
v 0.4500 3.1400 -5.9500
v 0.4500 3.1400 -5.0500
v -0.4500 3.1400 -5.0500
v -0.1000 -1.5000 5.4000
v 0.1000 -1.5000 5.4000
v 0.1000 -1.5000 5.6000
v -0.1000 -1.5000 5.6000
v -0.1000 1.5000 5.4000
v 0.1000 1.5000 5.4000
v 0.1000 1.5000 5.6000
v -0.1000 1.5000 5.6000
v -0.4500 2.8600 5.0500
v 0.4500 2.8600 5.0500
v 0.4500 2.8600 5.9500
v -0.4500 2.8600 5.9500
v -0.4500 3.1400 5.0500
v 0.4500 3.1400 5.0500
v 0.4500 3.1400 5.9500
v -0.4500 3.1400 5.9500
v 9.9000 -1.5000 -5.6000
v 10.1000 -1.5000 -5.6000
v 10.1000 -1.5000 -5.4000
v 9.9000 -1.5000 -5.4000
v 9.9000 1.5000 -5.6000
v 10.1000 1.5000 -5.6000
v 10.1000 1.5000 -5.4000
v 9.9000 1.5000 -5.4000
v 9.5500 2.8600 -5.9500
v 10.4500 2.8600 -5.9500
v 10.4500 2.8600 -5.0500
v 9.5500 2.8600 -5.0500
v 9.5500 3.1400 -5.9500
v 10.4500 3.1400 -5.9500
v 10.4500 3.1400 -5.0500
v 9.5500 3.1400 -5.0500
v 9.9000 -1.5000 5.4000
v 10.1000 -1.5000 5.4000
v 10.1000 -1.5000 5.6000
v 9.9000 -1.5000 5.6000
v 9.9000 1.5000 5.4000
v 10.1000 1.5000 5.4000
v 10.1000 1.5000 5.6000
v 9.9000 1.5000 5.6000
v 9.5500 2.8600 5.0500
v 10.4500 2.8600 5.0500
v 10.4500 2.8600 5.9500
v 9.5500 2.8600 5.9500
v 9.5500 3.1400 5.0500
v 10.4500 3.1400 5.0500
v 10.4500 3.1400 5.9500
v 9.5500 3.1400 5.9500
v 19.9000 -1.5000 -5.6000
v 20.1000 -1.5000 -5.6000
v 20.1000 -1.5000 -5.4000
v 19.9000 -1.5000 -5.4000
v 19.9000 1.5000 -5.6000
v 20.1000 1.5000 -5.6000
v 20.1000 1.5000 -5.4000
v 19.9000 1.5000 -5.4000
v 19.5500 2.8600 -5.9500
v 20.4500 2.8600 -5.9500
v 20.4500 2.8600 -5.0500
v 19.5500 2.8600 -5.0500
v 19.5500 3.1400 -5.9500
v 20.4500 3.1400 -5.9500
v 20.4500 3.1400 -5.0500
v 19.5500 3.1400 -5.0500
v 19.9000 -1.5000 5.4000
v 20.1000 -1.5000 5.4000
v 20.1000 -1.5000 5.6000
v 19.9000 -1.5000 5.6000
v 19.9000 1.5000 5.4000
v 20.1000 1.5000 5.4000
v 20.1000 1.5000 5.6000
v 19.9000 1.5000 5.6000
v 19.5500 2.8600 5.0500
v 20.4500 2.8600 5.0500
v 20.4500 2.8600 5.9500
v 19.5500 2.8600 5.9500
v 19.5500 3.1400 5.0500
v 20.4500 3.1400 5.0500
v 20.4500 3.1400 5.9500
v 19.5500 3.1400 5.9500
v 29.9000 -1.5000 -5.6000
v 30.1000 -1.5000 -5.6000
v 30.1000 -1.5000 -5.4000
v 29.9000 -1.5000 -5.4000
v 29.9000 1.5000 -5.6000
v 30.1000 1.5000 -5.6000
v 30.1000 1.5000 -5.4000
v 29.9000 1.5000 -5.4000
v 29.5500 2.8600 -5.9500
v 30.4500 2.8600 -5.9500
v 30.4500 2.8600 -5.0500
v 29.5500 2.8600 -5.0500
v 29.5500 3.1400 -5.9500
v 30.4500 3.1400 -5.9500
v 30.4500 3.1400 -5.0500
v 29.5500 3.1400 -5.0500
v 29.9000 -1.5000 5.4000
v 30.1000 -1.5000 5.4000
v 30.1000 -1.5000 5.6000
v 29.9000 -1.5000 5.6000
v 29.9000 1.5000 5.4000
v 30.1000 1.5000 5.4000
v 30.1000 1.5000 5.6000
v 29.9000 1.5000 5.6000
v 29.5500 2.8600 5.0500
v 30.4500 2.8600 5.0500
v 30.4500 2.8600 5.9500
v 29.5500 2.8600 5.9500
v 29.5500 3.1400 5.0500
v 30.4500 3.1400 5.0500
v 30.4500 3.1400 5.9500
v 29.5500 3.1400 5.9500
v -11.1750 -0.5250 11.6500
v -10.8250 -0.5250 11.6500
v -10.8250 -0.5250 13.3500
v -11.1750 -0.5250 13.3500
v -11.1750 0.5250 11.6500
v -10.8250 0.5250 11.6500
v -10.8250 0.5250 13.3500
v -11.1750 0.5250 13.3500
v -11.1750 0.9900 11.6500
v -10.8250 0.9900 11.6500
v -10.8250 0.9900 13.3500
v -11.1750 0.9900 13.3500
v -11.1750 1.1100 11.6500
v -10.8250 1.1100 11.6500
v -10.8250 1.1100 13.3500
v -11.1750 1.1100 13.3500
v -9.1750 -0.5250 11.6500
v -8.8250 -0.5250 11.6500
v -8.8250 -0.5250 13.3500
v -9.1750 -0.5250 13.3500
v -9.1750 0.5250 11.6500
v -8.8250 0.5250 11.6500
v -8.8250 0.5250 13.3500
v -9.1750 0.5250 13.3500
v -9.1750 0.9900 11.6500
v -8.8250 0.9900 11.6500
v -8.8250 0.9900 13.3500
v -9.1750 0.9900 13.3500
v -9.1750 1.1100 11.6500
v -8.8250 1.1100 11.6500
v -8.8250 1.1100 13.3500
v -9.1750 1.1100 13.3500
v -7.1750 -0.5250 11.6500
v -6.8250 -0.5250 11.6500
v -6.8250 -0.5250 13.3500
v -7.1750 -0.5250 13.3500
v -7.1750 0.5250 11.6500
v -6.8250 0.5250 11.6500
v -6.8250 0.5250 13.3500
v -7.1750 0.5250 13.3500
v -7.1750 0.9900 11.6500
v -6.8250 0.9900 11.6500
v -6.8250 0.9900 13.3500
v -7.1750 0.9900 13.3500
v -7.1750 1.1100 11.6500
v -6.8250 1.1100 11.6500
v -6.8250 1.1100 13.3500
v -7.1750 1.1100 13.3500
v -5.1750 -0.5250 11.6500
v -4.8250 -0.5250 11.6500
v -4.8250 -0.5250 13.3500
v -5.1750 -0.5250 13.3500
v -5.1750 0.5250 11.6500
v -4.8250 0.5250 11.6500
v -4.8250 0.5250 13.3500
v -5.1750 0.5250 13.3500
v -5.1750 0.9900 11.6500
v -4.8250 0.9900 11.6500
v -4.8250 0.9900 13.3500
v -5.1750 0.9900 13.3500
v -5.1750 1.1100 11.6500
v -4.8250 1.1100 11.6500
v -4.8250 1.1100 13.3500
v -5.1750 1.1100 13.3500
v -3.1750 -0.5250 11.6500
v -2.8250 -0.5250 11.6500
v -2.8250 -0.5250 13.3500
v -3.1750 -0.5250 13.3500
v -3.1750 0.5250 11.6500
v -2.8250 0.5250 11.6500
v -2.8250 0.5250 13.3500
v -3.1750 0.5250 13.3500
v -3.1750 0.9900 11.6500
v -2.8250 0.9900 11.6500
v -2.8250 0.9900 13.3500
v -3.1750 0.9900 13.3500
v -3.1750 1.1100 11.6500
v -2.8250 1.1100 11.6500
v -2.8250 1.1100 13.3500
v -3.1750 1.1100 13.3500
v -1.1750 -0.5250 11.6500
v -0.8250 -0.5250 11.6500
v -0.8250 -0.5250 13.3500
v -1.1750 -0.5250 13.3500
v -1.1750 0.5250 11.6500
v -0.8250 0.5250 11.6500
v -0.8250 0.5250 13.3500
v -1.1750 0.5250 13.3500
v -1.1750 0.9900 11.6500
v -0.8250 0.9900 11.6500
v -0.8250 0.9900 13.3500
v -1.1750 0.9900 13.3500
v -1.1750 1.1100 11.6500
v -0.8250 1.1100 11.6500
v -0.8250 1.1100 13.3500
v -1.1750 1.1100 13.3500
v 0.8250 -0.5250 11.6500
v 1.1750 -0.5250 11.6500
v 1.1750 -0.5250 13.3500
v 0.8250 -0.5250 13.3500
v 0.8250 0.5250 11.6500
v 1.1750 0.5250 11.6500
v 1.1750 0.5250 13.3500
v 0.8250 0.5250 13.3500
v 0.8250 0.9900 11.6500
v 1.1750 0.9900 11.6500
v 1.1750 0.9900 13.3500
v 0.8250 0.9900 13.3500
v 0.8250 1.1100 11.6500
v 1.1750 1.1100 11.6500
v 1.1750 1.1100 13.3500
v 0.8250 1.1100 13.3500
v 2.8250 -0.5250 11.6500
v 3.1750 -0.5250 11.6500
v 3.1750 -0.5250 13.3500
v 2.8250 -0.5250 13.3500
v 2.8250 0.5250 11.6500
v 3.1750 0.5250 11.6500
v 3.1750 0.5250 13.3500
v 2.8250 0.5250 13.3500
v 2.8250 0.9900 11.6500
v 3.1750 0.9900 11.6500
v 3.1750 0.9900 13.3500
v 2.8250 0.9900 13.3500
v 2.8250 1.1100 11.6500
v 3.1750 1.1100 11.6500
v 3.1750 1.1100 13.3500
v 2.8250 1.1100 13.3500
v 4.8250 -0.5250 11.6500
v 5.1750 -0.5250 11.6500
v 5.1750 -0.5250 13.3500
v 4.8250 -0.5250 13.3500
v 4.8250 0.5250 11.6500
v 5.1750 0.5250 11.6500
v 5.1750 0.5250 13.3500
v 4.8250 0.5250 13.3500
v 4.8250 0.9900 11.6500
v 5.1750 0.9900 11.6500
v 5.1750 0.9900 13.3500
v 4.8250 0.9900 13.3500
v 4.8250 1.1100 11.6500
v 5.1750 1.1100 11.6500
v 5.1750 1.1100 13.3500
v 4.8250 1.1100 13.3500
v 6.8250 -0.5250 11.6500
v 7.1750 -0.5250 11.6500
v 7.1750 -0.5250 13.3500
v 6.8250 -0.5250 13.3500
v 6.8250 0.5250 11.6500
v 7.1750 0.5250 11.6500
v 7.1750 0.5250 13.3500
v 6.8250 0.5250 13.3500
v 6.8250 0.9900 11.6500
v 7.1750 0.9900 11.6500
v 7.1750 0.9900 13.3500
v 6.8250 0.9900 13.3500
v 6.8250 1.1100 11.6500
v 7.1750 1.1100 11.6500
v 7.1750 1.1100 13.3500
v 6.8250 1.1100 13.3500
v 8.8250 -0.5250 11.6500
v 9.1750 -0.5250 11.6500
v 9.1750 -0.5250 13.3500
v 8.8250 -0.5250 13.3500
v 8.8250 0.5250 11.6500
v 9.1750 0.5250 11.6500
v 9.1750 0.5250 13.3500
v 8.8250 0.5250 13.3500
v 8.8250 0.9900 11.6500
v 9.1750 0.9900 11.6500
v 9.1750 0.9900 13.3500
v 8.8250 0.9900 13.3500
v 8.8250 1.1100 11.6500
v 9.1750 1.1100 11.6500
v 9.1750 1.1100 13.3500
v 8.8250 1.1100 13.3500
v 10.8250 -0.5250 11.6500
v 11.1750 -0.5250 11.6500
v 11.1750 -0.5250 13.3500
v 10.8250 -0.5250 13.3500
v 10.8250 0.5250 11.6500
v 11.1750 0.5250 11.6500
v 11.1750 0.5250 13.3500
v 10.8250 0.5250 13.3500
v 10.8250 0.9900 11.6500
v 11.1750 0.9900 11.6500
v 11.1750 0.9900 13.3500
v 10.8250 0.9900 13.3500
v 10.8250 1.1100 11.6500
v 11.1750 1.1100 11.6500
v 11.1750 1.1100 13.3500
v 10.8250 1.1100 13.3500
v -13.5000 -1.0500 12.2500
v -12.9000 -1.0500 12.2500
v -12.9000 -1.0500 12.7500
v -13.5000 -1.0500 12.7500
v -13.5000 1.0500 12.2500
v -12.9000 1.0500 12.2500
v -12.9000 1.0500 12.7500
v -13.5000 1.0500 12.7500
v 12.9000 -1.0500 12.2500
v 13.5000 -1.0500 12.2500
v 13.5000 -1.0500 12.7500
v 12.9000 -1.0500 12.7500
v 12.9000 1.0500 12.2500
v 13.5000 1.0500 12.2500
v 13.5000 1.0500 12.7500
v 12.9000 1.0500 12.7500
v -21.5250 -0.9500 14.8500
v -20.4750 -0.9500 14.8500
v -20.4750 -0.9500 15.5500
v -21.5250 -0.9500 15.5500
v -21.5250 0.9500 14.8500
v -20.4750 0.9500 14.8500
v -20.4750 0.9500 15.5500
v -21.5250 0.9500 15.5500
v -20.0250 -0.9500 14.8500
v -18.9750 -0.9500 14.8500
v -18.9750 -0.9500 15.5500
v -20.0250 -0.9500 15.5500
v -20.0250 0.9500 14.8500
v -18.9750 0.9500 14.8500
v -18.9750 0.9500 15.5500
v -20.0250 0.9500 15.5500
v -18.5250 -0.9500 14.8500
v -17.4750 -0.9500 14.8500
v -17.4750 -0.9500 15.5500
v -18.5250 -0.9500 15.5500
v -18.5250 0.9500 14.8500
v -17.4750 0.9500 14.8500
v -17.4750 0.9500 15.5500
v -18.5250 0.9500 15.5500
v -17.0250 -0.9500 14.8500
v -15.9750 -0.9500 14.8500
v -15.9750 -0.9500 15.5500
v -17.0250 -0.9500 15.5500
v -17.0250 0.9500 14.8500
v -15.9750 0.9500 14.8500
v -15.9750 0.9500 15.5500
v -17.0250 0.9500 15.5500
v 5.3000 -1.3000 12.4000
v 8.7000 -1.3000 12.4000
v 8.7000 -1.3000 14.8000
v 5.3000 -1.3000 14.8000
v 5.3000 1.3000 12.4000
v 8.7000 1.3000 12.4000
v 8.7000 1.3000 14.8000
v 5.3000 1.3000 14.8000
v 5.1000 2.4500 12.2000
v 8.9000 2.4500 12.2000
v 8.9000 2.4500 15.0000
v 5.1000 2.4500 15.0000
v 5.1000 2.7500 12.2000
v 8.9000 2.7500 12.2000
v 8.9000 2.7500 15.0000
v 5.1000 2.7500 15.0000
v 24.0000 0.0000 11.6500
v 31.0000 0.0000 11.6500
v 31.0000 0.0000 11.3500
v 24.0000 0.0000 11.3500
v 24.0000 2.6000 11.6500
v 31.0000 2.6000 11.6500
v 31.0000 2.6000 11.3500
v 24.0000 2.6000 11.3500
v 30.8500 0.0000 11.5000
v 30.8500 0.0000 15.5000
v 31.1500 0.0000 15.5000
v 31.1500 0.0000 11.5000
v 30.8500 2.6000 11.5000
v 30.8500 2.6000 15.5000
v 31.1500 2.6000 15.5000
v 31.1500 2.6000 11.5000
v 24.0000 0.0000 15.6500
v 31.0000 0.0000 15.6500
v 31.0000 0.0000 15.3500
v 24.0000 0.0000 15.3500
v 24.0000 2.6000 15.6500
v 31.0000 2.6000 15.6500
v 31.0000 2.6000 15.3500
v 24.0000 2.6000 15.3500
v 23.8500 0.0000 11.5000
v 23.8500 0.0000 12.9000
v 24.1500 0.0000 12.9000
v 24.1500 0.0000 11.5000
v 23.8500 2.6000 11.5000
v 23.8500 2.6000 12.9000
v 24.1500 2.6000 12.9000
v 24.1500 2.6000 11.5000
v 23.1000 1.9000 13.8300
v 24.5000 1.9000 13.8300
v 24.5000 1.9000 13.9700
v 23.1000 1.9000 13.9700
v 23.1000 2.4000 13.8300
v 24.5000 2.4000 13.8300
v 24.5000 2.4000 13.9700
v 23.1000 2.4000 13.9700
v -38.0000 -1.3000 -10.1000
v -35.0000 -1.3000 -10.1000
v -35.0000 -1.3000 -8.3000
v -38.0000 -1.3000 -8.3000
v -38.0000 1.3000 -10.1000
v -35.0000 1.3000 -10.1000
v -35.0000 1.3000 -8.3000
v -38.0000 1.3000 -8.3000
v -37.5000 -1.1000 -9.2800
v -35.5000 -1.1000 -9.2800
v -35.5000 -1.1000 -9.1200
v -37.5000 -1.1000 -9.1200
v -37.5000 1.1000 -9.2800
v -35.5000 1.1000 -9.2800
v -35.5000 1.1000 -9.1200
v -37.5000 1.1000 -9.1200
v 35.0000 -1.3000 -10.1000
v 38.0000 -1.3000 -10.1000
v 38.0000 -1.3000 -8.3000
v 35.0000 -1.3000 -8.3000
v 35.0000 1.3000 -10.1000
v 38.0000 1.3000 -10.1000
v 38.0000 1.3000 -8.3000
v 35.0000 1.3000 -8.3000
v 35.5000 -1.1000 -9.2800
v 37.5000 -1.1000 -9.2800
v 37.5000 -1.1000 -9.1200
v 35.5000 -1.1000 -9.1200
v 35.5000 1.1000 -9.2800
v 37.5000 1.1000 -9.2800
v 37.5000 1.1000 -9.1200
v 35.5000 1.1000 -9.1200
v -35.0000 4.9500 -6.0000
v -34.7800 4.9500 -6.0000
v -34.7800 4.9500 6.0000
v -35.0000 4.9500 6.0000
v -35.0000 5.5000 -6.0000
v -34.7800 5.5000 -6.0000
v -34.7800 5.5000 6.0000
v -35.0000 5.5000 6.0000
v -35.0000 4.9000 -6.0000
v -34.4000 4.9000 -6.0000
v -34.4000 4.9000 6.0000
v -35.0000 4.9000 6.0000
v -35.0000 5.0200 -6.0000
v -34.4000 5.0200 -6.0000
v -34.4000 5.0200 6.0000
v -35.0000 5.0200 6.0000
v -35.0000 5.3800 -6.0000
v -34.4000 5.3800 -6.0000
v -34.4000 5.3800 6.0000
v -35.0000 5.3800 6.0000
v -35.0000 5.5000 -6.0000
v -34.4000 5.5000 -6.0000
v -34.4000 5.5000 6.0000
v -35.0000 5.5000 6.0000
v -30.0000 4.9500 -6.0000
v -29.7800 4.9500 -6.0000
v -29.7800 4.9500 6.0000
v -30.0000 4.9500 6.0000
v -30.0000 5.5000 -6.0000
v -29.7800 5.5000 -6.0000
v -29.7800 5.5000 6.0000
v -30.0000 5.5000 6.0000
v -30.0000 4.9000 -6.0000
v -29.4000 4.9000 -6.0000
v -29.4000 4.9000 6.0000
v -30.0000 4.9000 6.0000
v -30.0000 5.0200 -6.0000
v -29.4000 5.0200 -6.0000
v -29.4000 5.0200 6.0000
v -30.0000 5.0200 6.0000
v -30.0000 5.3800 -6.0000
v -29.4000 5.3800 -6.0000
v -29.4000 5.3800 6.0000
v -30.0000 5.3800 6.0000
v -30.0000 5.5000 -6.0000
v -29.4000 5.5000 -6.0000
v -29.4000 5.5000 6.0000
v -30.0000 5.5000 6.0000
v -25.0000 4.9500 -6.0000
v -24.7800 4.9500 -6.0000
v -24.7800 4.9500 6.0000
v -25.0000 4.9500 6.0000
v -25.0000 5.5000 -6.0000
v -24.7800 5.5000 -6.0000
v -24.7800 5.5000 6.0000
v -25.0000 5.5000 6.0000
v -25.0000 4.9000 -6.0000
v -24.4000 4.9000 -6.0000
v -24.4000 4.9000 6.0000
v -25.0000 4.9000 6.0000
v -25.0000 5.0200 -6.0000
v -24.4000 5.0200 -6.0000
v -24.4000 5.0200 6.0000
v -25.0000 5.0200 6.0000
v -25.0000 5.3800 -6.0000
v -24.4000 5.3800 -6.0000
v -24.4000 5.3800 6.0000
v -25.0000 5.3800 6.0000
v -25.0000 5.5000 -6.0000
v -24.4000 5.5000 -6.0000
v -24.4000 5.5000 6.0000
v -25.0000 5.5000 6.0000
v -20.0000 4.9500 -6.0000
v -19.7800 4.9500 -6.0000
v -19.7800 4.9500 6.0000
v -20.0000 4.9500 6.0000
v -20.0000 5.5000 -6.0000
v -19.7800 5.5000 -6.0000
v -19.7800 5.5000 6.0000
v -20.0000 5.5000 6.0000
v -20.0000 4.9000 -6.0000
v -19.4000 4.9000 -6.0000
v -19.4000 4.9000 6.0000
v -20.0000 4.9000 6.0000
v -20.0000 5.0200 -6.0000
v -19.4000 5.0200 -6.0000
v -19.4000 5.0200 6.0000
v -20.0000 5.0200 6.0000
v -20.0000 5.3800 -6.0000
v -19.4000 5.3800 -6.0000
v -19.4000 5.3800 6.0000
v -20.0000 5.3800 6.0000
v -20.0000 5.5000 -6.0000
v -19.4000 5.5000 -6.0000
v -19.4000 5.5000 6.0000
v -20.0000 5.5000 6.0000
v -15.0000 4.9500 -6.0000
v -14.7800 4.9500 -6.0000
v -14.7800 4.9500 6.0000
v -15.0000 4.9500 6.0000
v -15.0000 5.5000 -6.0000
v -14.7800 5.5000 -6.0000
v -14.7800 5.5000 6.0000
v -15.0000 5.5000 6.0000
v -15.0000 4.9000 -6.0000
v -14.4000 4.9000 -6.0000
v -14.4000 4.9000 6.0000
v -15.0000 4.9000 6.0000
v -15.0000 5.0200 -6.0000
v -14.4000 5.0200 -6.0000
v -14.4000 5.0200 6.0000
v -15.0000 5.0200 6.0000
v -15.0000 5.3800 -6.0000
v -14.4000 5.3800 -6.0000
v -14.4000 5.3800 6.0000
v -15.0000 5.3800 6.0000
v -15.0000 5.5000 -6.0000
v -14.4000 5.5000 -6.0000
v -14.4000 5.5000 6.0000
v -15.0000 5.5000 6.0000
v -10.0000 4.9500 -6.0000
v -9.7800 4.9500 -6.0000
v -9.7800 4.9500 6.0000
v -10.0000 4.9500 6.0000
v -10.0000 5.5000 -6.0000
v -9.7800 5.5000 -6.0000
v -9.7800 5.5000 6.0000
v -10.0000 5.5000 6.0000
v -10.0000 4.9000 -6.0000
v -9.4000 4.9000 -6.0000
v -9.4000 4.9000 6.0000
v -10.0000 4.9000 6.0000
v -10.0000 5.0200 -6.0000
v -9.4000 5.0200 -6.0000
v -9.4000 5.0200 6.0000
v -10.0000 5.0200 6.0000
v -10.0000 5.3800 -6.0000
v -9.4000 5.3800 -6.0000
v -9.4000 5.3800 6.0000
v -10.0000 5.3800 6.0000
v -10.0000 5.5000 -6.0000
v -9.4000 5.5000 -6.0000
v -9.4000 5.5000 6.0000
v -10.0000 5.5000 6.0000
v -5.0000 4.9500 -6.0000
v -4.7800 4.9500 -6.0000
v -4.7800 4.9500 6.0000
v -5.0000 4.9500 6.0000
v -5.0000 5.5000 -6.0000
v -4.7800 5.5000 -6.0000
v -4.7800 5.5000 6.0000
v -5.0000 5.5000 6.0000
v -5.0000 4.9000 -6.0000
v -4.4000 4.9000 -6.0000
v -4.4000 4.9000 6.0000
v -5.0000 4.9000 6.0000
v -5.0000 5.0200 -6.0000
v -4.4000 5.0200 -6.0000
v -4.4000 5.0200 6.0000
v -5.0000 5.0200 6.0000
v -5.0000 5.3800 -6.0000
v -4.4000 5.3800 -6.0000
v -4.4000 5.3800 6.0000
v -5.0000 5.3800 6.0000
v -5.0000 5.5000 -6.0000
v -4.4000 5.5000 -6.0000
v -4.4000 5.5000 6.0000
v -5.0000 5.5000 6.0000
v 0.0000 4.9500 -6.0000
v 0.2200 4.9500 -6.0000
v 0.2200 4.9500 6.0000
v 0.0000 4.9500 6.0000
v 0.0000 5.5000 -6.0000
v 0.2200 5.5000 -6.0000
v 0.2200 5.5000 6.0000
v 0.0000 5.5000 6.0000
v 0.0000 4.9000 -6.0000
v 0.6000 4.9000 -6.0000
v 0.6000 4.9000 6.0000
v 0.0000 4.9000 6.0000
v 0.0000 5.0200 -6.0000
v 0.6000 5.0200 -6.0000
v 0.6000 5.0200 6.0000
v 0.0000 5.0200 6.0000
v 0.0000 5.3800 -6.0000
v 0.6000 5.3800 -6.0000
v 0.6000 5.3800 6.0000
v 0.0000 5.3800 6.0000
v 0.0000 5.5000 -6.0000
v 0.6000 5.5000 -6.0000
v 0.6000 5.5000 6.0000
v 0.0000 5.5000 6.0000
v 5.0000 4.9500 -6.0000
v 5.2200 4.9500 -6.0000
v 5.2200 4.9500 6.0000
v 5.0000 4.9500 6.0000
v 5.0000 5.5000 -6.0000
v 5.2200 5.5000 -6.0000
v 5.2200 5.5000 6.0000
v 5.0000 5.5000 6.0000
v 5.0000 4.9000 -6.0000
v 5.6000 4.9000 -6.0000
v 5.6000 4.9000 6.0000
v 5.0000 4.9000 6.0000
v 5.0000 5.0200 -6.0000
v 5.6000 5.0200 -6.0000
v 5.6000 5.0200 6.0000
v 5.0000 5.0200 6.0000
v 5.0000 5.3800 -6.0000
v 5.6000 5.3800 -6.0000
v 5.6000 5.3800 6.0000
v 5.0000 5.3800 6.0000
v 5.0000 5.5000 -6.0000
v 5.6000 5.5000 -6.0000
v 5.6000 5.5000 6.0000
v 5.0000 5.5000 6.0000
v 10.0000 4.9500 -6.0000
v 10.2200 4.9500 -6.0000
v 10.2200 4.9500 6.0000
v 10.0000 4.9500 6.0000
v 10.0000 5.5000 -6.0000
v 10.2200 5.5000 -6.0000
v 10.2200 5.5000 6.0000
v 10.0000 5.5000 6.0000
v 10.0000 4.9000 -6.0000
v 10.6000 4.9000 -6.0000
v 10.6000 4.9000 6.0000
v 10.0000 4.9000 6.0000
v 10.0000 5.0200 -6.0000
v 10.6000 5.0200 -6.0000
v 10.6000 5.0200 6.0000
v 10.0000 5.0200 6.0000
v 10.0000 5.3800 -6.0000
v 10.6000 5.3800 -6.0000
v 10.6000 5.3800 6.0000
v 10.0000 5.3800 6.0000
v 10.0000 5.5000 -6.0000
v 10.6000 5.5000 -6.0000
v 10.6000 5.5000 6.0000
v 10.0000 5.5000 6.0000
v 15.0000 4.9500 -6.0000
v 15.2200 4.9500 -6.0000
v 15.2200 4.9500 6.0000
v 15.0000 4.9500 6.0000
v 15.0000 5.5000 -6.0000
v 15.2200 5.5000 -6.0000
v 15.2200 5.5000 6.0000
v 15.0000 5.5000 6.0000
v 15.0000 4.9000 -6.0000
v 15.6000 4.9000 -6.0000
v 15.6000 4.9000 6.0000
v 15.0000 4.9000 6.0000
v 15.0000 5.0200 -6.0000
v 15.6000 5.0200 -6.0000
v 15.6000 5.0200 6.0000
v 15.0000 5.0200 6.0000
v 15.0000 5.3800 -6.0000
v 15.6000 5.3800 -6.0000
v 15.6000 5.3800 6.0000
v 15.0000 5.3800 6.0000
v 15.0000 5.5000 -6.0000
v 15.6000 5.5000 -6.0000
v 15.6000 5.5000 6.0000
v 15.0000 5.5000 6.0000
v 20.0000 4.9500 -6.0000
v 20.2200 4.9500 -6.0000
v 20.2200 4.9500 6.0000
v 20.0000 4.9500 6.0000
v 20.0000 5.5000 -6.0000
v 20.2200 5.5000 -6.0000
v 20.2200 5.5000 6.0000
v 20.0000 5.5000 6.0000
v 20.0000 4.9000 -6.0000
v 20.6000 4.9000 -6.0000
v 20.6000 4.9000 6.0000
v 20.0000 4.9000 6.0000
v 20.0000 5.0200 -6.0000
v 20.6000 5.0200 -6.0000
v 20.6000 5.0200 6.0000
v 20.0000 5.0200 6.0000
v 20.0000 5.3800 -6.0000
v 20.6000 5.3800 -6.0000
v 20.6000 5.3800 6.0000
v 20.0000 5.3800 6.0000
v 20.0000 5.5000 -6.0000
v 20.6000 5.5000 -6.0000
v 20.6000 5.5000 6.0000
v 20.0000 5.5000 6.0000
v 25.0000 4.9500 -6.0000
v 25.2200 4.9500 -6.0000
v 25.2200 4.9500 6.0000
v 25.0000 4.9500 6.0000
v 25.0000 5.5000 -6.0000
v 25.2200 5.5000 -6.0000
v 25.2200 5.5000 6.0000
v 25.0000 5.5000 6.0000
v 25.0000 4.9000 -6.0000
v 25.6000 4.9000 -6.0000
v 25.6000 4.9000 6.0000
v 25.0000 4.9000 6.0000
v 25.0000 5.0200 -6.0000
v 25.6000 5.0200 -6.0000
v 25.6000 5.0200 6.0000
v 25.0000 5.0200 6.0000
v 25.0000 5.3800 -6.0000
v 25.6000 5.3800 -6.0000
v 25.6000 5.3800 6.0000
v 25.0000 5.3800 6.0000
v 25.0000 5.5000 -6.0000
v 25.6000 5.5000 -6.0000
v 25.6000 5.5000 6.0000
v 25.0000 5.5000 6.0000
v 30.0000 4.9500 -6.0000
v 30.2200 4.9500 -6.0000
v 30.2200 4.9500 6.0000
v 30.0000 4.9500 6.0000
v 30.0000 5.5000 -6.0000
v 30.2200 5.5000 -6.0000
v 30.2200 5.5000 6.0000
v 30.0000 5.5000 6.0000
v 30.0000 4.9000 -6.0000
v 30.6000 4.9000 -6.0000
v 30.6000 4.9000 6.0000
v 30.0000 4.9000 6.0000
v 30.0000 5.0200 -6.0000
v 30.6000 5.0200 -6.0000
v 30.6000 5.0200 6.0000
v 30.0000 5.0200 6.0000
v 30.0000 5.3800 -6.0000
v 30.6000 5.3800 -6.0000
v 30.6000 5.3800 6.0000
v 30.0000 5.3800 6.0000
v 30.0000 5.5000 -6.0000
v 30.6000 5.5000 -6.0000
v 30.6000 5.5000 6.0000
v 30.0000 5.5000 6.0000
v 35.0000 4.9500 -6.0000
v 35.2200 4.9500 -6.0000
v 35.2200 4.9500 6.0000
v 35.0000 4.9500 6.0000
v 35.0000 5.5000 -6.0000
v 35.2200 5.5000 -6.0000
v 35.2200 5.5000 6.0000
v 35.0000 5.5000 6.0000
v 35.0000 4.9000 -6.0000
v 35.6000 4.9000 -6.0000
v 35.6000 4.9000 6.0000
v 35.0000 4.9000 6.0000
v 35.0000 5.0200 -6.0000
v 35.6000 5.0200 -6.0000
v 35.6000 5.0200 6.0000
v 35.0000 5.0200 6.0000
v 35.0000 5.3800 -6.0000
v 35.6000 5.3800 -6.0000
v 35.6000 5.3800 6.0000
v 35.0000 5.3800 6.0000
v 35.0000 5.5000 -6.0000
v 35.6000 5.5000 -6.0000
v 35.6000 5.5000 6.0000
v 35.0000 5.5000 6.0000
v -38.0000 2.8500 2.4000
v 38.0000 2.8500 2.4000
v 38.0000 2.8500 5.8000
v -38.0000 2.8500 5.8000
v -38.0000 3.0300 2.4000
v 38.0000 3.0300 2.4000
v 38.0000 3.0300 5.8000
v -38.0000 3.0300 5.8000
v -37.2000 2.7200 3.8500
v -34.8000 2.7200 3.8500
v -34.8000 2.7200 4.3500
v -37.2000 2.7200 4.3500
v -37.2000 2.8400 3.8500
v -34.8000 2.8400 3.8500
v -34.8000 2.8400 4.3500
v -37.2000 2.8400 4.3500
v -32.7000 2.7200 3.8500
v -30.3000 2.7200 3.8500
v -30.3000 2.7200 4.3500
v -32.7000 2.7200 4.3500
v -32.7000 2.8400 3.8500
v -30.3000 2.8400 3.8500
v -30.3000 2.8400 4.3500
v -32.7000 2.8400 4.3500
v -28.2000 2.7200 3.8500
v -25.8000 2.7200 3.8500
v -25.8000 2.7200 4.3500
v -28.2000 2.7200 4.3500
v -28.2000 2.8400 3.8500
v -25.8000 2.8400 3.8500
v -25.8000 2.8400 4.3500
v -28.2000 2.8400 4.3500
v -23.7000 2.7200 3.8500
v -21.3000 2.7200 3.8500
v -21.3000 2.7200 4.3500
v -23.7000 2.7200 4.3500
v -23.7000 2.8400 3.8500
v -21.3000 2.8400 3.8500
v -21.3000 2.8400 4.3500
v -23.7000 2.8400 4.3500
v -19.2000 2.7200 3.8500
v -16.8000 2.7200 3.8500
v -16.8000 2.7200 4.3500
v -19.2000 2.7200 4.3500
v -19.2000 2.8400 3.8500
v -16.8000 2.8400 3.8500
v -16.8000 2.8400 4.3500
v -19.2000 2.8400 4.3500
v -14.7000 2.7200 3.8500
v -12.3000 2.7200 3.8500
v -12.3000 2.7200 4.3500
v -14.7000 2.7200 4.3500
v -14.7000 2.8400 3.8500
v -12.3000 2.8400 3.8500
v -12.3000 2.8400 4.3500
v -14.7000 2.8400 4.3500
v -10.2000 2.7200 3.8500
v -7.8000 2.7200 3.8500
v -7.8000 2.7200 4.3500
v -10.2000 2.7200 4.3500
v -10.2000 2.8400 3.8500
v -7.8000 2.8400 3.8500
v -7.8000 2.8400 4.3500
v -10.2000 2.8400 4.3500
v -5.7000 2.7200 3.8500
v -3.3000 2.7200 3.8500
v -3.3000 2.7200 4.3500
v -5.7000 2.7200 4.3500
v -5.7000 2.8400 3.8500
v -3.3000 2.8400 3.8500
v -3.3000 2.8400 4.3500
v -5.7000 2.8400 4.3500
v -1.2000 2.7200 3.8500
v 1.2000 2.7200 3.8500
v 1.2000 2.7200 4.3500
v -1.2000 2.7200 4.3500
v -1.2000 2.8400 3.8500
v 1.2000 2.8400 3.8500
v 1.2000 2.8400 4.3500
v -1.2000 2.8400 4.3500
v 3.3000 2.7200 3.8500
v 5.7000 2.7200 3.8500
v 5.7000 2.7200 4.3500
v 3.3000 2.7200 4.3500
v 3.3000 2.8400 3.8500
v 5.7000 2.8400 3.8500
v 5.7000 2.8400 4.3500
v 3.3000 2.8400 4.3500
v 7.8000 2.7200 3.8500
v 10.2000 2.7200 3.8500
v 10.2000 2.7200 4.3500
v 7.8000 2.7200 4.3500
v 7.8000 2.8400 3.8500
v 10.2000 2.8400 3.8500
v 10.2000 2.8400 4.3500
v 7.8000 2.8400 4.3500
v 12.3000 2.7200 3.8500
v 14.7000 2.7200 3.8500
v 14.7000 2.7200 4.3500
v 12.3000 2.7200 4.3500
v 12.3000 2.8400 3.8500
v 14.7000 2.8400 3.8500
v 14.7000 2.8400 4.3500
v 12.3000 2.8400 4.3500
v 16.8000 2.7200 3.8500
v 19.2000 2.7200 3.8500
v 19.2000 2.7200 4.3500
v 16.8000 2.7200 4.3500
v 16.8000 2.8400 3.8500
v 19.2000 2.8400 3.8500
v 19.2000 2.8400 4.3500
v 16.8000 2.8400 4.3500
v 21.3000 2.7200 3.8500
v 23.7000 2.7200 3.8500
v 23.7000 2.7200 4.3500
v 21.3000 2.7200 4.3500
v 21.3000 2.8400 3.8500
v 23.7000 2.8400 3.8500
v 23.7000 2.8400 4.3500
v 21.3000 2.8400 4.3500
v 25.8000 2.7200 3.8500
v 28.2000 2.7200 3.8500
v 28.2000 2.7200 4.3500
v 25.8000 2.7200 4.3500
v 25.8000 2.8400 3.8500
v 28.2000 2.8400 3.8500
v 28.2000 2.8400 4.3500
v 25.8000 2.8400 4.3500
v 30.3000 2.7200 3.8500
v 32.7000 2.7200 3.8500
v 32.7000 2.7200 4.3500
v 30.3000 2.7200 4.3500
v 30.3000 2.8400 3.8500
v 32.7000 2.8400 3.8500
v 32.7000 2.8400 4.3500
v 30.3000 2.8400 4.3500
v -38.0000 2.8500 -5.8000
v 38.0000 2.8500 -5.8000
v 38.0000 2.8500 -2.4000
v -38.0000 2.8500 -2.4000
v -38.0000 3.0300 -5.8000
v 38.0000 3.0300 -5.8000
v 38.0000 3.0300 -2.4000
v -38.0000 3.0300 -2.4000
v -37.2000 2.7200 -4.3500
v -34.8000 2.7200 -4.3500
v -34.8000 2.7200 -3.8500
v -37.2000 2.7200 -3.8500
v -37.2000 2.8400 -4.3500
v -34.8000 2.8400 -4.3500
v -34.8000 2.8400 -3.8500
v -37.2000 2.8400 -3.8500
v -32.7000 2.7200 -4.3500
v -30.3000 2.7200 -4.3500
v -30.3000 2.7200 -3.8500
v -32.7000 2.7200 -3.8500
v -32.7000 2.8400 -4.3500
v -30.3000 2.8400 -4.3500
v -30.3000 2.8400 -3.8500
v -32.7000 2.8400 -3.8500
v -28.2000 2.7200 -4.3500
v -25.8000 2.7200 -4.3500
v -25.8000 2.7200 -3.8500
v -28.2000 2.7200 -3.8500
v -28.2000 2.8400 -4.3500
v -25.8000 2.8400 -4.3500
v -25.8000 2.8400 -3.8500
v -28.2000 2.8400 -3.8500
v -23.7000 2.7200 -4.3500
v -21.3000 2.7200 -4.3500
v -21.3000 2.7200 -3.8500
v -23.7000 2.7200 -3.8500
v -23.7000 2.8400 -4.3500
v -21.3000 2.8400 -4.3500
v -21.3000 2.8400 -3.8500
v -23.7000 2.8400 -3.8500
v -19.2000 2.7200 -4.3500
v -16.8000 2.7200 -4.3500
v -16.8000 2.7200 -3.8500
v -19.2000 2.7200 -3.8500
v -19.2000 2.8400 -4.3500
v -16.8000 2.8400 -4.3500
v -16.8000 2.8400 -3.8500
v -19.2000 2.8400 -3.8500
v -14.7000 2.7200 -4.3500
v -12.3000 2.7200 -4.3500
v -12.3000 2.7200 -3.8500
v -14.7000 2.7200 -3.8500
v -14.7000 2.8400 -4.3500
v -12.3000 2.8400 -4.3500
v -12.3000 2.8400 -3.8500
v -14.7000 2.8400 -3.8500
v -10.2000 2.7200 -4.3500
v -7.8000 2.7200 -4.3500
v -7.8000 2.7200 -3.8500
v -10.2000 2.7200 -3.8500
v -10.2000 2.8400 -4.3500
v -7.8000 2.8400 -4.3500
v -7.8000 2.8400 -3.8500
v -10.2000 2.8400 -3.8500
v -5.7000 2.7200 -4.3500
v -3.3000 2.7200 -4.3500
v -3.3000 2.7200 -3.8500
v -5.7000 2.7200 -3.8500
v -5.7000 2.8400 -4.3500
v -3.3000 2.8400 -4.3500
v -3.3000 2.8400 -3.8500
v -5.7000 2.8400 -3.8500
v -1.2000 2.7200 -4.3500
v 1.2000 2.7200 -4.3500
v 1.2000 2.7200 -3.8500
v -1.2000 2.7200 -3.8500
v -1.2000 2.8400 -4.3500
v 1.2000 2.8400 -4.3500
v 1.2000 2.8400 -3.8500
v -1.2000 2.8400 -3.8500
v 3.3000 2.7200 -4.3500
v 5.7000 2.7200 -4.3500
v 5.7000 2.7200 -3.8500
v 3.3000 2.7200 -3.8500
v 3.3000 2.8400 -4.3500
v 5.7000 2.8400 -4.3500
v 5.7000 2.8400 -3.8500
v 3.3000 2.8400 -3.8500
v 7.8000 2.7200 -4.3500
v 10.2000 2.7200 -4.3500
v 10.2000 2.7200 -3.8500
v 7.8000 2.7200 -3.8500
v 7.8000 2.8400 -4.3500
v 10.2000 2.8400 -4.3500
v 10.2000 2.8400 -3.8500
v 7.8000 2.8400 -3.8500
v 12.3000 2.7200 -4.3500
v 14.7000 2.7200 -4.3500
v 14.7000 2.7200 -3.8500
v 12.3000 2.7200 -3.8500
v 12.3000 2.8400 -4.3500
v 14.7000 2.8400 -4.3500
v 14.7000 2.8400 -3.8500
v 12.3000 2.8400 -3.8500
v 16.8000 2.7200 -4.3500
v 19.2000 2.7200 -4.3500
v 19.2000 2.7200 -3.8500
v 16.8000 2.7200 -3.8500
v 16.8000 2.8400 -4.3500
v 19.2000 2.8400 -4.3500
v 19.2000 2.8400 -3.8500
v 16.8000 2.8400 -3.8500
v 21.3000 2.7200 -4.3500
v 23.7000 2.7200 -4.3500
v 23.7000 2.7200 -3.8500
v 21.3000 2.7200 -3.8500
v 21.3000 2.8400 -4.3500
v 23.7000 2.8400 -4.3500
v 23.7000 2.8400 -3.8500
v 21.3000 2.8400 -3.8500
v 25.8000 2.7200 -4.3500
v 28.2000 2.7200 -4.3500
v 28.2000 2.7200 -3.8500
v 25.8000 2.7200 -3.8500
v 25.8000 2.8400 -4.3500
v 28.2000 2.8400 -4.3500
v 28.2000 2.8400 -3.8500
v 25.8000 2.8400 -3.8500
v 30.3000 2.7200 -4.3500
v 32.7000 2.7200 -4.3500
v 32.7000 2.7200 -3.8500
v 30.3000 2.7200 -3.8500
v 30.3000 2.8400 -4.3500
v 32.7000 2.8400 -4.3500
v 32.7000 2.8400 -3.8500
v 30.3000 2.8400 -3.8500
v -46.0000 -1.6000 -2.4000
v -38.0000 -1.6000 -2.4000
v -38.0000 -1.6000 2.4000
v -46.0000 -1.6000 2.4000
v -46.0000 1.6000 -2.4000
v -38.0000 1.6000 -2.4000
v -38.0000 1.6000 2.4000
v -46.0000 1.6000 2.4000
v -45.9600 -1.5000 -2.0000
v -45.8400 -1.5000 -2.0000
v -45.8400 -1.5000 2.0000
v -45.9600 -1.5000 2.0000
v -45.9600 1.5000 -2.0000
v -45.8400 1.5000 -2.0000
v -45.8400 1.5000 2.0000
v -45.9600 1.5000 2.0000
v 38.0000 -1.6000 -2.4000
v 46.0000 -1.6000 -2.4000
v 46.0000 -1.6000 2.4000
v 38.0000 -1.6000 2.4000
v 38.0000 1.6000 -2.4000
v 46.0000 1.6000 -2.4000
v 46.0000 1.6000 2.4000
v 38.0000 1.6000 2.4000
v 45.8400 -1.5000 -2.0000
v 45.9600 -1.5000 -2.0000
v 45.9600 -1.5000 2.0000
v 45.8400 -1.5000 2.0000
v 45.8400 1.5000 -2.0000
v 45.9600 1.5000 -2.0000
v 45.9600 1.5000 2.0000
v 45.8400 1.5000 2.0000
v -27.3000 1.9750 5.8950
v -24.7000 1.9750 5.8950
v -24.7000 1.9750 5.9450
v -27.3000 1.9750 5.9450
v -27.3000 3.1250 5.8950
v -24.7000 3.1250 5.8950
v -24.7000 3.1250 5.9450
v -27.3000 3.1250 5.9450
v -7.3000 1.9750 5.8950
v -4.7000 1.9750 5.8950
v -4.7000 1.9750 5.9450
v -7.3000 1.9750 5.9450
v -7.3000 3.1250 5.8950
v -4.7000 3.1250 5.8950
v -4.7000 3.1250 5.9450
v -7.3000 3.1250 5.9450
v 12.7000 1.9750 5.8950
v 15.3000 1.9750 5.8950
v 15.3000 1.9750 5.9450
v 12.7000 1.9750 5.9450
v 12.7000 3.1250 5.8950
v 15.3000 3.1250 5.8950
v 15.3000 3.1250 5.9450
v 12.7000 3.1250 5.9450
v -15.3000 1.9750 -5.9450
v -12.7000 1.9750 -5.9450
v -12.7000 1.9750 -5.8950
v -15.3000 1.9750 -5.8950
v -15.3000 3.1250 -5.9450
v -12.7000 3.1250 -5.9450
v -12.7000 3.1250 -5.8950
v -15.3000 3.1250 -5.8950
v 4.7000 1.9750 -5.9450
v 7.3000 1.9750 -5.9450
v 7.3000 1.9750 -5.8950
v 4.7000 1.9750 -5.8950
v 4.7000 3.1250 -5.9450
v 7.3000 3.1250 -5.9450
v 7.3000 3.1250 -5.8950
v 4.7000 3.1250 -5.8950
v 24.7000 1.9750 -5.9450
v 27.3000 1.9750 -5.9450
v 27.3000 1.9750 -5.8950
v 24.7000 1.9750 -5.8950
v 24.7000 3.1250 -5.9450
v 27.3000 3.1250 -5.9450
v 27.3000 3.1250 -5.8950
v 24.7000 3.1250 -5.8950
v -21.2000 2.8250 -0.0800
v -18.8000 2.8250 -0.0800
v -18.8000 2.8250 0.0200
v -21.2000 2.8250 0.0200
v -21.2000 3.8750 -0.0800
v -18.8000 3.8750 -0.0800
v -18.8000 3.8750 0.0200
v -21.2000 3.8750 0.0200
v -20.0300 3.6500 -0.0300
v -19.9700 3.6500 -0.0300
v -19.9700 3.6500 0.0300
v -20.0300 3.6500 0.0300
v -20.0300 4.1500 -0.0300
v -19.9700 4.1500 -0.0300
v -19.9700 4.1500 0.0300
v -20.0300 4.1500 0.0300
v 6.8000 2.8250 -0.0800
v 9.2000 2.8250 -0.0800
v 9.2000 2.8250 0.0200
v 6.8000 2.8250 0.0200
v 6.8000 3.8750 -0.0800
v 9.2000 3.8750 -0.0800
v 9.2000 3.8750 0.0200
v 6.8000 3.8750 0.0200
v 7.9700 3.6500 -0.0300
v 8.0300 3.6500 -0.0300
v 8.0300 3.6500 0.0300
v 7.9700 3.6500 0.0300
v 7.9700 4.1500 -0.0300
v 8.0300 4.1500 -0.0300
v 8.0300 4.1500 0.0300
v 7.9700 4.1500 0.0300
v 1.5000 2.6500 15.8550
v 6.5000 2.6500 15.8550
v 6.5000 2.6500 15.9050
v 1.5000 2.6500 15.9050
v 1.5000 3.6500 15.8550
v 6.5000 3.6500 15.8550
v 6.5000 3.6500 15.9050
v 1.5000 3.6500 15.9050
v -23.1500 1.0000 -5.7600
v -20.8500 1.0000 -5.7600
v -20.8500 1.0000 -5.6000
v -23.1500 1.0000 -5.6000
v -23.1500 2.8000 -5.7600
v -20.8500 2.8000 -5.7600
v -20.8500 2.8000 -5.6000
v -23.1500 2.8000 -5.6000
v -23.0000 1.1500 -5.8050
v -21.0000 1.1500 -5.8050
v -21.0000 1.1500 -5.7550
v -23.0000 1.1500 -5.7550
v -23.0000 2.6500 -5.8050
v -21.0000 2.6500 -5.8050
v -21.0000 2.6500 -5.7550
v -23.0000 2.6500 -5.7550
v -9.1500 1.0000 -5.7600
v -6.8500 1.0000 -5.7600
v -6.8500 1.0000 -5.6000
v -9.1500 1.0000 -5.6000
v -9.1500 2.8000 -5.7600
v -6.8500 2.8000 -5.7600
v -6.8500 2.8000 -5.6000
v -9.1500 2.8000 -5.6000
v -9.0000 1.1500 -5.8050
v -7.0000 1.1500 -5.8050
v -7.0000 1.1500 -5.7550
v -9.0000 1.1500 -5.7550
v -9.0000 2.6500 -5.8050
v -7.0000 2.6500 -5.8050
v -7.0000 2.6500 -5.7550
v -9.0000 2.6500 -5.7550
v 4.8500 1.0000 -5.7600
v 7.1500 1.0000 -5.7600
v 7.1500 1.0000 -5.6000
v 4.8500 1.0000 -5.6000
v 4.8500 2.8000 -5.7600
v 7.1500 2.8000 -5.7600
v 7.1500 2.8000 -5.6000
v 4.8500 2.8000 -5.6000
v 5.0000 1.1500 -5.8050
v 7.0000 1.1500 -5.8050
v 7.0000 1.1500 -5.7550
v 5.0000 1.1500 -5.7550
v 5.0000 2.6500 -5.8050
v 7.0000 2.6500 -5.8050
v 7.0000 2.6500 -5.7550
v 5.0000 2.6500 -5.7550
v 18.8500 1.0000 -5.7600
v 21.1500 1.0000 -5.7600
v 21.1500 1.0000 -5.6000
v 18.8500 1.0000 -5.6000
v 18.8500 2.8000 -5.7600
v 21.1500 2.8000 -5.7600
v 21.1500 2.8000 -5.6000
v 18.8500 2.8000 -5.6000
v 19.0000 1.1500 -5.8050
v 21.0000 1.1500 -5.8050
v 21.0000 1.1500 -5.7550
v 19.0000 1.1500 -5.7550
v 19.0000 2.6500 -5.8050
v 21.0000 2.6500 -5.8050
v 21.0000 2.6500 -5.7550
v 19.0000 2.6500 -5.7550
v -25.2500 0.9500 15.6000
v -22.7500 0.9500 15.6000
v -22.7500 0.9500 15.7600
v -25.2500 0.9500 15.7600
v -25.2500 2.8500 15.6000
v -22.7500 2.8500 15.6000
v -22.7500 2.8500 15.7600
v -25.2500 2.8500 15.7600
v -25.1000 1.1000 15.5550
v -22.9000 1.1000 15.5550
v -22.9000 1.1000 15.6050
v -25.1000 1.1000 15.6050
v -25.1000 2.7000 15.5550
v -22.9000 2.7000 15.5550
v -22.9000 2.7000 15.6050
v -25.1000 2.7000 15.6050
v -11.2500 0.9500 15.6000
v -8.7500 0.9500 15.6000
v -8.7500 0.9500 15.7600
v -11.2500 0.9500 15.7600
v -11.2500 2.8500 15.6000
v -8.7500 2.8500 15.6000
v -8.7500 2.8500 15.7600
v -11.2500 2.8500 15.7600
v -11.1000 1.1000 15.5550
v -8.9000 1.1000 15.5550
v -8.9000 1.1000 15.6050
v -11.1000 1.1000 15.6050
v -11.1000 2.7000 15.5550
v -8.9000 2.7000 15.5550
v -8.9000 2.7000 15.6050
v -11.1000 2.7000 15.6050
v 2.7500 0.9500 15.6000
v 5.2500 0.9500 15.6000
v 5.2500 0.9500 15.7600
v 2.7500 0.9500 15.7600
v 2.7500 2.8500 15.6000
v 5.2500 2.8500 15.6000
v 5.2500 2.8500 15.7600
v 2.7500 2.8500 15.7600
v 2.9000 1.1000 15.5550
v 5.1000 1.1000 15.5550
v 5.1000 1.1000 15.6050
v 2.9000 1.1000 15.6050
v 2.9000 2.7000 15.5550
v 5.1000 2.7000 15.5550
v 5.1000 2.7000 15.6050
v 2.9000 2.7000 15.6050
v 16.7500 0.9500 15.6000
v 19.2500 0.9500 15.6000
v 19.2500 0.9500 15.7600
v 16.7500 0.9500 15.7600
v 16.7500 2.8500 15.6000
v 19.2500 2.8500 15.6000
v 19.2500 2.8500 15.7600
v 16.7500 2.8500 15.7600
v 16.9000 1.1000 15.5550
v 19.1000 1.1000 15.5550
v 19.1000 1.1000 15.6050
v 16.9000 1.1000 15.6050
v 16.9000 2.7000 15.5550
v 19.1000 2.7000 15.5550
v 19.1000 2.7000 15.6050
v 16.9000 2.7000 15.6050
v -9.6000 0.5000 5.9150
v -6.4000 0.5000 5.9150
v -6.4000 0.5000 5.9650
v -9.6000 0.5000 5.9650
v -9.6000 2.9000 5.9150
v -6.4000 2.9000 5.9150
v -6.4000 2.9000 5.9650
v -9.6000 2.9000 5.9650
v 16.3000 0.6000 -5.9650
v 19.7000 0.6000 -5.9650
v 19.7000 0.6000 -5.9150
v 16.3000 0.6000 -5.9150
v 16.3000 2.8000 -5.9650
v 19.7000 2.8000 -5.9650
v 19.7000 2.8000 -5.9150
v 16.3000 2.8000 -5.9150
v -21.5000 0.6000 15.8750
v -18.5000 0.6000 15.8750
v -18.5000 0.6000 15.9250
v -21.5000 0.6000 15.9250
v -21.5000 2.8000 15.8750
v -18.5000 2.8000 15.8750
v -18.5000 2.8000 15.9250
v -21.5000 2.8000 15.9250
v 4.9000 0.9000 5.9150
v 7.1000 0.9000 5.9150
v 7.1000 0.9000 5.9650
v 4.9000 0.9000 5.9650
v 4.9000 2.9000 5.9150
v 7.1000 2.9000 5.9150
v 7.1000 2.9000 5.9650
v 4.9000 2.9000 5.9650
v 24.7000 0.7000 -5.9650
v 27.3000 0.7000 -5.9650
v 27.3000 0.7000 -5.9150
v 24.7000 0.7000 -5.9150
v 24.7000 2.7000 -5.9650
v 27.3000 2.7000 -5.9650
v 27.3000 2.7000 -5.9150
v 24.7000 2.7000 -5.9150
v 12.8000 0.6500 15.8750
v 15.2000 0.6500 15.8750
v 15.2000 0.6500 15.9250
v 12.8000 0.6500 15.9250
v 12.8000 2.5500 15.8750
v 15.2000 2.5500 15.8750
v 15.2000 2.5500 15.9250
v 12.8000 2.5500 15.9250
v -21.0500 0.5500 15.6200
v -18.9500 0.5500 15.6200
v -18.9500 0.5500 15.7800
v -21.0500 0.5500 15.7800
v -21.0500 3.0500 15.6200
v -18.9500 3.0500 15.6200
v -18.9500 3.0500 15.7800
v -21.0500 3.0500 15.7800
v -20.9000 0.7000 15.5750
v -19.1000 0.7000 15.5750
v -19.1000 0.7000 15.6250
v -20.9000 0.7000 15.6250
v -20.9000 2.9000 15.5750
v -19.1000 2.9000 15.5750
v -19.1000 2.9000 15.6250
v -20.9000 2.9000 15.6250
v -37.0000 -1.2200 -1.7000
v -36.5000 -1.2200 -1.7000
v -36.5000 -1.2200 1.7000
v -37.0000 -1.2200 1.7000
v -37.0000 -1.0800 -1.7000
v -36.5000 -1.0800 -1.7000
v -36.5000 -1.0800 1.7000
v -37.0000 -1.0800 1.7000
v -36.0000 -1.2200 -1.7000
v -35.5000 -1.2200 -1.7000
v -35.5000 -1.2200 1.7000
v -36.0000 -1.2200 1.7000
v -36.0000 -1.0800 -1.7000
v -35.5000 -1.0800 -1.7000
v -35.5000 -1.0800 1.7000
v -36.0000 -1.0800 1.7000
v -35.0000 -1.2200 -1.7000
v -34.5000 -1.2200 -1.7000
v -34.5000 -1.2200 1.7000
v -35.0000 -1.2200 1.7000
v -35.0000 -1.0800 -1.7000
v -34.5000 -1.0800 -1.7000
v -34.5000 -1.0800 1.7000
v -35.0000 -1.0800 1.7000
v -34.0000 -1.2200 -1.7000
v -33.5000 -1.2200 -1.7000
v -33.5000 -1.2200 1.7000
v -34.0000 -1.2200 1.7000
v -34.0000 -1.0800 -1.7000
v -33.5000 -1.0800 -1.7000
v -33.5000 -1.0800 1.7000
v -34.0000 -1.0800 1.7000
v -33.0000 -1.2200 -1.7000
v -32.5000 -1.2200 -1.7000
v -32.5000 -1.2200 1.7000
v -33.0000 -1.2200 1.7000
v -33.0000 -1.0800 -1.7000
v -32.5000 -1.0800 -1.7000
v -32.5000 -1.0800 1.7000
v -33.0000 -1.0800 1.7000
v -32.0000 -1.2200 -1.7000
v -31.5000 -1.2200 -1.7000
v -31.5000 -1.2200 1.7000
v -32.0000 -1.2200 1.7000
v -32.0000 -1.0800 -1.7000
v -31.5000 -1.0800 -1.7000
v -31.5000 -1.0800 1.7000
v -32.0000 -1.0800 1.7000
v -31.0000 -1.2200 -1.7000
v -30.5000 -1.2200 -1.7000
v -30.5000 -1.2200 1.7000
v -31.0000 -1.2200 1.7000
v -31.0000 -1.0800 -1.7000
v -30.5000 -1.0800 -1.7000
v -30.5000 -1.0800 1.7000
v -31.0000 -1.0800 1.7000
v -30.0000 -1.2200 -1.7000
v -29.5000 -1.2200 -1.7000
v -29.5000 -1.2200 1.7000
v -30.0000 -1.2200 1.7000
v -30.0000 -1.0800 -1.7000
v -29.5000 -1.0800 -1.7000
v -29.5000 -1.0800 1.7000
v -30.0000 -1.0800 1.7000
v -29.0000 -1.2200 -1.7000
v -28.5000 -1.2200 -1.7000
v -28.5000 -1.2200 1.7000
v -29.0000 -1.2200 1.7000
v -29.0000 -1.0800 -1.7000
v -28.5000 -1.0800 -1.7000
v -28.5000 -1.0800 1.7000
v -29.0000 -1.0800 1.7000
v -28.0000 -1.2200 -1.7000
v -27.5000 -1.2200 -1.7000
v -27.5000 -1.2200 1.7000
v -28.0000 -1.2200 1.7000
v -28.0000 -1.0800 -1.7000
v -27.5000 -1.0800 -1.7000
v -27.5000 -1.0800 1.7000
v -28.0000 -1.0800 1.7000
v -27.0000 -1.2200 -1.7000
v -26.5000 -1.2200 -1.7000
v -26.5000 -1.2200 1.7000
v -27.0000 -1.2200 1.7000
v -27.0000 -1.0800 -1.7000
v -26.5000 -1.0800 -1.7000
v -26.5000 -1.0800 1.7000
v -27.0000 -1.0800 1.7000
v -26.0000 -1.2200 -1.7000
v -25.5000 -1.2200 -1.7000
v -25.5000 -1.2200 1.7000
v -26.0000 -1.2200 1.7000
v -26.0000 -1.0800 -1.7000
v -25.5000 -1.0800 -1.7000
v -25.5000 -1.0800 1.7000
v -26.0000 -1.0800 1.7000
v -25.0000 -1.2200 -1.7000
v -24.5000 -1.2200 -1.7000
v -24.5000 -1.2200 1.7000
v -25.0000 -1.2200 1.7000
v -25.0000 -1.0800 -1.7000
v -24.5000 -1.0800 -1.7000
v -24.5000 -1.0800 1.7000
v -25.0000 -1.0800 1.7000
v -24.0000 -1.2200 -1.7000
v -23.5000 -1.2200 -1.7000
v -23.5000 -1.2200 1.7000
v -24.0000 -1.2200 1.7000
v -24.0000 -1.0800 -1.7000
v -23.5000 -1.0800 -1.7000
v -23.5000 -1.0800 1.7000
v -24.0000 -1.0800 1.7000
v -23.0000 -1.2200 -1.7000
v -22.5000 -1.2200 -1.7000
v -22.5000 -1.2200 1.7000
v -23.0000 -1.2200 1.7000
v -23.0000 -1.0800 -1.7000
v -22.5000 -1.0800 -1.7000
v -22.5000 -1.0800 1.7000
v -23.0000 -1.0800 1.7000
v -22.0000 -1.2200 -1.7000
v -21.5000 -1.2200 -1.7000
v -21.5000 -1.2200 1.7000
v -22.0000 -1.2200 1.7000
v -22.0000 -1.0800 -1.7000
v -21.5000 -1.0800 -1.7000
v -21.5000 -1.0800 1.7000
v -22.0000 -1.0800 1.7000
v -21.0000 -1.2200 -1.7000
v -20.5000 -1.2200 -1.7000
v -20.5000 -1.2200 1.7000
v -21.0000 -1.2200 1.7000
v -21.0000 -1.0800 -1.7000
v -20.5000 -1.0800 -1.7000
v -20.5000 -1.0800 1.7000
v -21.0000 -1.0800 1.7000
v -20.0000 -1.2200 -1.7000
v -19.5000 -1.2200 -1.7000
v -19.5000 -1.2200 1.7000
v -20.0000 -1.2200 1.7000
v -20.0000 -1.0800 -1.7000
v -19.5000 -1.0800 -1.7000
v -19.5000 -1.0800 1.7000
v -20.0000 -1.0800 1.7000
v -19.0000 -1.2200 -1.7000
v -18.5000 -1.2200 -1.7000
v -18.5000 -1.2200 1.7000
v -19.0000 -1.2200 1.7000
v -19.0000 -1.0800 -1.7000
v -18.5000 -1.0800 -1.7000
v -18.5000 -1.0800 1.7000
v -19.0000 -1.0800 1.7000
v -18.0000 -1.2200 -1.7000
v -17.5000 -1.2200 -1.7000
v -17.5000 -1.2200 1.7000
v -18.0000 -1.2200 1.7000
v -18.0000 -1.0800 -1.7000
v -17.5000 -1.0800 -1.7000
v -17.5000 -1.0800 1.7000
v -18.0000 -1.0800 1.7000
v -17.0000 -1.2200 -1.7000
v -16.5000 -1.2200 -1.7000
v -16.5000 -1.2200 1.7000
v -17.0000 -1.2200 1.7000
v -17.0000 -1.0800 -1.7000
v -16.5000 -1.0800 -1.7000
v -16.5000 -1.0800 1.7000
v -17.0000 -1.0800 1.7000
v -16.0000 -1.2200 -1.7000
v -15.5000 -1.2200 -1.7000
v -15.5000 -1.2200 1.7000
v -16.0000 -1.2200 1.7000
v -16.0000 -1.0800 -1.7000
v -15.5000 -1.0800 -1.7000
v -15.5000 -1.0800 1.7000
v -16.0000 -1.0800 1.7000
v -15.0000 -1.2200 -1.7000
v -14.5000 -1.2200 -1.7000
v -14.5000 -1.2200 1.7000
v -15.0000 -1.2200 1.7000
v -15.0000 -1.0800 -1.7000
v -14.5000 -1.0800 -1.7000
v -14.5000 -1.0800 1.7000
v -15.0000 -1.0800 1.7000
v -14.0000 -1.2200 -1.7000
v -13.5000 -1.2200 -1.7000
v -13.5000 -1.2200 1.7000
v -14.0000 -1.2200 1.7000
v -14.0000 -1.0800 -1.7000
v -13.5000 -1.0800 -1.7000
v -13.5000 -1.0800 1.7000
v -14.0000 -1.0800 1.7000
v -13.0000 -1.2200 -1.7000
v -12.5000 -1.2200 -1.7000
v -12.5000 -1.2200 1.7000
v -13.0000 -1.2200 1.7000
v -13.0000 -1.0800 -1.7000
v -12.5000 -1.0800 -1.7000
v -12.5000 -1.0800 1.7000
v -13.0000 -1.0800 1.7000
v -12.0000 -1.2200 -1.7000
v -11.5000 -1.2200 -1.7000
v -11.5000 -1.2200 1.7000
v -12.0000 -1.2200 1.7000
v -12.0000 -1.0800 -1.7000
v -11.5000 -1.0800 -1.7000
v -11.5000 -1.0800 1.7000
v -12.0000 -1.0800 1.7000
v -11.0000 -1.2200 -1.7000
v -10.5000 -1.2200 -1.7000
v -10.5000 -1.2200 1.7000
v -11.0000 -1.2200 1.7000
v -11.0000 -1.0800 -1.7000
v -10.5000 -1.0800 -1.7000
v -10.5000 -1.0800 1.7000
v -11.0000 -1.0800 1.7000
v -10.0000 -1.2200 -1.7000
v -9.5000 -1.2200 -1.7000
v -9.5000 -1.2200 1.7000
v -10.0000 -1.2200 1.7000
v -10.0000 -1.0800 -1.7000
v -9.5000 -1.0800 -1.7000
v -9.5000 -1.0800 1.7000
v -10.0000 -1.0800 1.7000
v -9.0000 -1.2200 -1.7000
v -8.5000 -1.2200 -1.7000
v -8.5000 -1.2200 1.7000
v -9.0000 -1.2200 1.7000
v -9.0000 -1.0800 -1.7000
v -8.5000 -1.0800 -1.7000
v -8.5000 -1.0800 1.7000
v -9.0000 -1.0800 1.7000
v -8.0000 -1.2200 -1.7000
v -7.5000 -1.2200 -1.7000
v -7.5000 -1.2200 1.7000
v -8.0000 -1.2200 1.7000
v -8.0000 -1.0800 -1.7000
v -7.5000 -1.0800 -1.7000
v -7.5000 -1.0800 1.7000
v -8.0000 -1.0800 1.7000
v -7.0000 -1.2200 -1.7000
v -6.5000 -1.2200 -1.7000
v -6.5000 -1.2200 1.7000
v -7.0000 -1.2200 1.7000
v -7.0000 -1.0800 -1.7000
v -6.5000 -1.0800 -1.7000
v -6.5000 -1.0800 1.7000
v -7.0000 -1.0800 1.7000
v -6.0000 -1.2200 -1.7000
v -5.5000 -1.2200 -1.7000
v -5.5000 -1.2200 1.7000
v -6.0000 -1.2200 1.7000
v -6.0000 -1.0800 -1.7000
v -5.5000 -1.0800 -1.7000
v -5.5000 -1.0800 1.7000
v -6.0000 -1.0800 1.7000
v -5.0000 -1.2200 -1.7000
v -4.5000 -1.2200 -1.7000
v -4.5000 -1.2200 1.7000
v -5.0000 -1.2200 1.7000
v -5.0000 -1.0800 -1.7000
v -4.5000 -1.0800 -1.7000
v -4.5000 -1.0800 1.7000
v -5.0000 -1.0800 1.7000
v -4.0000 -1.2200 -1.7000
v -3.5000 -1.2200 -1.7000
v -3.5000 -1.2200 1.7000
v -4.0000 -1.2200 1.7000
v -4.0000 -1.0800 -1.7000
v -3.5000 -1.0800 -1.7000
v -3.5000 -1.0800 1.7000
v -4.0000 -1.0800 1.7000
v -3.0000 -1.2200 -1.7000
v -2.5000 -1.2200 -1.7000
v -2.5000 -1.2200 1.7000
v -3.0000 -1.2200 1.7000
v -3.0000 -1.0800 -1.7000
v -2.5000 -1.0800 -1.7000
v -2.5000 -1.0800 1.7000
v -3.0000 -1.0800 1.7000
v -2.0000 -1.2200 -1.7000
v -1.5000 -1.2200 -1.7000
v -1.5000 -1.2200 1.7000
v -2.0000 -1.2200 1.7000
v -2.0000 -1.0800 -1.7000
v -1.5000 -1.0800 -1.7000
v -1.5000 -1.0800 1.7000
v -2.0000 -1.0800 1.7000
v -1.0000 -1.2200 -1.7000
v -0.5000 -1.2200 -1.7000
v -0.5000 -1.2200 1.7000
v -1.0000 -1.2200 1.7000
v -1.0000 -1.0800 -1.7000
v -0.5000 -1.0800 -1.7000
v -0.5000 -1.0800 1.7000
v -1.0000 -1.0800 1.7000
v 0.0000 -1.2200 -1.7000
v 0.5000 -1.2200 -1.7000
v 0.5000 -1.2200 1.7000
v 0.0000 -1.2200 1.7000
v 0.0000 -1.0800 -1.7000
v 0.5000 -1.0800 -1.7000
v 0.5000 -1.0800 1.7000
v 0.0000 -1.0800 1.7000
v 1.0000 -1.2200 -1.7000
v 1.5000 -1.2200 -1.7000
v 1.5000 -1.2200 1.7000
v 1.0000 -1.2200 1.7000
v 1.0000 -1.0800 -1.7000
v 1.5000 -1.0800 -1.7000
v 1.5000 -1.0800 1.7000
v 1.0000 -1.0800 1.7000
v 2.0000 -1.2200 -1.7000
v 2.5000 -1.2200 -1.7000
v 2.5000 -1.2200 1.7000
v 2.0000 -1.2200 1.7000
v 2.0000 -1.0800 -1.7000
v 2.5000 -1.0800 -1.7000
v 2.5000 -1.0800 1.7000
v 2.0000 -1.0800 1.7000
v 3.0000 -1.2200 -1.7000
v 3.5000 -1.2200 -1.7000
v 3.5000 -1.2200 1.7000
v 3.0000 -1.2200 1.7000
v 3.0000 -1.0800 -1.7000
v 3.5000 -1.0800 -1.7000
v 3.5000 -1.0800 1.7000
v 3.0000 -1.0800 1.7000
v 4.0000 -1.2200 -1.7000
v 4.5000 -1.2200 -1.7000
v 4.5000 -1.2200 1.7000
v 4.0000 -1.2200 1.7000
v 4.0000 -1.0800 -1.7000
v 4.5000 -1.0800 -1.7000
v 4.5000 -1.0800 1.7000
v 4.0000 -1.0800 1.7000
v 5.0000 -1.2200 -1.7000
v 5.5000 -1.2200 -1.7000
v 5.5000 -1.2200 1.7000
v 5.0000 -1.2200 1.7000
v 5.0000 -1.0800 -1.7000
v 5.5000 -1.0800 -1.7000
v 5.5000 -1.0800 1.7000
v 5.0000 -1.0800 1.7000
v 6.0000 -1.2200 -1.7000
v 6.5000 -1.2200 -1.7000
v 6.5000 -1.2200 1.7000
v 6.0000 -1.2200 1.7000
v 6.0000 -1.0800 -1.7000
v 6.5000 -1.0800 -1.7000
v 6.5000 -1.0800 1.7000
v 6.0000 -1.0800 1.7000
v 7.0000 -1.2200 -1.7000
v 7.5000 -1.2200 -1.7000
v 7.5000 -1.2200 1.7000
v 7.0000 -1.2200 1.7000
v 7.0000 -1.0800 -1.7000
v 7.5000 -1.0800 -1.7000
v 7.5000 -1.0800 1.7000
v 7.0000 -1.0800 1.7000
v 8.0000 -1.2200 -1.7000
v 8.5000 -1.2200 -1.7000
v 8.5000 -1.2200 1.7000
v 8.0000 -1.2200 1.7000
v 8.0000 -1.0800 -1.7000
v 8.5000 -1.0800 -1.7000
v 8.5000 -1.0800 1.7000
v 8.0000 -1.0800 1.7000
v 9.0000 -1.2200 -1.7000
v 9.5000 -1.2200 -1.7000
v 9.5000 -1.2200 1.7000
v 9.0000 -1.2200 1.7000
v 9.0000 -1.0800 -1.7000
v 9.5000 -1.0800 -1.7000
v 9.5000 -1.0800 1.7000
v 9.0000 -1.0800 1.7000
v 10.0000 -1.2200 -1.7000
v 10.5000 -1.2200 -1.7000
v 10.5000 -1.2200 1.7000
v 10.0000 -1.2200 1.7000
v 10.0000 -1.0800 -1.7000
v 10.5000 -1.0800 -1.7000
v 10.5000 -1.0800 1.7000
v 10.0000 -1.0800 1.7000
v 11.0000 -1.2200 -1.7000
v 11.5000 -1.2200 -1.7000
v 11.5000 -1.2200 1.7000
v 11.0000 -1.2200 1.7000
v 11.0000 -1.0800 -1.7000
v 11.5000 -1.0800 -1.7000
v 11.5000 -1.0800 1.7000
v 11.0000 -1.0800 1.7000
v 12.0000 -1.2200 -1.7000
v 12.5000 -1.2200 -1.7000
v 12.5000 -1.2200 1.7000
v 12.0000 -1.2200 1.7000
v 12.0000 -1.0800 -1.7000
v 12.5000 -1.0800 -1.7000
v 12.5000 -1.0800 1.7000
v 12.0000 -1.0800 1.7000
v 13.0000 -1.2200 -1.7000
v 13.5000 -1.2200 -1.7000
v 13.5000 -1.2200 1.7000
v 13.0000 -1.2200 1.7000
v 13.0000 -1.0800 -1.7000
v 13.5000 -1.0800 -1.7000
v 13.5000 -1.0800 1.7000
v 13.0000 -1.0800 1.7000
v 14.0000 -1.2200 -1.7000
v 14.5000 -1.2200 -1.7000
v 14.5000 -1.2200 1.7000
v 14.0000 -1.2200 1.7000
v 14.0000 -1.0800 -1.7000
v 14.5000 -1.0800 -1.7000
v 14.5000 -1.0800 1.7000
v 14.0000 -1.0800 1.7000
v 15.0000 -1.2200 -1.7000
v 15.5000 -1.2200 -1.7000
v 15.5000 -1.2200 1.7000
v 15.0000 -1.2200 1.7000
v 15.0000 -1.0800 -1.7000
v 15.5000 -1.0800 -1.7000
v 15.5000 -1.0800 1.7000
v 15.0000 -1.0800 1.7000
v 16.0000 -1.2200 -1.7000
v 16.5000 -1.2200 -1.7000
v 16.5000 -1.2200 1.7000
v 16.0000 -1.2200 1.7000
v 16.0000 -1.0800 -1.7000
v 16.5000 -1.0800 -1.7000
v 16.5000 -1.0800 1.7000
v 16.0000 -1.0800 1.7000
v 17.0000 -1.2200 -1.7000
v 17.5000 -1.2200 -1.7000
v 17.5000 -1.2200 1.7000
v 17.0000 -1.2200 1.7000
v 17.0000 -1.0800 -1.7000
v 17.5000 -1.0800 -1.7000
v 17.5000 -1.0800 1.7000
v 17.0000 -1.0800 1.7000
v 18.0000 -1.2200 -1.7000
v 18.5000 -1.2200 -1.7000
v 18.5000 -1.2200 1.7000
v 18.0000 -1.2200 1.7000
v 18.0000 -1.0800 -1.7000
v 18.5000 -1.0800 -1.7000
v 18.5000 -1.0800 1.7000
v 18.0000 -1.0800 1.7000
v 19.0000 -1.2200 -1.7000
v 19.5000 -1.2200 -1.7000
v 19.5000 -1.2200 1.7000
v 19.0000 -1.2200 1.7000
v 19.0000 -1.0800 -1.7000
v 19.5000 -1.0800 -1.7000
v 19.5000 -1.0800 1.7000
v 19.0000 -1.0800 1.7000
v 20.0000 -1.2200 -1.7000
v 20.5000 -1.2200 -1.7000
v 20.5000 -1.2200 1.7000
v 20.0000 -1.2200 1.7000
v 20.0000 -1.0800 -1.7000
v 20.5000 -1.0800 -1.7000
v 20.5000 -1.0800 1.7000
v 20.0000 -1.0800 1.7000
v 21.0000 -1.2200 -1.7000
v 21.5000 -1.2200 -1.7000
v 21.5000 -1.2200 1.7000
v 21.0000 -1.2200 1.7000
v 21.0000 -1.0800 -1.7000
v 21.5000 -1.0800 -1.7000
v 21.5000 -1.0800 1.7000
v 21.0000 -1.0800 1.7000
v 22.0000 -1.2200 -1.7000
v 22.5000 -1.2200 -1.7000
v 22.5000 -1.2200 1.7000
v 22.0000 -1.2200 1.7000
v 22.0000 -1.0800 -1.7000
v 22.5000 -1.0800 -1.7000
v 22.5000 -1.0800 1.7000
v 22.0000 -1.0800 1.7000
v 23.0000 -1.2200 -1.7000
v 23.5000 -1.2200 -1.7000
v 23.5000 -1.2200 1.7000
v 23.0000 -1.2200 1.7000
v 23.0000 -1.0800 -1.7000
v 23.5000 -1.0800 -1.7000
v 23.5000 -1.0800 1.7000
v 23.0000 -1.0800 1.7000
v 24.0000 -1.2200 -1.7000
v 24.5000 -1.2200 -1.7000
v 24.5000 -1.2200 1.7000
v 24.0000 -1.2200 1.7000
v 24.0000 -1.0800 -1.7000
v 24.5000 -1.0800 -1.7000
v 24.5000 -1.0800 1.7000
v 24.0000 -1.0800 1.7000
v 25.0000 -1.2200 -1.7000
v 25.5000 -1.2200 -1.7000
v 25.5000 -1.2200 1.7000
v 25.0000 -1.2200 1.7000
v 25.0000 -1.0800 -1.7000
v 25.5000 -1.0800 -1.7000
v 25.5000 -1.0800 1.7000
v 25.0000 -1.0800 1.7000
v 26.0000 -1.2200 -1.7000
v 26.5000 -1.2200 -1.7000
v 26.5000 -1.2200 1.7000
v 26.0000 -1.2200 1.7000
v 26.0000 -1.0800 -1.7000
v 26.5000 -1.0800 -1.7000
v 26.5000 -1.0800 1.7000
v 26.0000 -1.0800 1.7000
v 27.0000 -1.2200 -1.7000
v 27.5000 -1.2200 -1.7000
v 27.5000 -1.2200 1.7000
v 27.0000 -1.2200 1.7000
v 27.0000 -1.0800 -1.7000
v 27.5000 -1.0800 -1.7000
v 27.5000 -1.0800 1.7000
v 27.0000 -1.0800 1.7000
v 28.0000 -1.2200 -1.7000
v 28.5000 -1.2200 -1.7000
v 28.5000 -1.2200 1.7000
v 28.0000 -1.2200 1.7000
v 28.0000 -1.0800 -1.7000
v 28.5000 -1.0800 -1.7000
v 28.5000 -1.0800 1.7000
v 28.0000 -1.0800 1.7000
v 29.0000 -1.2200 -1.7000
v 29.5000 -1.2200 -1.7000
v 29.5000 -1.2200 1.7000
v 29.0000 -1.2200 1.7000
v 29.0000 -1.0800 -1.7000
v 29.5000 -1.0800 -1.7000
v 29.5000 -1.0800 1.7000
v 29.0000 -1.0800 1.7000
v 30.0000 -1.2200 -1.7000
v 30.5000 -1.2200 -1.7000
v 30.5000 -1.2200 1.7000
v 30.0000 -1.2200 1.7000
v 30.0000 -1.0800 -1.7000
v 30.5000 -1.0800 -1.7000
v 30.5000 -1.0800 1.7000
v 30.0000 -1.0800 1.7000
v 31.0000 -1.2200 -1.7000
v 31.5000 -1.2200 -1.7000
v 31.5000 -1.2200 1.7000
v 31.0000 -1.2200 1.7000
v 31.0000 -1.0800 -1.7000
v 31.5000 -1.0800 -1.7000
v 31.5000 -1.0800 1.7000
v 31.0000 -1.0800 1.7000
v 32.0000 -1.2200 -1.7000
v 32.5000 -1.2200 -1.7000
v 32.5000 -1.2200 1.7000
v 32.0000 -1.2200 1.7000
v 32.0000 -1.0800 -1.7000
v 32.5000 -1.0800 -1.7000
v 32.5000 -1.0800 1.7000
v 32.0000 -1.0800 1.7000
v 33.0000 -1.2200 -1.7000
v 33.5000 -1.2200 -1.7000
v 33.5000 -1.2200 1.7000
v 33.0000 -1.2200 1.7000
v 33.0000 -1.0800 -1.7000
v 33.5000 -1.0800 -1.7000
v 33.5000 -1.0800 1.7000
v 33.0000 -1.0800 1.7000
v 34.0000 -1.2200 -1.7000
v 34.5000 -1.2200 -1.7000
v 34.5000 -1.2200 1.7000
v 34.0000 -1.2200 1.7000
v 34.0000 -1.0800 -1.7000
v 34.5000 -1.0800 -1.7000
v 34.5000 -1.0800 1.7000
v 34.0000 -1.0800 1.7000
v 35.0000 -1.2200 -1.7000
v 35.5000 -1.2200 -1.7000
v 35.5000 -1.2200 1.7000
v 35.0000 -1.2200 1.7000
v 35.0000 -1.0800 -1.7000
v 35.5000 -1.0800 -1.7000
v 35.5000 -1.0800 1.7000
v 35.0000 -1.0800 1.7000
v 36.0000 -1.2200 -1.7000
v 36.5000 -1.2200 -1.7000
v 36.5000 -1.2200 1.7000
v 36.0000 -1.2200 1.7000
v 36.0000 -1.0800 -1.7000
v 36.5000 -1.0800 -1.7000
v 36.5000 -1.0800 1.7000
v 36.0000 -1.0800 1.7000
v -38.0000 -1.1400 1.0200
v 38.0000 -1.1400 1.0200
v 38.0000 -1.1400 1.1200
v -38.0000 -1.1400 1.1200
v -38.0000 -0.9400 1.0200
v 38.0000 -0.9400 1.0200
v 38.0000 -0.9400 1.1200
v -38.0000 -0.9400 1.1200
v -36.0800 -1.3400 0.9900
v -35.9200 -1.3400 0.9900
v -35.9200 -1.3400 1.1500
v -36.0800 -1.3400 1.1500
v -36.0800 -1.0600 0.9900
v -35.9200 -1.0600 0.9900
v -35.9200 -1.0600 1.1500
v -36.0800 -1.0600 1.1500
v -30.0800 -1.3400 0.9900
v -29.9200 -1.3400 0.9900
v -29.9200 -1.3400 1.1500
v -30.0800 -1.3400 1.1500
v -30.0800 -1.0600 0.9900
v -29.9200 -1.0600 0.9900
v -29.9200 -1.0600 1.1500
v -30.0800 -1.0600 1.1500
v -24.0800 -1.3400 0.9900
v -23.9200 -1.3400 0.9900
v -23.9200 -1.3400 1.1500
v -24.0800 -1.3400 1.1500
v -24.0800 -1.0600 0.9900
v -23.9200 -1.0600 0.9900
v -23.9200 -1.0600 1.1500
v -24.0800 -1.0600 1.1500
v -18.0800 -1.3400 0.9900
v -17.9200 -1.3400 0.9900
v -17.9200 -1.3400 1.1500
v -18.0800 -1.3400 1.1500
v -18.0800 -1.0600 0.9900
v -17.9200 -1.0600 0.9900
v -17.9200 -1.0600 1.1500
v -18.0800 -1.0600 1.1500
v -12.0800 -1.3400 0.9900
v -11.9200 -1.3400 0.9900
v -11.9200 -1.3400 1.1500
v -12.0800 -1.3400 1.1500
v -12.0800 -1.0600 0.9900
v -11.9200 -1.0600 0.9900
v -11.9200 -1.0600 1.1500
v -12.0800 -1.0600 1.1500
v -6.0800 -1.3400 0.9900
v -5.9200 -1.3400 0.9900
v -5.9200 -1.3400 1.1500
v -6.0800 -1.3400 1.1500
v -6.0800 -1.0600 0.9900
v -5.9200 -1.0600 0.9900
v -5.9200 -1.0600 1.1500
v -6.0800 -1.0600 1.1500
v -0.0800 -1.3400 0.9900
v 0.0800 -1.3400 0.9900
v 0.0800 -1.3400 1.1500
v -0.0800 -1.3400 1.1500
v -0.0800 -1.0600 0.9900
v 0.0800 -1.0600 0.9900
v 0.0800 -1.0600 1.1500
v -0.0800 -1.0600 1.1500
v 5.9200 -1.3400 0.9900
v 6.0800 -1.3400 0.9900
v 6.0800 -1.3400 1.1500
v 5.9200 -1.3400 1.1500
v 5.9200 -1.0600 0.9900
v 6.0800 -1.0600 0.9900
v 6.0800 -1.0600 1.1500
v 5.9200 -1.0600 1.1500
v 11.9200 -1.3400 0.9900
v 12.0800 -1.3400 0.9900
v 12.0800 -1.3400 1.1500
v 11.9200 -1.3400 1.1500
v 11.9200 -1.0600 0.9900
v 12.0800 -1.0600 0.9900
v 12.0800 -1.0600 1.1500
v 11.9200 -1.0600 1.1500
v 17.9200 -1.3400 0.9900
v 18.0800 -1.3400 0.9900
v 18.0800 -1.3400 1.1500
v 17.9200 -1.3400 1.1500
v 17.9200 -1.0600 0.9900
v 18.0800 -1.0600 0.9900
v 18.0800 -1.0600 1.1500
v 17.9200 -1.0600 1.1500
v 23.9200 -1.3400 0.9900
v 24.0800 -1.3400 0.9900
v 24.0800 -1.3400 1.1500
v 23.9200 -1.3400 1.1500
v 23.9200 -1.0600 0.9900
v 24.0800 -1.0600 0.9900
v 24.0800 -1.0600 1.1500
v 23.9200 -1.0600 1.1500
v 29.9200 -1.3400 0.9900
v 30.0800 -1.3400 0.9900
v 30.0800 -1.3400 1.1500
v 29.9200 -1.3400 1.1500
v 29.9200 -1.0600 0.9900
v 30.0800 -1.0600 0.9900
v 30.0800 -1.0600 1.1500
v 29.9200 -1.0600 1.1500
v 35.9200 -1.3400 0.9900
v 36.0800 -1.3400 0.9900
v 36.0800 -1.3400 1.1500
v 35.9200 -1.3400 1.1500
v 35.9200 -1.0600 0.9900
v 36.0800 -1.0600 0.9900
v 36.0800 -1.0600 1.1500
v 35.9200 -1.0600 1.1500
v -30.2750 -0.4750 5.0250
v -29.7250 -0.4750 5.0250
v -29.7250 -0.4750 5.5750
v -30.2750 -0.4750 5.5750
v -30.2750 0.4750 5.0250
v -29.7250 0.4750 5.0250
v -29.7250 0.4750 5.5750
v -30.2750 0.4750 5.5750
v -2.2750 -0.4750 5.0250
v -1.7250 -0.4750 5.0250
v -1.7250 -0.4750 5.5750
v -2.2750 -0.4750 5.5750
v -2.2750 0.4750 5.0250
v -1.7250 0.4750 5.0250
v -1.7250 0.4750 5.5750
v -2.2750 0.4750 5.5750
v 25.7250 -0.4750 5.0250
v 26.2750 -0.4750 5.0250
v 26.2750 -0.4750 5.5750
v 25.7250 -0.4750 5.5750
v 25.7250 0.4750 5.0250
v 26.2750 0.4750 5.0250
v 26.2750 0.4750 5.5750
v 25.7250 0.4750 5.5750
v -20.2750 -0.4750 -5.5750
v -19.7250 -0.4750 -5.5750
v -19.7250 -0.4750 -5.0250
v -20.2750 -0.4750 -5.0250
v -20.2750 0.4750 -5.5750
v -19.7250 0.4750 -5.5750
v -19.7250 0.4750 -5.0250
v -20.2750 0.4750 -5.0250
v 9.7250 -0.4750 -5.5750
v 10.2750 -0.4750 -5.5750
v 10.2750 -0.4750 -5.0250
v 9.7250 -0.4750 -5.0250
v 9.7250 0.4750 -5.5750
v 10.2750 0.4750 -5.5750
v 10.2750 0.4750 -5.0250
v 9.7250 0.4750 -5.0250
v 29.7250 -0.4750 -5.5750
v 30.2750 -0.4750 -5.5750
v 30.2750 -0.4750 -5.0250
v 29.7250 -0.4750 -5.0250
v 29.7250 0.4750 -5.5750
v 30.2750 0.4750 -5.5750
v 30.2750 0.4750 -5.0250
v 29.7250 0.4750 -5.0250
v -31.0000 -0.2500 15.1000
v -29.0000 -0.2500 15.1000
v -29.0000 -0.2500 15.7000
v -31.0000 -0.2500 15.7000
v -31.0000 0.2500 15.1000
v -29.0000 0.2500 15.1000
v -29.0000 0.2500 15.7000
v -31.0000 0.2500 15.7000
v -11.0000 -0.2500 15.1000
v -9.0000 -0.2500 15.1000
v -9.0000 -0.2500 15.7000
v -11.0000 -0.2500 15.7000
v -11.0000 0.2500 15.1000
v -9.0000 0.2500 15.1000
v -9.0000 0.2500 15.7000
v -11.0000 0.2500 15.7000
v 13.0000 -0.2500 15.1000
v 15.0000 -0.2500 15.1000
v 15.0000 -0.2500 15.7000
v 13.0000 -0.2500 15.7000
v 13.0000 0.2500 15.1000
v 15.0000 0.2500 15.1000
v 15.0000 0.2500 15.7000
v 13.0000 0.2500 15.7000
v 29.0000 -0.2500 15.1000
v 31.0000 -0.2500 15.1000
v 31.0000 -0.2500 15.7000
v 29.0000 -0.2500 15.7000
v 29.0000 0.2500 15.1000
v 31.0000 0.2500 15.1000
v 31.0000 0.2500 15.7000
v 29.0000 0.2500 15.7000
v -34.2500 0.8500 -5.7300
v -33.7500 0.8500 -5.7300
v -33.7500 0.8500 -5.5700
v -34.2500 0.8500 -5.5700
v -34.2500 1.5500 -5.7300
v -33.7500 1.5500 -5.7300
v -33.7500 1.5500 -5.5700
v -34.2500 1.5500 -5.5700
v -0.2500 0.8500 -5.7300
v 0.2500 0.8500 -5.7300
v 0.2500 0.8500 -5.5700
v -0.2500 0.8500 -5.5700
v -0.2500 1.5500 -5.7300
v 0.2500 1.5500 -5.7300
v 0.2500 1.5500 -5.5700
v -0.2500 1.5500 -5.5700
v 33.7500 0.8500 -5.7300
v 34.2500 0.8500 -5.7300
v 34.2500 0.8500 -5.5700
v 33.7500 0.8500 -5.5700
v 33.7500 1.5500 -5.7300
v 34.2500 1.5500 -5.7300
v 34.2500 1.5500 -5.5700
v 33.7500 1.5500 -5.5700
v -16.4500 0.2000 -8.4000
v -15.5500 0.2000 -8.4000
v -15.5500 0.2000 -8.3000
v -16.4500 0.2000 -8.3000
v -16.4500 0.8000 -8.4000
v -15.5500 0.8000 -8.4000
v -15.5500 0.8000 -8.3000
v -16.4500 0.8000 -8.3000
v 15.5500 0.2000 -8.4000
v 16.4500 0.2000 -8.4000
v 16.4500 0.2000 -8.3000
v 15.5500 0.2000 -8.3000
v 15.5500 0.8000 -8.4000
v 16.4500 0.8000 -8.4000
v 16.4500 0.8000 -8.3000
v 15.5500 0.8000 -8.3000
v -12.2000 0.0100 3.4500
v -11.8000 0.0100 3.4500
v -11.8000 0.0100 3.7500
v -12.2000 0.0100 3.7500
v -12.2000 0.0300 3.4500
v -11.8000 0.0300 3.4500
v -11.8000 0.0300 3.7500
v -12.2000 0.0300 3.7500
v 5.8000 0.0100 -3.7500
v 6.2000 0.0100 -3.7500
v 6.2000 0.0100 -3.4500
v 5.8000 0.0100 -3.4500
v 5.8000 0.0300 -3.7500
v 6.2000 0.0300 -3.7500
v 6.2000 0.0300 -3.4500
v 5.8000 0.0300 -3.4500
v -3.2000 -1.1900 0.1500
v -2.8000 -1.1900 0.1500
v -2.8000 -1.1900 0.4500
v -3.2000 -1.1900 0.4500
v -3.2000 -1.1700 0.1500
v -2.8000 -1.1700 0.1500
v -2.8000 -1.1700 0.4500
v -3.2000 -1.1700 0.4500
v 19.8000 -1.1900 -0.5500
v 20.2000 -1.1900 -0.5500
v 20.2000 -1.1900 -0.2500
v 19.8000 -1.1900 -0.2500
v 19.8000 -1.1700 -0.5500
v 20.2000 -1.1700 -0.5500
v 20.2000 -1.1700 -0.2500
v 19.8000 -1.1700 -0.2500
v 27.8000 0.0100 10.3500
v 28.2000 0.0100 10.3500
v 28.2000 0.0100 10.6500
v 27.8000 0.0100 10.6500
v 27.8000 0.0300 10.3500
v 28.2000 0.0300 10.3500
v 28.2000 0.0300 10.6500
v 27.8000 0.0300 10.6500
o ad
usemtl ad
f 5703 5702 5701
f 5704 5703 5701
f 5698 5699 5700
f 5697 5698 5700
f 5702 5698 5697
f 5701 5702 5697
f 5704 5700 5699
f 5703 5704 5699
f 5703 5699 5698
f 5702 5703 5698
f 5701 5697 5700
f 5704 5701 5700
f 5719 5718 5717
f 5720 5719 5717
f 5714 5715 5716
f 5713 5714 5716
f 5718 5714 5713
f 5717 5718 5713
f 5720 5716 5715
f 5719 5720 5715
f 5719 5715 5714
f 5718 5719 5714
f 5717 5713 5716
f 5720 5717 5716
usemtl ad_ub
f 9119 9118 9117
f 9120 9119 9117
f 9114 9115 9116
f 9113 9114 9116
f 9118 9114 9113
f 9117 9118 9113
f 9120 9116 9115
f 9119 9120 9115
f 9119 9115 9114
f 9118 9119 9114
f 9117 9113 9116
f 9120 9117 9116
f 9135 9134 9133
f 9136 9135 9133
f 9130 9131 9132
f 9129 9130 9132
f 9134 9130 9129
f 9133 9134 9129
f 9136 9132 9131
f 9135 9136 9131
f 9135 9131 9130
f 9134 9135 9130
f 9133 9129 9132
f 9136 9133 9132
f 9151 9150 9149
f 9152 9151 9149
f 9146 9147 9148
f 9145 9146 9148
f 9150 9146 9145
f 9149 9150 9145
f 9152 9148 9147
f 9151 9152 9147
f 9151 9147 9146
f 9150 9151 9146
f 9149 9145 9148
f 9152 9149 9148
f 9167 9166 9165
f 9168 9167 9165
f 9162 9163 9164
f 9161 9162 9164
f 9166 9162 9161
f 9165 9166 9161
f 9168 9164 9163
f 9167 9168 9163
f 9167 9163 9162
f 9166 9167 9162
f 9165 9161 9164
f 9168 9165 9164
usemtl ad_ld
f 9183 9182 9181
f 9184 9183 9181
f 9178 9179 9180
f 9177 9178 9180
f 9182 9178 9177
f 9181 9182 9177
f 9184 9180 9179
f 9183 9184 9179
f 9183 9179 9178
f 9182 9183 9178
f 9181 9177 9180
f 9184 9181 9180
f 9199 9198 9197
f 9200 9199 9197
f 9194 9195 9196
f 9193 9194 9196
f 9198 9194 9193
f 9197 9198 9193
f 9200 9196 9195
f 9199 9200 9195
f 9199 9195 9194
f 9198 9199 9194
f 9197 9193 9196
f 9200 9197 9196
f 9215 9214 9213
f 9216 9215 9213
f 9210 9211 9212
f 9209 9210 9212
f 9214 9210 9209
f 9213 9214 9209
f 9216 9212 9211
f 9215 9216 9211
f 9215 9211 9210
f 9214 9215 9210
f 9213 9209 9212
f 9216 9213 9212
f 9231 9230 9229
f 9232 9231 9229
f 9226 9227 9228
f 9225 9226 9228
f 9230 9226 9225
f 9229 9230 9225
f 9232 9228 9227
f 9231 9232 9227
f 9231 9227 9226
f 9230 9231 9226
f 9229 9225 9228
f 9232 9229 9228
usemtl ad_gf
f 9295 9294 9293
f 9296 9295 9293
f 9290 9291 9292
f 9289 9290 9292
f 9294 9290 9289
f 9293 9294 9289
f 9296 9292 9291
f 9295 9296 9291
f 9295 9291 9290
f 9294 9295 9290
f 9293 9289 9292
f 9296 9293 9292
o beam
usemtl beam
f 8359 8358 8357
f 8360 8359 8357
f 8354 8355 8356
f 8353 8354 8356
f 8358 8354 8353
f 8357 8358 8353
f 8360 8356 8355
f 8359 8360 8355
f 8359 8355 8354
f 8358 8359 8354
f 8357 8353 8356
f 8360 8357 8356
f 8367 8366 8365
f 8368 8367 8365
f 8362 8363 8364
f 8361 8362 8364
f 8366 8362 8361
f 8365 8366 8361
f 8368 8364 8363
f 8367 8368 8363
f 8367 8363 8362
f 8366 8367 8362
f 8365 8361 8364
f 8368 8365 8364
f 8375 8374 8373
f 8376 8375 8373
f 8370 8371 8372
f 8369 8370 8372
f 8374 8370 8369
f 8373 8374 8369
f 8376 8372 8371
f 8375 8376 8371
f 8375 8371 8370
f 8374 8375 8370
f 8373 8369 8372
f 8376 8373 8372
f 8383 8382 8381
f 8384 8383 8381
f 8378 8379 8380
f 8377 8378 8380
f 8382 8378 8377
f 8381 8382 8377
f 8384 8380 8379
f 8383 8384 8379
f 8383 8379 8378
f 8382 8383 8378
f 8381 8377 8380
f 8384 8381 8380
f 8391 8390 8389
f 8392 8391 8389
f 8386 8387 8388
f 8385 8386 8388
f 8390 8386 8385
f 8389 8390 8385
f 8392 8388 8387
f 8391 8392 8387
f 8391 8387 8386
f 8390 8391 8386
f 8389 8385 8388
f 8392 8389 8388
f 8399 8398 8397
f 8400 8399 8397
f 8394 8395 8396
f 8393 8394 8396
f 8398 8394 8393
f 8397 8398 8393
f 8400 8396 8395
f 8399 8400 8395
f 8399 8395 8394
f 8398 8399 8394
f 8397 8393 8396
f 8400 8397 8396
f 8407 8406 8405
f 8408 8407 8405
f 8402 8403 8404
f 8401 8402 8404
f 8406 8402 8401
f 8405 8406 8401
f 8408 8404 8403
f 8407 8408 8403
f 8407 8403 8402
f 8406 8407 8402
f 8405 8401 8404
f 8408 8405 8404
f 8415 8414 8413
f 8416 8415 8413
f 8410 8411 8412
f 8409 8410 8412
f 8414 8410 8409
f 8413 8414 8409
f 8416 8412 8411
f 8415 8416 8411
f 8415 8411 8410
f 8414 8415 8410
f 8413 8409 8412
f 8416 8413 8412
f 8423 8422 8421
f 8424 8423 8421
f 8418 8419 8420
f 8417 8418 8420
f 8422 8418 8417
f 8421 8422 8417
f 8424 8420 8419
f 8423 8424 8419
f 8423 8419 8418
f 8422 8423 8418
f 8421 8417 8420
f 8424 8421 8420
f 8431 8430 8429
f 8432 8431 8429
f 8426 8427 8428
f 8425 8426 8428
f 8430 8426 8425
f 8429 8430 8425
f 8432 8428 8427
f 8431 8432 8427
f 8431 8427 8426
f 8430 8431 8426
f 8429 8425 8428
f 8432 8429 8428
f 8439 8438 8437
f 8440 8439 8437
f 8434 8435 8436
f 8433 8434 8436
f 8438 8434 8433
f 8437 8438 8433
f 8440 8436 8435
f 8439 8440 8435
f 8439 8435 8434
f 8438 8439 8434
f 8437 8433 8436
f 8440 8437 8436
f 8447 8446 8445
f 8448 8447 8445
f 8442 8443 8444
f 8441 8442 8444
f 8446 8442 8441
f 8445 8446 8441
f 8448 8444 8443
f 8447 8448 8443
f 8447 8443 8442
f 8446 8447 8442
f 8445 8441 8444
f 8448 8445 8444
f 8455 8454 8453
f 8456 8455 8453
f 8450 8451 8452
f 8449 8450 8452
f 8454 8450 8449
f 8453 8454 8449
f 8456 8452 8451
f 8455 8456 8451
f 8455 8451 8450
f 8454 8455 8450
f 8453 8449 8452
f 8456 8453 8452
f 8463 8462 8461
f 8464 8463 8461
f 8458 8459 8460
f 8457 8458 8460
f 8462 8458 8457
f 8461 8462 8457
f 8464 8460 8459
f 8463 8464 8459
f 8463 8459 8458
f 8462 8463 8458
f 8461 8457 8460
f 8464 8461 8460
f 8471 8470 8469
f 8472 8471 8469
f 8466 8467 8468
f 8465 8466 8468
f 8470 8466 8465
f 8469 8470 8465
f 8472 8468 8467
f 8471 8472 8467
f 8471 8467 8466
f 8470 8471 8466
f 8469 8465 8468
f 8472 8469 8468
f 8479 8478 8477
f 8480 8479 8477
f 8474 8475 8476
f 8473 8474 8476
f 8478 8474 8473
f 8477 8478 8473
f 8480 8476 8475
f 8479 8480 8475
f 8479 8475 8474
f 8478 8479 8474
f 8477 8473 8476
f 8480 8477 8476
f 8487 8486 8485
f 8488 8487 8485
f 8482 8483 8484
f 8481 8482 8484
f 8486 8482 8481
f 8485 8486 8481
f 8488 8484 8483
f 8487 8488 8483
f 8487 8483 8482
f 8486 8487 8482
f 8485 8481 8484
f 8488 8485 8484
f 8495 8494 8493
f 8496 8495 8493
f 8490 8491 8492
f 8489 8490 8492
f 8494 8490 8489
f 8493 8494 8489
f 8496 8492 8491
f 8495 8496 8491
f 8495 8491 8490
f 8494 8495 8490
f 8493 8489 8492
f 8496 8493 8492
f 8503 8502 8501
f 8504 8503 8501
f 8498 8499 8500
f 8497 8498 8500
f 8502 8498 8497
f 8501 8502 8497
f 8504 8500 8499
f 8503 8504 8499
f 8503 8499 8498
f 8502 8503 8498
f 8501 8497 8500
f 8504 8501 8500
f 8511 8510 8509
f 8512 8511 8509
f 8506 8507 8508
f 8505 8506 8508
f 8510 8506 8505
f 8509 8510 8505
f 8512 8508 8507
f 8511 8512 8507
f 8511 8507 8506
f 8510 8511 8506
f 8509 8505 8508
f 8512 8509 8508
f 8519 8518 8517
f 8520 8519 8517
f 8514 8515 8516
f 8513 8514 8516
f 8518 8514 8513
f 8517 8518 8513
f 8520 8516 8515
f 8519 8520 8515
f 8519 8515 8514
f 8518 8519 8514
f 8517 8513 8516
f 8520 8517 8516
f 8527 8526 8525
f 8528 8527 8525
f 8522 8523 8524
f 8521 8522 8524
f 8526 8522 8521
f 8525 8526 8521
f 8528 8524 8523
f 8527 8528 8523
f 8527 8523 8522
f 8526 8527 8522
f 8525 8521 8524
f 8528 8525 8524
f 8535 8534 8533
f 8536 8535 8533
f 8530 8531 8532
f 8529 8530 8532
f 8534 8530 8529
f 8533 8534 8529
f 8536 8532 8531
f 8535 8536 8531
f 8535 8531 8530
f 8534 8535 8530
f 8533 8529 8532
f 8536 8533 8532
f 8543 8542 8541
f 8544 8543 8541
f 8538 8539 8540
f 8537 8538 8540
f 8542 8538 8537
f 8541 8542 8537
f 8544 8540 8539
f 8543 8544 8539
f 8543 8539 8538
f 8542 8543 8538
f 8541 8537 8540
f 8544 8541 8540
f 8551 8550 8549
f 8552 8551 8549
f 8546 8547 8548
f 8545 8546 8548
f 8550 8546 8545
f 8549 8550 8545
f 8552 8548 8547
f 8551 8552 8547
f 8551 8547 8546
f 8550 8551 8546
f 8549 8545 8548
f 8552 8549 8548
f 8559 8558 8557
f 8560 8559 8557
f 8554 8555 8556
f 8553 8554 8556
f 8558 8554 8553
f 8557 8558 8553
f 8560 8556 8555
f 8559 8560 8555
f 8559 8555 8554
f 8558 8559 8554
f 8557 8553 8556
f 8560 8557 8556
f 8567 8566 8565
f 8568 8567 8565
f 8562 8563 8564
f 8561 8562 8564
f 8566 8562 8561
f 8565 8566 8561
f 8568 8564 8563
f 8567 8568 8563
f 8567 8563 8562
f 8566 8567 8562
f 8565 8561 8564
f 8568 8565 8564
f 8575 8574 8573
f 8576 8575 8573
f 8570 8571 8572
f 8569 8570 8572
f 8574 8570 8569
f 8573 8574 8569
f 8576 8572 8571
f 8575 8576 8571
f 8575 8571 8570
f 8574 8575 8570
f 8573 8569 8572
f 8576 8573 8572
f 8583 8582 8581
f 8584 8583 8581
f 8578 8579 8580
f 8577 8578 8580
f 8582 8578 8577
f 8581 8582 8577
f 8584 8580 8579
f 8583 8584 8579
f 8583 8579 8578
f 8582 8583 8578
f 8581 8577 8580
f 8584 8581 8580
f 8591 8590 8589
f 8592 8591 8589
f 8586 8587 8588
f 8585 8586 8588
f 8590 8586 8585
f 8589 8590 8585
f 8592 8588 8587
f 8591 8592 8587
f 8591 8587 8586
f 8590 8591 8586
f 8589 8585 8588
f 8592 8589 8588
f 8599 8598 8597
f 8600 8599 8597
f 8594 8595 8596
f 8593 8594 8596
f 8598 8594 8593
f 8597 8598 8593
f 8600 8596 8595
f 8599 8600 8595
f 8599 8595 8594
f 8598 8599 8594
f 8597 8593 8596
f 8600 8597 8596
f 8607 8606 8605
f 8608 8607 8605
f 8602 8603 8604
f 8601 8602 8604
f 8606 8602 8601
f 8605 8606 8601
f 8608 8604 8603
f 8607 8608 8603
f 8607 8603 8602
f 8606 8607 8602
f 8605 8601 8604
f 8608 8605 8604
f 8615 8614 8613
f 8616 8615 8613
f 8610 8611 8612
f 8609 8610 8612
f 8614 8610 8609
f 8613 8614 8609
f 8616 8612 8611
f 8615 8616 8611
f 8615 8611 8610
f 8614 8615 8610
f 8613 8609 8612
f 8616 8613 8612
f 8623 8622 8621
f 8624 8623 8621
f 8618 8619 8620
f 8617 8618 8620
f 8622 8618 8617
f 8621 8622 8617
f 8624 8620 8619
f 8623 8624 8619
f 8623 8619 8618
f 8622 8623 8618
f 8621 8617 8620
f 8624 8621 8620
f 8631 8630 8629
f 8632 8631 8629
f 8626 8627 8628
f 8625 8626 8628
f 8630 8626 8625
f 8629 8630 8625
f 8632 8628 8627
f 8631 8632 8627
f 8631 8627 8626
f 8630 8631 8626
f 8629 8625 8628
f 8632 8629 8628
f 8639 8638 8637
f 8640 8639 8637
f 8634 8635 8636
f 8633 8634 8636
f 8638 8634 8633
f 8637 8638 8633
f 8640 8636 8635
f 8639 8640 8635
f 8639 8635 8634
f 8638 8639 8634
f 8637 8633 8636
f 8640 8637 8636
f 8647 8646 8645
f 8648 8647 8645
f 8642 8643 8644
f 8641 8642 8644
f 8646 8642 8641
f 8645 8646 8641
f 8648 8644 8643
f 8647 8648 8643
f 8647 8643 8642
f 8646 8647 8642
f 8645 8641 8644
f 8648 8645 8644
f 8655 8654 8653
f 8656 8655 8653
f 8650 8651 8652
f 8649 8650 8652
f 8654 8650 8649
f 8653 8654 8649
f 8656 8652 8651
f 8655 8656 8651
f 8655 8651 8650
f 8654 8655 8650
f 8653 8649 8652
f 8656 8653 8652
f 8663 8662 8661
f 8664 8663 8661
f 8658 8659 8660
f 8657 8658 8660
f 8662 8658 8657
f 8661 8662 8657
f 8664 8660 8659
f 8663 8664 8659
f 8663 8659 8658
f 8662 8663 8658
f 8661 8657 8660
f 8664 8661 8660
f 8671 8670 8669
f 8672 8671 8669
f 8666 8667 8668
f 8665 8666 8668
f 8670 8666 8665
f 8669 8670 8665
f 8672 8668 8667
f 8671 8672 8667
f 8671 8667 8666
f 8670 8671 8666
f 8669 8665 8668
f 8672 8669 8668
f 8679 8678 8677
f 8680 8679 8677
f 8674 8675 8676
f 8673 8674 8676
f 8678 8674 8673
f 8677 8678 8673
f 8680 8676 8675
f 8679 8680 8675
f 8679 8675 8674
f 8678 8679 8674
f 8677 8673 8676
f 8680 8677 8676
f 8687 8686 8685
f 8688 8687 8685
f 8682 8683 8684
f 8681 8682 8684
f 8686 8682 8681
f 8685 8686 8681
f 8688 8684 8683
f 8687 8688 8683
f 8687 8683 8682
f 8686 8687 8682
f 8685 8681 8684
f 8688 8685 8684
f 8695 8694 8693
f 8696 8695 8693
f 8690 8691 8692
f 8689 8690 8692
f 8694 8690 8689
f 8693 8694 8689
f 8696 8692 8691
f 8695 8696 8691
f 8695 8691 8690
f 8694 8695 8690
f 8693 8689 8692
f 8696 8693 8692
f 8703 8702 8701
f 8704 8703 8701
f 8698 8699 8700
f 8697 8698 8700
f 8702 8698 8697
f 8701 8702 8697
f 8704 8700 8699
f 8703 8704 8699
f 8703 8699 8698
f 8702 8703 8698
f 8701 8697 8700
f 8704 8701 8700
f 8711 8710 8709
f 8712 8711 8709
f 8706 8707 8708
f 8705 8706 8708
f 8710 8706 8705
f 8709 8710 8705
f 8712 8708 8707
f 8711 8712 8707
f 8711 8707 8706
f 8710 8711 8706
f 8709 8705 8708
f 8712 8709 8708
o booth
usemtl conc_d
f 8271 8270 8269
f 8272 8271 8269
f 8266 8267 8268
f 8265 8266 8268
f 8270 8266 8265
f 8269 8270 8265
f 8272 8268 8267
f 8271 8272 8267
f 8271 8267 8266
f 8270 8271 8266
f 8269 8265 8268
f 8272 8269 8268
usemtl sign_lt
f 8279 8278 8277
f 8280 8279 8277
f 8274 8275 8276
f 8273 8274 8276
f 8278 8274 8273
f 8277 8278 8273
f 8280 8276 8275
f 8279 8280 8275
f 8279 8275 8274
f 8278 8279 8274
f 8277 8273 8276
f 8280 8277 8276
o car
usemtl steel
f 6663 6662 6661
f 6664 6663 6661
f 6658 6659 6660
f 6657 6658 6660
f 6662 6658 6657
f 6661 6662 6657
f 6664 6660 6659
f 6663 6664 6659
f 6663 6659 6658
f 6662 6663 6658
f 6661 6657 6660
f 6664 6661 6660
f 6959 6958 6957
f 6960 6959 6957
f 6954 6955 6956
f 6953 6954 6956
f 6958 6954 6953
f 6957 6958 6953
f 6960 6956 6955
f 6959 6960 6955
f 6959 6955 6954
f 6958 6959 6954
f 6957 6953 6956
f 6960 6957 6956
f 6971 6972 6973
f 6961 6963 6962
f 6971 6973 6974
f 6961 6964 6963
f 6971 6974 6975
f 6961 6965 6964
f 6971 6975 6976
f 6961 6966 6965
f 6971 6976 6977
f 6961 6967 6966
f 6971 6977 6978
f 6961 6968 6967
f 6971 6978 6979
f 6961 6969 6968
f 6971 6979 6980
f 6961 6970 6969
f 6961 6962 6972
f 6961 6972 6971
f 6962 6963 6973
f 6962 6973 6972
f 6963 6964 6974
f 6963 6974 6973
f 6964 6965 6975
f 6964 6975 6974
f 6965 6966 6976
f 6965 6976 6975
f 6966 6967 6977
f 6966 6977 6976
f 6967 6968 6978
f 6967 6978 6977
f 6968 6969 6979
f 6968 6979 6978
f 6969 6970 6980
f 6969 6980 6979
f 6970 6961 6971
f 6970 6971 6980
f 6991 6992 6993
f 6981 6983 6982
f 6991 6993 6994
f 6981 6984 6983
f 6991 6994 6995
f 6981 6985 6984
f 6991 6995 6996
f 6981 6986 6985
f 6991 6996 6997
f 6981 6987 6986
f 6991 6997 6998
f 6981 6988 6987
f 6991 6998 6999
f 6981 6989 6988
f 6991 6999 7000
f 6981 6990 6989
f 6981 6982 6992
f 6981 6992 6991
f 6982 6983 6993
f 6982 6993 6992
f 6983 6984 6994
f 6983 6994 6993
f 6984 6985 6995
f 6984 6995 6994
f 6985 6986 6996
f 6985 6996 6995
f 6986 6987 6997
f 6986 6997 6996
f 6987 6988 6998
f 6987 6998 6997
f 6988 6989 6999
f 6988 6999 6998
f 6989 6990 7000
f 6989 7000 6999
f 6990 6981 6991
f 6990 6991 7000
f 7011 7012 7013
f 7001 7003 7002
f 7011 7013 7014
f 7001 7004 7003
f 7011 7014 7015
f 7001 7005 7004
f 7011 7015 7016
f 7001 7006 7005
f 7011 7016 7017
f 7001 7007 7006
f 7011 7017 7018
f 7001 7008 7007
f 7011 7018 7019
f 7001 7009 7008
f 7011 7019 7020
f 7001 7010 7009
f 7001 7002 7012
f 7001 7012 7011
f 7002 7003 7013
f 7002 7013 7012
f 7003 7004 7014
f 7003 7014 7013
f 7004 7005 7015
f 7004 7015 7014
f 7005 7006 7016
f 7005 7016 7015
f 7006 7007 7017
f 7006 7017 7016
f 7007 7008 7018
f 7007 7018 7017
f 7008 7009 7019
f 7008 7019 7018
f 7009 7010 7020
f 7009 7020 7019
f 7010 7001 7011
f 7010 7011 7020
f 7031 7032 7033
f 7021 7023 7022
f 7031 7033 7034
f 7021 7024 7023
f 7031 7034 7035
f 7021 7025 7024
f 7031 7035 7036
f 7021 7026 7025
f 7031 7036 7037
f 7021 7027 7026
f 7031 7037 7038
f 7021 7028 7027
f 7031 7038 7039
f 7021 7029 7028
f 7031 7039 7040
f 7021 7030 7029
f 7021 7022 7032
f 7021 7032 7031
f 7022 7023 7033
f 7022 7033 7032
f 7023 7024 7034
f 7023 7034 7033
f 7024 7025 7035
f 7024 7035 7034
f 7025 7026 7036
f 7025 7036 7035
f 7026 7027 7037
f 7026 7037 7036
f 7027 7028 7038
f 7027 7038 7037
f 7028 7029 7039
f 7028 7039 7038
f 7029 7030 7040
f 7029 7040 7039
f 7030 7021 7031
f 7030 7031 7040
f 7047 7046 7045
f 7048 7047 7045
f 7042 7043 7044
f 7041 7042 7044
f 7046 7042 7041
f 7045 7046 7041
f 7048 7044 7043
f 7047 7048 7043
f 7047 7043 7042
f 7046 7047 7042
f 7045 7041 7044
f 7048 7045 7044
f 7059 7060 7061
f 7049 7051 7050
f 7059 7061 7062
f 7049 7052 7051
f 7059 7062 7063
f 7049 7053 7052
f 7059 7063 7064
f 7049 7054 7053
f 7059 7064 7065
f 7049 7055 7054
f 7059 7065 7066
f 7049 7056 7055
f 7059 7066 7067
f 7049 7057 7056
f 7059 7067 7068
f 7049 7058 7057
f 7049 7050 7060
f 7049 7060 7059
f 7050 7051 7061
f 7050 7061 7060
f 7051 7052 7062
f 7051 7062 7061
f 7052 7053 7063
f 7052 7063 7062
f 7053 7054 7064
f 7053 7064 7063
f 7054 7055 7065
f 7054 7065 7064
f 7055 7056 7066
f 7055 7066 7065
f 7056 7057 7067
f 7056 7067 7066
f 7057 7058 7068
f 7057 7068 7067
f 7058 7049 7059
f 7058 7059 7068
f 7079 7080 7081
f 7069 7071 7070
f 7079 7081 7082
f 7069 7072 7071
f 7079 7082 7083
f 7069 7073 7072
f 7079 7083 7084
f 7069 7074 7073
f 7079 7084 7085
f 7069 7075 7074
f 7079 7085 7086
f 7069 7076 7075
f 7079 7086 7087
f 7069 7077 7076
f 7079 7087 7088
f 7069 7078 7077
f 7069 7070 7080
f 7069 7080 7079
f 7070 7071 7081
f 7070 7081 7080
f 7071 7072 7082
f 7071 7082 7081
f 7072 7073 7083
f 7072 7083 7082
f 7073 7074 7084
f 7073 7084 7083
f 7074 7075 7085
f 7074 7085 7084
f 7075 7076 7086
f 7075 7086 7085
f 7076 7077 7087
f 7076 7087 7086
f 7077 7078 7088
f 7077 7088 7087
f 7078 7069 7079
f 7078 7079 7088
f 7099 7100 7101
f 7089 7091 7090
f 7099 7101 7102
f 7089 7092 7091
f 7099 7102 7103
f 7089 7093 7092
f 7099 7103 7104
f 7089 7094 7093
f 7099 7104 7105
f 7089 7095 7094
f 7099 7105 7106
f 7089 7096 7095
f 7099 7106 7107
f 7089 7097 7096
f 7099 7107 7108
f 7089 7098 7097
f 7089 7090 7100
f 7089 7100 7099
f 7090 7091 7101
f 7090 7101 7100
f 7091 7092 7102
f 7091 7102 7101
f 7092 7093 7103
f 7092 7103 7102
f 7093 7094 7104
f 7093 7104 7103
f 7094 7095 7105
f 7094 7105 7104
f 7095 7096 7106
f 7095 7106 7105
f 7096 7097 7107
f 7096 7107 7106
f 7097 7098 7108
f 7097 7108 7107
f 7098 7089 7099
f 7098 7099 7108
f 7119 7120 7121
f 7109 7111 7110
f 7119 7121 7122
f 7109 7112 7111
f 7119 7122 7123
f 7109 7113 7112
f 7119 7123 7124
f 7109 7114 7113
f 7119 7124 7125
f 7109 7115 7114
f 7119 7125 7126
f 7109 7116 7115
f 7119 7126 7127
f 7109 7117 7116
f 7119 7127 7128
f 7109 7118 7117
f 7109 7110 7120
f 7109 7120 7119
f 7110 7111 7121
f 7110 7121 7120
f 7111 7112 7122
f 7111 7122 7121
f 7112 7113 7123
f 7112 7123 7122
f 7113 7114 7124
f 7113 7124 7123
f 7114 7115 7125
f 7114 7125 7124
f 7115 7116 7126
f 7115 7126 7125
f 7116 7117 7127
f 7116 7127 7126
f 7117 7118 7128
f 7117 7128 7127
f 7118 7109 7119
f 7118 7119 7128
f 7167 7166 7165
f 7168 7167 7165
f 7162 7163 7164
f 7161 7162 7164
f 7166 7162 7161
f 7165 7166 7161
f 7168 7164 7163
f 7167 7168 7163
f 7167 7163 7162
f 7166 7167 7162
f 7165 7161 7164
f 7168 7165 7164
f 7463 7462 7461
f 7464 7463 7461
f 7458 7459 7460
f 7457 7458 7460
f 7462 7458 7457
f 7461 7462 7457
f 7464 7460 7459
f 7463 7464 7459
f 7463 7459 7458
f 7462 7463 7458
f 7461 7457 7460
f 7464 7461 7460
f 7475 7476 7477
f 7465 7467 7466
f 7475 7477 7478
f 7465 7468 7467
f 7475 7478 7479
f 7465 7469 7468
f 7475 7479 7480
f 7465 7470 7469
f 7475 7480 7481
f 7465 7471 7470
f 7475 7481 7482
f 7465 7472 7471
f 7475 7482 7483
f 7465 7473 7472
f 7475 7483 7484
f 7465 7474 7473
f 7465 7466 7476
f 7465 7476 7475
f 7466 7467 7477
f 7466 7477 7476
f 7467 7468 7478
f 7467 7478 7477
f 7468 7469 7479
f 7468 7479 7478
f 7469 7470 7480
f 7469 7480 7479
f 7470 7471 7481
f 7470 7481 7480
f 7471 7472 7482
f 7471 7482 7481
f 7472 7473 7483
f 7472 7483 7482
f 7473 7474 7484
f 7473 7484 7483
f 7474 7465 7475
f 7474 7475 7484
f 7495 7496 7497
f 7485 7487 7486
f 7495 7497 7498
f 7485 7488 7487
f 7495 7498 7499
f 7485 7489 7488
f 7495 7499 7500
f 7485 7490 7489
f 7495 7500 7501
f 7485 7491 7490
f 7495 7501 7502
f 7485 7492 7491
f 7495 7502 7503
f 7485 7493 7492
f 7495 7503 7504
f 7485 7494 7493
f 7485 7486 7496
f 7485 7496 7495
f 7486 7487 7497
f 7486 7497 7496
f 7487 7488 7498
f 7487 7498 7497
f 7488 7489 7499
f 7488 7499 7498
f 7489 7490 7500
f 7489 7500 7499
f 7490 7491 7501
f 7490 7501 7500
f 7491 7492 7502
f 7491 7502 7501
f 7492 7493 7503
f 7492 7503 7502
f 7493 7494 7504
f 7493 7504 7503
f 7494 7485 7495
f 7494 7495 7504
f 7515 7516 7517
f 7505 7507 7506
f 7515 7517 7518
f 7505 7508 7507
f 7515 7518 7519
f 7505 7509 7508
f 7515 7519 7520
f 7505 7510 7509
f 7515 7520 7521
f 7505 7511 7510
f 7515 7521 7522
f 7505 7512 7511
f 7515 7522 7523
f 7505 7513 7512
f 7515 7523 7524
f 7505 7514 7513
f 7505 7506 7516
f 7505 7516 7515
f 7506 7507 7517
f 7506 7517 7516
f 7507 7508 7518
f 7507 7518 7517
f 7508 7509 7519
f 7508 7519 7518
f 7509 7510 7520
f 7509 7520 7519
f 7510 7511 7521
f 7510 7521 7520
f 7511 7512 7522
f 7511 7522 7521
f 7512 7513 7523
f 7512 7523 7522
f 7513 7514 7524
f 7513 7524 7523
f 7514 7505 7515
f 7514 7515 7524
f 7535 7536 7537
f 7525 7527 7526
f 7535 7537 7538
f 7525 7528 7527
f 7535 7538 7539
f 7525 7529 7528
f 7535 7539 7540
f 7525 7530 7529
f 7535 7540 7541
f 7525 7531 7530
f 7535 7541 7542
f 7525 7532 7531
f 7535 7542 7543
f 7525 7533 7532
f 7535 7543 7544
f 7525 7534 7533
f 7525 7526 7536
f 7525 7536 7535
f 7526 7527 7537
f 7526 7537 7536
f 7527 7528 7538
f 7527 7538 7537
f 7528 7529 7539
f 7528 7539 7538
f 7529 7530 7540
f 7529 7540 7539
f 7530 7531 7541
f 7530 7541 7540
f 7531 7532 7542
f 7531 7542 7541
f 7532 7533 7543
f 7532 7543 7542
f 7533 7534 7544
f 7533 7544 7543
f 7534 7525 7535
f 7534 7535 7544
f 7551 7550 7549
f 7552 7551 7549
f 7546 7547 7548
f 7545 7546 7548
f 7550 7546 7545
f 7549 7550 7545
f 7552 7548 7547
f 7551 7552 7547
f 7551 7547 7546
f 7550 7551 7546
f 7549 7545 7548
f 7552 7549 7548
f 7563 7564 7565
f 7553 7555 7554
f 7563 7565 7566
f 7553 7556 7555
f 7563 7566 7567
f 7553 7557 7556
f 7563 7567 7568
f 7553 7558 7557
f 7563 7568 7569
f 7553 7559 7558
f 7563 7569 7570
f 7553 7560 7559
f 7563 7570 7571
f 7553 7561 7560
f 7563 7571 7572
f 7553 7562 7561
f 7553 7554 7564
f 7553 7564 7563
f 7554 7555 7565
f 7554 7565 7564
f 7555 7556 7566
f 7555 7566 7565
f 7556 7557 7567
f 7556 7567 7566
f 7557 7558 7568
f 7557 7568 7567
f 7558 7559 7569
f 7558 7569 7568
f 7559 7560 7570
f 7559 7570 7569
f 7560 7561 7571
f 7560 7571 7570
f 7561 7562 7572
f 7561 7572 7571
f 7562 7553 7563
f 7562 7563 7572
f 7583 7584 7585
f 7573 7575 7574
f 7583 7585 7586
f 7573 7576 7575
f 7583 7586 7587
f 7573 7577 7576
f 7583 7587 7588
f 7573 7578 7577
f 7583 7588 7589
f 7573 7579 7578
f 7583 7589 7590
f 7573 7580 7579
f 7583 7590 7591
f 7573 7581 7580
f 7583 7591 7592
f 7573 7582 7581
f 7573 7574 7584
f 7573 7584 7583
f 7574 7575 7585
f 7574 7585 7584
f 7575 7576 7586
f 7575 7586 7585
f 7576 7577 7587
f 7576 7587 7586
f 7577 7578 7588
f 7577 7588 7587
f 7578 7579 7589
f 7578 7589 7588
f 7579 7580 7590
f 7579 7590 7589
f 7580 7581 7591
f 7580 7591 7590
f 7581 7582 7592
f 7581 7592 7591
f 7582 7573 7583
f 7582 7583 7592
f 7603 7604 7605
f 7593 7595 7594
f 7603 7605 7606
f 7593 7596 7595
f 7603 7606 7607
f 7593 7597 7596
f 7603 7607 7608
f 7593 7598 7597
f 7603 7608 7609
f 7593 7599 7598
f 7603 7609 7610
f 7593 7600 7599
f 7603 7610 7611
f 7593 7601 7600
f 7603 7611 7612
f 7593 7602 7601
f 7593 7594 7604
f 7593 7604 7603
f 7594 7595 7605
f 7594 7605 7604
f 7595 7596 7606
f 7595 7606 7605
f 7596 7597 7607
f 7596 7607 7606
f 7597 7598 7608
f 7597 7608 7607
f 7598 7599 7609
f 7598 7609 7608
f 7599 7600 7610
f 7599 7610 7609
f 7600 7601 7611
f 7600 7611 7610
f 7601 7602 7612
f 7601 7612 7611
f 7602 7593 7603
f 7602 7603 7612
f 7623 7624 7625
f 7613 7615 7614
f 7623 7625 7626
f 7613 7616 7615
f 7623 7626 7627
f 7613 7617 7616
f 7623 7627 7628
f 7613 7618 7617
f 7623 7628 7629
f 7613 7619 7618
f 7623 7629 7630
f 7613 7620 7619
f 7623 7630 7631
f 7613 7621 7620
f 7623 7631 7632
f 7613 7622 7621
f 7613 7614 7624
f 7613 7624 7623
f 7614 7615 7625
f 7614 7625 7624
f 7615 7616 7626
f 7615 7626 7625
f 7616 7617 7627
f 7616 7627 7626
f 7617 7618 7628
f 7617 7628 7627
f 7618 7619 7629
f 7618 7629 7628
f 7619 7620 7630
f 7619 7630 7629
f 7620 7621 7631
f 7620 7631 7630
f 7621 7622 7632
f 7621 7632 7631
f 7622 7613 7623
f 7622 7623 7632
usemtl car
f 6631 6630 6629
f 6632 6631 6629
f 6626 6627 6628
f 6625 6626 6628
f 6630 6626 6625
f 6629 6630 6625
f 6632 6628 6627
f 6631 6632 6627
f 6631 6627 6626
f 6630 6631 6626
f 6629 6625 6628
f 6632 6629 6628
f 6647 6646 6645
f 6648 6647 6645
f 6642 6643 6644
f 6641 6642 6644
f 6646 6642 6641
f 6645 6646 6641
f 6648 6644 6643
f 6647 6648 6643
f 6647 6643 6642
f 6646 6647 6642
f 6645 6641 6644
f 6648 6645 6644
f 6655 6654 6653
f 6656 6655 6653
f 6650 6651 6652
f 6649 6650 6652
f 6654 6650 6649
f 6653 6654 6649
f 6656 6652 6651
f 6655 6656 6651
f 6655 6651 6650
f 6654 6655 6650
f 6653 6649 6652
f 6656 6653 6652
f 7135 7134 7133
f 7136 7135 7133
f 7130 7131 7132
f 7129 7130 7132
f 7134 7130 7129
f 7133 7134 7129
f 7136 7132 7131
f 7135 7136 7131
f 7135 7131 7130
f 7134 7135 7130
f 7133 7129 7132
f 7136 7133 7132
f 7151 7150 7149
f 7152 7151 7149
f 7146 7147 7148
f 7145 7146 7148
f 7150 7146 7145
f 7149 7150 7145
f 7152 7148 7147
f 7151 7152 7147
f 7151 7147 7146
f 7150 7151 7146
f 7149 7145 7148
f 7152 7149 7148
f 7159 7158 7157
f 7160 7159 7157
f 7154 7155 7156
f 7153 7154 7156
f 7158 7154 7153
f 7157 7158 7153
f 7160 7156 7155
f 7159 7160 7155
f 7159 7155 7154
f 7158 7159 7154
f 7157 7153 7156
f 7160 7157 7156
f 7639 7638 7637
f 7640 7639 7637
f 7634 7635 7636
f 7633 7634 7636
f 7638 7634 7633
f 7637 7638 7633
f 7640 7636 7635
f 7639 7640 7635
f 7639 7635 7634
f 7638 7639 7634
f 7637 7633 7636
f 7640 7637 7636
usemtl car_trim
f 6639 6638 6637
f 6640 6639 6637
f 6634 6635 6636
f 6633 6634 6636
f 6638 6634 6633
f 6637 6638 6633
f 6640 6636 6635
f 6639 6640 6635
f 6639 6635 6634
f 6638 6639 6634
f 6637 6633 6636
f 6640 6637 6636
f 6679 6678 6677
f 6680 6679 6677
f 6674 6675 6676
f 6673 6674 6676
f 6678 6674 6673
f 6677 6678 6673
f 6680 6676 6675
f 6679 6680 6675
f 6679 6675 6674
f 6678 6679 6674
f 6677 6673 6676
f 6680 6677 6676
f 6695 6694 6693
f 6696 6695 6693
f 6690 6691 6692
f 6689 6690 6692
f 6694 6690 6689
f 6693 6694 6689
f 6696 6692 6691
f 6695 6696 6691
f 6695 6691 6690
f 6694 6695 6690
f 6693 6689 6692
f 6696 6693 6692
f 6711 6710 6709
f 6712 6711 6709
f 6706 6707 6708
f 6705 6706 6708
f 6710 6706 6705
f 6709 6710 6705
f 6712 6708 6707
f 6711 6712 6707
f 6711 6707 6706
f 6710 6711 6706
f 6709 6705 6708
f 6712 6709 6708
f 6727 6726 6725
f 6728 6727 6725
f 6722 6723 6724
f 6721 6722 6724
f 6726 6722 6721
f 6725 6726 6721
f 6728 6724 6723
f 6727 6728 6723
f 6727 6723 6722
f 6726 6727 6722
f 6725 6721 6724
f 6728 6725 6724
f 6743 6742 6741
f 6744 6743 6741
f 6738 6739 6740
f 6737 6738 6740
f 6742 6738 6737
f 6741 6742 6737
f 6744 6740 6739
f 6743 6744 6739
f 6743 6739 6738
f 6742 6743 6738
f 6741 6737 6740
f 6744 6741 6740
f 6759 6758 6757
f 6760 6759 6757
f 6754 6755 6756
f 6753 6754 6756
f 6758 6754 6753
f 6757 6758 6753
f 6760 6756 6755
f 6759 6760 6755
f 6759 6755 6754
f 6758 6759 6754
f 6757 6753 6756
f 6760 6757 6756
f 6775 6774 6773
f 6776 6775 6773
f 6770 6771 6772
f 6769 6770 6772
f 6774 6770 6769
f 6773 6774 6769
f 6776 6772 6771
f 6775 6776 6771
f 6775 6771 6770
f 6774 6775 6770
f 6773 6769 6772
f 6776 6773 6772
f 6791 6790 6789
f 6792 6791 6789
f 6786 6787 6788
f 6785 6786 6788
f 6790 6786 6785
f 6789 6790 6785
f 6792 6788 6787
f 6791 6792 6787
f 6791 6787 6786
f 6790 6791 6786
f 6789 6785 6788
f 6792 6789 6788
f 6807 6806 6805
f 6808 6807 6805
f 6802 6803 6804
f 6801 6802 6804
f 6806 6802 6801
f 6805 6806 6801
f 6808 6804 6803
f 6807 6808 6803
f 6807 6803 6802
f 6806 6807 6802
f 6805 6801 6804
f 6808 6805 6804
f 6823 6822 6821
f 6824 6823 6821
f 6818 6819 6820
f 6817 6818 6820
f 6822 6818 6817
f 6821 6822 6817
f 6824 6820 6819
f 6823 6824 6819
f 6823 6819 6818
f 6822 6823 6818
f 6821 6817 6820
f 6824 6821 6820
f 6839 6838 6837
f 6840 6839 6837
f 6834 6835 6836
f 6833 6834 6836
f 6838 6834 6833
f 6837 6838 6833
f 6840 6836 6835
f 6839 6840 6835
f 6839 6835 6834
f 6838 6839 6834
f 6837 6833 6836
f 6840 6837 6836
f 6855 6854 6853
f 6856 6855 6853
f 6850 6851 6852
f 6849 6850 6852
f 6854 6850 6849
f 6853 6854 6849
f 6856 6852 6851
f 6855 6856 6851
f 6855 6851 6850
f 6854 6855 6850
f 6853 6849 6852
f 6856 6853 6852
f 6871 6870 6869
f 6872 6871 6869
f 6866 6867 6868
f 6865 6866 6868
f 6870 6866 6865
f 6869 6870 6865
f 6872 6868 6867
f 6871 6872 6867
f 6871 6867 6866
f 6870 6871 6866
f 6869 6865 6868
f 6872 6869 6868
f 6887 6886 6885
f 6888 6887 6885
f 6882 6883 6884
f 6881 6882 6884
f 6886 6882 6881
f 6885 6886 6881
f 6888 6884 6883
f 6887 6888 6883
f 6887 6883 6882
f 6886 6887 6882
f 6885 6881 6884
f 6888 6885 6884
f 6895 6894 6893
f 6896 6895 6893
f 6890 6891 6892
f 6889 6890 6892
f 6894 6890 6889
f 6893 6894 6889
f 6896 6892 6891
f 6895 6896 6891
f 6895 6891 6890
f 6894 6895 6890
f 6893 6889 6892
f 6896 6893 6892
f 6903 6902 6901
f 6904 6903 6901
f 6898 6899 6900
f 6897 6898 6900
f 6902 6898 6897
f 6901 6902 6897
f 6904 6900 6899
f 6903 6904 6899
f 6903 6899 6898
f 6902 6903 6898
f 6901 6897 6900
f 6904 6901 6900
f 6911 6910 6909
f 6912 6911 6909
f 6906 6907 6908
f 6905 6906 6908
f 6910 6906 6905
f 6909 6910 6905
f 6912 6908 6907
f 6911 6912 6907
f 6911 6907 6906
f 6910 6911 6906
f 6909 6905 6908
f 6912 6909 6908
f 6919 6918 6917
f 6920 6919 6917
f 6914 6915 6916
f 6913 6914 6916
f 6918 6914 6913
f 6917 6918 6913
f 6920 6916 6915
f 6919 6920 6915
f 6919 6915 6914
f 6918 6919 6914
f 6917 6913 6916
f 6920 6917 6916
f 6927 6926 6925
f 6928 6927 6925
f 6922 6923 6924
f 6921 6922 6924
f 6926 6922 6921
f 6925 6926 6921
f 6928 6924 6923
f 6927 6928 6923
f 6927 6923 6922
f 6926 6927 6922
f 6925 6921 6924
f 6928 6925 6924
f 6935 6934 6933
f 6936 6935 6933
f 6930 6931 6932
f 6929 6930 6932
f 6934 6930 6929
f 6933 6934 6929
f 6936 6932 6931
f 6935 6936 6931
f 6935 6931 6930
f 6934 6935 6930
f 6933 6929 6932
f 6936 6933 6932
f 6943 6942 6941
f 6944 6943 6941
f 6938 6939 6940
f 6937 6938 6940
f 6942 6938 6937
f 6941 6942 6937
f 6944 6940 6939
f 6943 6944 6939
f 6943 6939 6938
f 6942 6943 6938
f 6941 6937 6940
f 6944 6941 6940
f 6951 6950 6949
f 6952 6951 6949
f 6946 6947 6948
f 6945 6946 6948
f 6950 6946 6945
f 6949 6950 6945
f 6952 6948 6947
f 6951 6952 6947
f 6951 6947 6946
f 6950 6951 6946
f 6949 6945 6948
f 6952 6949 6948
f 7143 7142 7141
f 7144 7143 7141
f 7138 7139 7140
f 7137 7138 7140
f 7142 7138 7137
f 7141 7142 7137
f 7144 7140 7139
f 7143 7144 7139
f 7143 7139 7138
f 7142 7143 7138
f 7141 7137 7140
f 7144 7141 7140
f 7183 7182 7181
f 7184 7183 7181
f 7178 7179 7180
f 7177 7178 7180
f 7182 7178 7177
f 7181 7182 7177
f 7184 7180 7179
f 7183 7184 7179
f 7183 7179 7178
f 7182 7183 7178
f 7181 7177 7180
f 7184 7181 7180
f 7199 7198 7197
f 7200 7199 7197
f 7194 7195 7196
f 7193 7194 7196
f 7198 7194 7193
f 7197 7198 7193
f 7200 7196 7195
f 7199 7200 7195
f 7199 7195 7194
f 7198 7199 7194
f 7197 7193 7196
f 7200 7197 7196
f 7215 7214 7213
f 7216 7215 7213
f 7210 7211 7212
f 7209 7210 7212
f 7214 7210 7209
f 7213 7214 7209
f 7216 7212 7211
f 7215 7216 7211
f 7215 7211 7210
f 7214 7215 7210
f 7213 7209 7212
f 7216 7213 7212
f 7231 7230 7229
f 7232 7231 7229
f 7226 7227 7228
f 7225 7226 7228
f 7230 7226 7225
f 7229 7230 7225
f 7232 7228 7227
f 7231 7232 7227
f 7231 7227 7226
f 7230 7231 7226
f 7229 7225 7228
f 7232 7229 7228
f 7247 7246 7245
f 7248 7247 7245
f 7242 7243 7244
f 7241 7242 7244
f 7246 7242 7241
f 7245 7246 7241
f 7248 7244 7243
f 7247 7248 7243
f 7247 7243 7242
f 7246 7247 7242
f 7245 7241 7244
f 7248 7245 7244
f 7263 7262 7261
f 7264 7263 7261
f 7258 7259 7260
f 7257 7258 7260
f 7262 7258 7257
f 7261 7262 7257
f 7264 7260 7259
f 7263 7264 7259
f 7263 7259 7258
f 7262 7263 7258
f 7261 7257 7260
f 7264 7261 7260
f 7279 7278 7277
f 7280 7279 7277
f 7274 7275 7276
f 7273 7274 7276
f 7278 7274 7273
f 7277 7278 7273
f 7280 7276 7275
f 7279 7280 7275
f 7279 7275 7274
f 7278 7279 7274
f 7277 7273 7276
f 7280 7277 7276
f 7295 7294 7293
f 7296 7295 7293
f 7290 7291 7292
f 7289 7290 7292
f 7294 7290 7289
f 7293 7294 7289
f 7296 7292 7291
f 7295 7296 7291
f 7295 7291 7290
f 7294 7295 7290
f 7293 7289 7292
f 7296 7293 7292
f 7311 7310 7309
f 7312 7311 7309
f 7306 7307 7308
f 7305 7306 7308
f 7310 7306 7305
f 7309 7310 7305
f 7312 7308 7307
f 7311 7312 7307
f 7311 7307 7306
f 7310 7311 7306
f 7309 7305 7308
f 7312 7309 7308
f 7327 7326 7325
f 7328 7327 7325
f 7322 7323 7324
f 7321 7322 7324
f 7326 7322 7321
f 7325 7326 7321
f 7328 7324 7323
f 7327 7328 7323
f 7327 7323 7322
f 7326 7327 7322
f 7325 7321 7324
f 7328 7325 7324
f 7343 7342 7341
f 7344 7343 7341
f 7338 7339 7340
f 7337 7338 7340
f 7342 7338 7337
f 7341 7342 7337
f 7344 7340 7339
f 7343 7344 7339
f 7343 7339 7338
f 7342 7343 7338
f 7341 7337 7340
f 7344 7341 7340
f 7359 7358 7357
f 7360 7359 7357
f 7354 7355 7356
f 7353 7354 7356
f 7358 7354 7353
f 7357 7358 7353
f 7360 7356 7355
f 7359 7360 7355
f 7359 7355 7354
f 7358 7359 7354
f 7357 7353 7356
f 7360 7357 7356
f 7375 7374 7373
f 7376 7375 7373
f 7370 7371 7372
f 7369 7370 7372
f 7374 7370 7369
f 7373 7374 7369
f 7376 7372 7371
f 7375 7376 7371
f 7375 7371 7370
f 7374 7375 7370
f 7373 7369 7372
f 7376 7373 7372
f 7391 7390 7389
f 7392 7391 7389
f 7386 7387 7388
f 7385 7386 7388
f 7390 7386 7385
f 7389 7390 7385
f 7392 7388 7387
f 7391 7392 7387
f 7391 7387 7386
f 7390 7391 7386
f 7389 7385 7388
f 7392 7389 7388
f 7399 7398 7397
f 7400 7399 7397
f 7394 7395 7396
f 7393 7394 7396
f 7398 7394 7393
f 7397 7398 7393
f 7400 7396 7395
f 7399 7400 7395
f 7399 7395 7394
f 7398 7399 7394
f 7397 7393 7396
f 7400 7397 7396
f 7407 7406 7405
f 7408 7407 7405
f 7402 7403 7404
f 7401 7402 7404
f 7406 7402 7401
f 7405 7406 7401
f 7408 7404 7403
f 7407 7408 7403
f 7407 7403 7402
f 7406 7407 7402
f 7405 7401 7404
f 7408 7405 7404
f 7415 7414 7413
f 7416 7415 7413
f 7410 7411 7412
f 7409 7410 7412
f 7414 7410 7409
f 7413 7414 7409
f 7416 7412 7411
f 7415 7416 7411
f 7415 7411 7410
f 7414 7415 7410
f 7413 7409 7412
f 7416 7413 7412
f 7423 7422 7421
f 7424 7423 7421
f 7418 7419 7420
f 7417 7418 7420
f 7422 7418 7417
f 7421 7422 7417
f 7424 7420 7419
f 7423 7424 7419
f 7423 7419 7418
f 7422 7423 7418
f 7421 7417 7420
f 7424 7421 7420
f 7431 7430 7429
f 7432 7431 7429
f 7426 7427 7428
f 7425 7426 7428
f 7430 7426 7425
f 7429 7430 7425
f 7432 7428 7427
f 7431 7432 7427
f 7431 7427 7426
f 7430 7431 7426
f 7429 7425 7428
f 7432 7429 7428
f 7439 7438 7437
f 7440 7439 7437
f 7434 7435 7436
f 7433 7434 7436
f 7438 7434 7433
f 7437 7438 7433
f 7440 7436 7435
f 7439 7440 7435
f 7439 7435 7434
f 7438 7439 7434
f 7437 7433 7436
f 7440 7437 7436
f 7447 7446 7445
f 7448 7447 7445
f 7442 7443 7444
f 7441 7442 7444
f 7446 7442 7441
f 7445 7446 7441
f 7448 7444 7443
f 7447 7448 7443
f 7447 7443 7442
f 7446 7447 7442
f 7445 7441 7444
f 7448 7445 7444
f 7455 7454 7453
f 7456 7455 7453
f 7450 7451 7452
f 7449 7450 7452
f 7454 7450 7449
f 7453 7454 7449
f 7456 7452 7451
f 7455 7456 7451
f 7455 7451 7450
f 7454 7455 7450
f 7453 7449 7452
f 7456 7453 7452
f 7655 7654 7653
f 7656 7655 7653
f 7650 7651 7652
f 7649 7650 7652
f 7654 7650 7649
f 7653 7654 7649
f 7656 7652 7651
f 7655 7656 7651
f 7655 7651 7650
f 7654 7655 7650
f 7653 7649 7652
f 7656 7653 7652
usemtl winlt
f 6671 6670 6669
f 6672 6671 6669
f 6666 6667 6668
f 6665 6666 6668
f 6670 6666 6665
f 6669 6670 6665
f 6672 6668 6667
f 6671 6672 6667
f 6671 6667 6666
f 6670 6671 6666
f 6669 6665 6668
f 6672 6669 6668
f 6687 6686 6685
f 6688 6687 6685
f 6682 6683 6684
f 6681 6682 6684
f 6686 6682 6681
f 6685 6686 6681
f 6688 6684 6683
f 6687 6688 6683
f 6687 6683 6682
f 6686 6687 6682
f 6685 6681 6684
f 6688 6685 6684
f 6703 6702 6701
f 6704 6703 6701
f 6698 6699 6700
f 6697 6698 6700
f 6702 6698 6697
f 6701 6702 6697
f 6704 6700 6699
f 6703 6704 6699
f 6703 6699 6698
f 6702 6703 6698
f 6701 6697 6700
f 6704 6701 6700
f 6719 6718 6717
f 6720 6719 6717
f 6714 6715 6716
f 6713 6714 6716
f 6718 6714 6713
f 6717 6718 6713
f 6720 6716 6715
f 6719 6720 6715
f 6719 6715 6714
f 6718 6719 6714
f 6717 6713 6716
f 6720 6717 6716
f 6735 6734 6733
f 6736 6735 6733
f 6730 6731 6732
f 6729 6730 6732
f 6734 6730 6729
f 6733 6734 6729
f 6736 6732 6731
f 6735 6736 6731
f 6735 6731 6730
f 6734 6735 6730
f 6733 6729 6732
f 6736 6733 6732
f 6751 6750 6749
f 6752 6751 6749
f 6746 6747 6748
f 6745 6746 6748
f 6750 6746 6745
f 6749 6750 6745
f 6752 6748 6747
f 6751 6752 6747
f 6751 6747 6746
f 6750 6751 6746
f 6749 6745 6748
f 6752 6749 6748
f 6767 6766 6765
f 6768 6767 6765
f 6762 6763 6764
f 6761 6762 6764
f 6766 6762 6761
f 6765 6766 6761
f 6768 6764 6763
f 6767 6768 6763
f 6767 6763 6762
f 6766 6767 6762
f 6765 6761 6764
f 6768 6765 6764
f 6783 6782 6781
f 6784 6783 6781
f 6778 6779 6780
f 6777 6778 6780
f 6782 6778 6777
f 6781 6782 6777
f 6784 6780 6779
f 6783 6784 6779
f 6783 6779 6778
f 6782 6783 6778
f 6781 6777 6780
f 6784 6781 6780
f 6799 6798 6797
f 6800 6799 6797
f 6794 6795 6796
f 6793 6794 6796
f 6798 6794 6793
f 6797 6798 6793
f 6800 6796 6795
f 6799 6800 6795
f 6799 6795 6794
f 6798 6799 6794
f 6797 6793 6796
f 6800 6797 6796
f 6815 6814 6813
f 6816 6815 6813
f 6810 6811 6812
f 6809 6810 6812
f 6814 6810 6809
f 6813 6814 6809
f 6816 6812 6811
f 6815 6816 6811
f 6815 6811 6810
f 6814 6815 6810
f 6813 6809 6812
f 6816 6813 6812
f 6831 6830 6829
f 6832 6831 6829
f 6826 6827 6828
f 6825 6826 6828
f 6830 6826 6825
f 6829 6830 6825
f 6832 6828 6827
f 6831 6832 6827
f 6831 6827 6826
f 6830 6831 6826
f 6829 6825 6828
f 6832 6829 6828
f 6847 6846 6845
f 6848 6847 6845
f 6842 6843 6844
f 6841 6842 6844
f 6846 6842 6841
f 6845 6846 6841
f 6848 6844 6843
f 6847 6848 6843
f 6847 6843 6842
f 6846 6847 6842
f 6845 6841 6844
f 6848 6845 6844
f 6863 6862 6861
f 6864 6863 6861
f 6858 6859 6860
f 6857 6858 6860
f 6862 6858 6857
f 6861 6862 6857
f 6864 6860 6859
f 6863 6864 6859
f 6863 6859 6858
f 6862 6863 6858
f 6861 6857 6860
f 6864 6861 6860
f 6879 6878 6877
f 6880 6879 6877
f 6874 6875 6876
f 6873 6874 6876
f 6878 6874 6873
f 6877 6878 6873
f 6880 6876 6875
f 6879 6880 6875
f 6879 6875 6874
f 6878 6879 6874
f 6877 6873 6876
f 6880 6877 6876
f 7175 7174 7173
f 7176 7175 7173
f 7170 7171 7172
f 7169 7170 7172
f 7174 7170 7169
f 7173 7174 7169
f 7176 7172 7171
f 7175 7176 7171
f 7175 7171 7170
f 7174 7175 7170
f 7173 7169 7172
f 7176 7173 7172
f 7191 7190 7189
f 7192 7191 7189
f 7186 7187 7188
f 7185 7186 7188
f 7190 7186 7185
f 7189 7190 7185
f 7192 7188 7187
f 7191 7192 7187
f 7191 7187 7186
f 7190 7191 7186
f 7189 7185 7188
f 7192 7189 7188
f 7207 7206 7205
f 7208 7207 7205
f 7202 7203 7204
f 7201 7202 7204
f 7206 7202 7201
f 7205 7206 7201
f 7208 7204 7203
f 7207 7208 7203
f 7207 7203 7202
f 7206 7207 7202
f 7205 7201 7204
f 7208 7205 7204
f 7223 7222 7221
f 7224 7223 7221
f 7218 7219 7220
f 7217 7218 7220
f 7222 7218 7217
f 7221 7222 7217
f 7224 7220 7219
f 7223 7224 7219
f 7223 7219 7218
f 7222 7223 7218
f 7221 7217 7220
f 7224 7221 7220
f 7239 7238 7237
f 7240 7239 7237
f 7234 7235 7236
f 7233 7234 7236
f 7238 7234 7233
f 7237 7238 7233
f 7240 7236 7235
f 7239 7240 7235
f 7239 7235 7234
f 7238 7239 7234
f 7237 7233 7236
f 7240 7237 7236
f 7255 7254 7253
f 7256 7255 7253
f 7250 7251 7252
f 7249 7250 7252
f 7254 7250 7249
f 7253 7254 7249
f 7256 7252 7251
f 7255 7256 7251
f 7255 7251 7250
f 7254 7255 7250
f 7253 7249 7252
f 7256 7253 7252
f 7271 7270 7269
f 7272 7271 7269
f 7266 7267 7268
f 7265 7266 7268
f 7270 7266 7265
f 7269 7270 7265
f 7272 7268 7267
f 7271 7272 7267
f 7271 7267 7266
f 7270 7271 7266
f 7269 7265 7268
f 7272 7269 7268
f 7287 7286 7285
f 7288 7287 7285
f 7282 7283 7284
f 7281 7282 7284
f 7286 7282 7281
f 7285 7286 7281
f 7288 7284 7283
f 7287 7288 7283
f 7287 7283 7282
f 7286 7287 7282
f 7285 7281 7284
f 7288 7285 7284
f 7303 7302 7301
f 7304 7303 7301
f 7298 7299 7300
f 7297 7298 7300
f 7302 7298 7297
f 7301 7302 7297
f 7304 7300 7299
f 7303 7304 7299
f 7303 7299 7298
f 7302 7303 7298
f 7301 7297 7300
f 7304 7301 7300
f 7319 7318 7317
f 7320 7319 7317
f 7314 7315 7316
f 7313 7314 7316
f 7318 7314 7313
f 7317 7318 7313
f 7320 7316 7315
f 7319 7320 7315
f 7319 7315 7314
f 7318 7319 7314
f 7317 7313 7316
f 7320 7317 7316
f 7335 7334 7333
f 7336 7335 7333
f 7330 7331 7332
f 7329 7330 7332
f 7334 7330 7329
f 7333 7334 7329
f 7336 7332 7331
f 7335 7336 7331
f 7335 7331 7330
f 7334 7335 7330
f 7333 7329 7332
f 7336 7333 7332
f 7351 7350 7349
f 7352 7351 7349
f 7346 7347 7348
f 7345 7346 7348
f 7350 7346 7345
f 7349 7350 7345
f 7352 7348 7347
f 7351 7352 7347
f 7351 7347 7346
f 7350 7351 7346
f 7349 7345 7348
f 7352 7349 7348
f 7367 7366 7365
f 7368 7367 7365
f 7362 7363 7364
f 7361 7362 7364
f 7366 7362 7361
f 7365 7366 7361
f 7368 7364 7363
f 7367 7368 7363
f 7367 7363 7362
f 7366 7367 7362
f 7365 7361 7364
f 7368 7365 7364
f 7383 7382 7381
f 7384 7383 7381
f 7378 7379 7380
f 7377 7378 7380
f 7382 7378 7377
f 7381 7382 7377
f 7384 7380 7379
f 7383 7384 7379
f 7383 7379 7378
f 7382 7383 7378
f 7381 7377 7380
f 7384 7381 7380
f 7647 7646 7645
f 7648 7647 7645
f 7642 7643 7644
f 7641 7642 7644
f 7646 7642 7641
f 7645 7646 7641
f 7648 7644 7643
f 7647 7648 7643
f 7647 7643 7642
f 7646 7647 7642
f 7645 7641 7644
f 7648 7645 7644
o deck
usemtl steel
f 6143 6142 6141
f 6144 6143 6141
f 6138 6139 6140
f 6137 6138 6140
f 6142 6138 6137
f 6141 6142 6137
f 6144 6140 6139
f 6143 6144 6139
f 6143 6139 6138
f 6142 6143 6138
f 6141 6137 6140
f 6144 6141 6140
f 6151 6150 6149
f 6152 6151 6149
f 6146 6147 6148
f 6145 6146 6148
f 6150 6146 6145
f 6149 6150 6145
f 6152 6148 6147
f 6151 6152 6147
f 6151 6147 6146
f 6150 6151 6146
f 6149 6145 6148
f 6152 6149 6148
f 6159 6158 6157
f 6160 6159 6157
f 6154 6155 6156
f 6153 6154 6156
f 6158 6154 6153
f 6157 6158 6153
f 6160 6156 6155
f 6159 6160 6155
f 6159 6155 6154
f 6158 6159 6154
f 6157 6153 6156
f 6160 6157 6156
f 6167 6166 6165
f 6168 6167 6165
f 6162 6163 6164
f 6161 6162 6164
f 6166 6162 6161
f 6165 6166 6161
f 6168 6164 6163
f 6167 6168 6163
f 6167 6163 6162
f 6166 6167 6162
f 6165 6161 6164
f 6168 6165 6164
f 6175 6174 6173
f 6176 6175 6173
f 6170 6171 6172
f 6169 6170 6172
f 6174 6170 6169
f 6173 6174 6169
f 6176 6172 6171
f 6175 6176 6171
f 6175 6171 6170
f 6174 6175 6170
f 6173 6169 6172
f 6176 6173 6172
f 6183 6182 6181
f 6184 6183 6181
f 6178 6179 6180
f 6177 6178 6180
f 6182 6178 6177
f 6181 6182 6177
f 6184 6180 6179
f 6183 6184 6179
f 6183 6179 6178
f 6182 6183 6178
f 6181 6177 6180
f 6184 6181 6180
f 6191 6190 6189
f 6192 6191 6189
f 6186 6187 6188
f 6185 6186 6188
f 6190 6186 6185
f 6189 6190 6185
f 6192 6188 6187
f 6191 6192 6187
f 6191 6187 6186
f 6190 6191 6186
f 6189 6185 6188
f 6192 6189 6188
f 6199 6198 6197
f 6200 6199 6197
f 6194 6195 6196
f 6193 6194 6196
f 6198 6194 6193
f 6197 6198 6193
f 6200 6196 6195
f 6199 6200 6195
f 6199 6195 6194
f 6198 6199 6194
f 6197 6193 6196
f 6200 6197 6196
f 6343 6342 6341
f 6344 6343 6341
f 6338 6339 6340
f 6337 6338 6340
f 6342 6338 6337
f 6341 6342 6337
f 6344 6340 6339
f 6343 6344 6339
f 6343 6339 6338
f 6342 6343 6338
f 6341 6337 6340
f 6344 6341 6340
f 6351 6350 6349
f 6352 6351 6349
f 6346 6347 6348
f 6345 6346 6348
f 6350 6346 6345
f 6349 6350 6345
f 6352 6348 6347
f 6351 6352 6347
f 6351 6347 6346
f 6350 6351 6346
f 6349 6345 6348
f 6352 6349 6348
f 6359 6358 6357
f 6360 6359 6357
f 6354 6355 6356
f 6353 6354 6356
f 6358 6354 6353
f 6357 6358 6353
f 6360 6356 6355
f 6359 6360 6355
f 6359 6355 6354
f 6358 6359 6354
f 6357 6353 6356
f 6360 6357 6356
f 6367 6366 6365
f 6368 6367 6365
f 6362 6363 6364
f 6361 6362 6364
f 6366 6362 6361
f 6365 6366 6361
f 6368 6364 6363
f 6367 6368 6363
f 6367 6363 6362
f 6366 6367 6362
f 6365 6361 6364
f 6368 6365 6364
f 6375 6374 6373
f 6376 6375 6373
f 6370 6371 6372
f 6369 6370 6372
f 6374 6370 6369
f 6373 6374 6369
f 6376 6372 6371
f 6375 6376 6371
f 6375 6371 6370
f 6374 6375 6370
f 6373 6369 6372
f 6376 6373 6372
f 6383 6382 6381
f 6384 6383 6381
f 6378 6379 6380
f 6377 6378 6380
f 6382 6378 6377
f 6381 6382 6377
f 6384 6380 6379
f 6383 6384 6379
f 6383 6379 6378
f 6382 6383 6378
f 6381 6377 6380
f 6384 6381 6380
f 6391 6390 6389
f 6392 6391 6389
f 6386 6387 6388
f 6385 6386 6388
f 6390 6386 6385
f 6389 6390 6385
f 6392 6388 6387
f 6391 6392 6387
f 6391 6387 6386
f 6390 6391 6386
f 6389 6385 6388
f 6392 6389 6388
f 6399 6398 6397
f 6400 6399 6397
f 6394 6395 6396
f 6393 6394 6396
f 6398 6394 6393
f 6397 6398 6393
f 6400 6396 6395
f 6399 6400 6395
f 6399 6395 6394
f 6398 6399 6394
f 6397 6393 6396
f 6400 6397 6396
usemtl grate
f 6007 6006 6005
f 6008 6007 6005
f 6002 6003 6004
f 6001 6002 6004
f 6006 6002 6001
f 6005 6006 6001
f 6008 6004 6003
f 6007 6008 6003
f 6007 6003 6002
f 6006 6007 6002
f 6005 6001 6004
f 6008 6005 6004
f 6207 6206 6205
f 6208 6207 6205
f 6202 6203 6204
f 6201 6202 6204
f 6206 6202 6201
f 6205 6206 6201
f 6208 6204 6203
f 6207 6208 6203
f 6207 6203 6202
f 6206 6207 6202
f 6205 6201 6204
f 6208 6205 6204
o floor
usemtl concrete
f 39 38 37
f 40 39 37
f 34 35 36
f 33 34 36
f 38 34 33
f 37 38 33
f 40 36 35
f 39 40 35
f 39 35 34
f 38 39 34
f 37 33 36
f 40 37 36
f 47 46 45
f 48 47 45
f 42 43 44
f 41 42 44
f 46 42 41
f 45 46 41
f 48 44 43
f 47 48 43
f 47 43 42
f 46 47 42
f 45 41 44
f 48 45 44
f 55 54 53
f 56 55 53
f 50 51 52
f 49 50 52
f 54 50 49
f 53 54 49
f 56 52 51
f 55 56 51
f 55 51 50
f 54 55 50
f 53 49 52
f 56 53 52
f 5767 5766 5765
f 5768 5767 5765
f 5762 5763 5764
f 5761 5762 5764
f 5766 5762 5761
f 5765 5766 5761
f 5768 5764 5763
f 5767 5768 5763
f 5767 5763 5762
f 5766 5767 5762
f 5765 5761 5764
f 5768 5765 5764
f 5887 5886 5885
f 5888 5887 5885
f 5882 5883 5884
f 5881 5882 5884
f 5886 5882 5881
f 5885 5886 5881
f 5888 5884 5883
f 5887 5888 5883
f 5887 5883 5882
f 5886 5887 5882
f 5885 5881 5884
f 5888 5885 5884
o gate
usemtl conc_d
f 8223 8222 8221
f 8224 8223 8221
f 8218 8219 8220
f 8217 8218 8220
f 8222 8218 8217
f 8221 8222 8217
f 8224 8220 8219
f 8223 8224 8219
f 8223 8219 8218
f 8222 8223 8218
f 8221 8217 8220
f 8224 8221 8220
f 8231 8230 8229
f 8232 8231 8229
f 8226 8227 8228
f 8225 8226 8228
f 8230 8226 8225
f 8229 8230 8225
f 8232 8228 8227
f 8231 8232 8227
f 8231 8227 8226
f 8230 8231 8226
f 8229 8225 8228
f 8232 8229 8228
usemtl steel
f 8031 8030 8029
f 8032 8031 8029
f 8026 8027 8028
f 8025 8026 8028
f 8030 8026 8025
f 8029 8030 8025
f 8032 8028 8027
f 8031 8032 8027
f 8031 8027 8026
f 8030 8031 8026
f 8029 8025 8028
f 8032 8029 8028
f 8047 8046 8045
f 8048 8047 8045
f 8042 8043 8044
f 8041 8042 8044
f 8046 8042 8041
f 8045 8046 8041
f 8048 8044 8043
f 8047 8048 8043
f 8047 8043 8042
f 8046 8047 8042
f 8045 8041 8044
f 8048 8045 8044
f 8063 8062 8061
f 8064 8063 8061
f 8058 8059 8060
f 8057 8058 8060
f 8062 8058 8057
f 8061 8062 8057
f 8064 8060 8059
f 8063 8064 8059
f 8063 8059 8058
f 8062 8063 8058
f 8061 8057 8060
f 8064 8061 8060
f 8079 8078 8077
f 8080 8079 8077
f 8074 8075 8076
f 8073 8074 8076
f 8078 8074 8073
f 8077 8078 8073
f 8080 8076 8075
f 8079 8080 8075
f 8079 8075 8074
f 8078 8079 8074
f 8077 8073 8076
f 8080 8077 8076
f 8095 8094 8093
f 8096 8095 8093
f 8090 8091 8092
f 8089 8090 8092
f 8094 8090 8089
f 8093 8094 8089
f 8096 8092 8091
f 8095 8096 8091
f 8095 8091 8090
f 8094 8095 8090
f 8093 8089 8092
f 8096 8093 8092
f 8111 8110 8109
f 8112 8111 8109
f 8106 8107 8108
f 8105 8106 8108
f 8110 8106 8105
f 8109 8110 8105
f 8112 8108 8107
f 8111 8112 8107
f 8111 8107 8106
f 8110 8111 8106
f 8109 8105 8108
f 8112 8109 8108
f 8127 8126 8125
f 8128 8127 8125
f 8122 8123 8124
f 8121 8122 8124
f 8126 8122 8121
f 8125 8126 8121
f 8128 8124 8123
f 8127 8128 8123
f 8127 8123 8122
f 8126 8127 8122
f 8125 8121 8124
f 8128 8125 8124
f 8143 8142 8141
f 8144 8143 8141
f 8138 8139 8140
f 8137 8138 8140
f 8142 8138 8137
f 8141 8142 8137
f 8144 8140 8139
f 8143 8144 8139
f 8143 8139 8138
f 8142 8143 8138
f 8141 8137 8140
f 8144 8141 8140
f 8159 8158 8157
f 8160 8159 8157
f 8154 8155 8156
f 8153 8154 8156
f 8158 8154 8153
f 8157 8158 8153
f 8160 8156 8155
f 8159 8160 8155
f 8159 8155 8154
f 8158 8159 8154
f 8157 8153 8156
f 8160 8157 8156
f 8175 8174 8173
f 8176 8175 8173
f 8170 8171 8172
f 8169 8170 8172
f 8174 8170 8169
f 8173 8174 8169
f 8176 8172 8171
f 8175 8176 8171
f 8175 8171 8170
f 8174 8175 8170
f 8173 8169 8172
f 8176 8173 8172
f 8191 8190 8189
f 8192 8191 8189
f 8186 8187 8188
f 8185 8186 8188
f 8190 8186 8185
f 8189 8190 8185
f 8192 8188 8187
f 8191 8192 8187
f 8191 8187 8186
f 8190 8191 8186
f 8189 8185 8188
f 8192 8189 8188
f 8207 8206 8205
f 8208 8207 8205
f 8202 8203 8204
f 8201 8202 8204
f 8206 8202 8201
f 8205 8206 8201
f 8208 8204 8203
f 8207 8208 8203
f 8207 8203 8202
f 8206 8207 8202
f 8205 8201 8204
f 8208 8205 8204
usemtl sign_lt
f 8039 8038 8037
f 8040 8039 8037
f 8034 8035 8036
f 8033 8034 8036
f 8038 8034 8033
f 8037 8038 8033
f 8040 8036 8035
f 8039 8040 8035
f 8039 8035 8034
f 8038 8039 8034
f 8037 8033 8036
f 8040 8037 8036
f 8055 8054 8053
f 8056 8055 8053
f 8050 8051 8052
f 8049 8050 8052
f 8054 8050 8049
f 8053 8054 8049
f 8056 8052 8051
f 8055 8056 8051
f 8055 8051 8050
f 8054 8055 8050
f 8053 8049 8052
f 8056 8053 8052
f 8071 8070 8069
f 8072 8071 8069
f 8066 8067 8068
f 8065 8066 8068
f 8070 8066 8065
f 8069 8070 8065
f 8072 8068 8067
f 8071 8072 8067
f 8071 8067 8066
f 8070 8071 8066
f 8069 8065 8068
f 8072 8069 8068
f 8087 8086 8085
f 8088 8087 8085
f 8082 8083 8084
f 8081 8082 8084
f 8086 8082 8081
f 8085 8086 8081
f 8088 8084 8083
f 8087 8088 8083
f 8087 8083 8082
f 8086 8087 8082
f 8085 8081 8084
f 8088 8085 8084
f 8103 8102 8101
f 8104 8103 8101
f 8098 8099 8100
f 8097 8098 8100
f 8102 8098 8097
f 8101 8102 8097
f 8104 8100 8099
f 8103 8104 8099
f 8103 8099 8098
f 8102 8103 8098
f 8101 8097 8100
f 8104 8101 8100
f 8119 8118 8117
f 8120 8119 8117
f 8114 8115 8116
f 8113 8114 8116
f 8118 8114 8113
f 8117 8118 8113
f 8120 8116 8115
f 8119 8120 8115
f 8119 8115 8114
f 8118 8119 8114
f 8117 8113 8116
f 8120 8117 8116
f 8135 8134 8133
f 8136 8135 8133
f 8130 8131 8132
f 8129 8130 8132
f 8134 8130 8129
f 8133 8134 8129
f 8136 8132 8131
f 8135 8136 8131
f 8135 8131 8130
f 8134 8135 8130
f 8133 8129 8132
f 8136 8133 8132
f 8151 8150 8149
f 8152 8151 8149
f 8146 8147 8148
f 8145 8146 8148
f 8150 8146 8145
f 8149 8150 8145
f 8152 8148 8147
f 8151 8152 8147
f 8151 8147 8146
f 8150 8151 8146
f 8149 8145 8148
f 8152 8149 8148
f 8167 8166 8165
f 8168 8167 8165
f 8162 8163 8164
f 8161 8162 8164
f 8166 8162 8161
f 8165 8166 8161
f 8168 8164 8163
f 8167 8168 8163
f 8167 8163 8162
f 8166 8167 8162
f 8165 8161 8164
f 8168 8165 8164
f 8183 8182 8181
f 8184 8183 8181
f 8178 8179 8180
f 8177 8178 8180
f 8182 8178 8177
f 8181 8182 8177
f 8184 8180 8179
f 8183 8184 8179
f 8183 8179 8178
f 8182 8183 8178
f 8181 8177 8180
f 8184 8181 8180
f 8199 8198 8197
f 8200 8199 8197
f 8194 8195 8196
f 8193 8194 8196
f 8198 8194 8193
f 8197 8198 8193
f 8200 8196 8195
f 8199 8200 8195
f 8199 8195 8194
f 8198 8199 8194
f 8197 8193 8196
f 8200 8197 8196
f 8215 8214 8213
f 8216 8215 8213
f 8210 8211 8212
f 8209 8210 8212
f 8214 8210 8209
f 8213 8214 8209
f 8216 8212 8211
f 8215 8216 8211
f 8215 8211 8210
f 8214 8215 8210
f 8213 8209 8212
f 8216 8213 8212
o glass
usemtl daylight
f 327 328 329
f 305 307 306
f 327 329 330
f 305 308 307
f 327 330 331
f 305 309 308
f 327 331 332
f 305 310 309
f 327 332 333
f 305 311 310
f 327 333 334
f 305 312 311
f 327 334 335
f 305 313 312
f 327 335 336
f 305 314 313
f 327 336 337
f 305 315 314
f 327 337 338
f 305 316 315
f 327 338 339
f 305 317 316
f 327 339 340
f 305 318 317
f 327 340 341
f 305 319 318
f 327 341 342
f 305 320 319
f 327 342 343
f 305 321 320
f 327 343 344
f 305 322 321
f 327 344 345
f 305 323 322
f 327 345 346
f 305 324 323
f 327 346 347
f 305 325 324
f 327 347 348
f 305 326 325
f 305 306 328
f 305 328 327
f 306 307 329
f 306 329 328
f 307 308 330
f 307 330 329
f 308 309 331
f 308 331 330
f 309 310 332
f 309 332 331
f 310 311 333
f 310 333 332
f 311 312 334
f 311 334 333
f 312 313 335
f 312 335 334
f 313 314 336
f 313 336 335
f 314 315 337
f 314 337 336
f 315 316 338
f 315 338 337
f 316 317 339
f 316 339 338
f 317 318 340
f 317 340 339
f 318 319 341
f 318 341 340
f 319 320 342
f 319 342 341
f 320 321 343
f 320 343 342
f 321 322 344
f 321 344 343
f 322 323 345
f 322 345 344
f 323 324 346
f 323 346 345
f 324 325 347
f 324 347 346
f 325 326 348
f 325 348 347
f 326 305 327
f 326 327 348
f 395 396 397
f 373 375 374
f 395 397 398
f 373 376 375
f 395 398 399
f 373 377 376
f 395 399 400
f 373 378 377
f 395 400 401
f 373 379 378
f 395 401 402
f 373 380 379
f 395 402 403
f 373 381 380
f 395 403 404
f 373 382 381
f 395 404 405
f 373 383 382
f 395 405 406
f 373 384 383
f 395 406 407
f 373 385 384
f 395 407 408
f 373 386 385
f 395 408 409
f 373 387 386
f 395 409 410
f 373 388 387
f 395 410 411
f 373 389 388
f 395 411 412
f 373 390 389
f 395 412 413
f 373 391 390
f 395 413 414
f 373 392 391
f 395 414 415
f 373 393 392
f 395 415 416
f 373 394 393
f 373 374 396
f 373 396 395
f 374 375 397
f 374 397 396
f 375 376 398
f 375 398 397
f 376 377 399
f 376 399 398
f 377 378 400
f 377 400 399
f 378 379 401
f 378 401 400
f 379 380 402
f 379 402 401
f 380 381 403
f 380 403 402
f 381 382 404
f 381 404 403
f 382 383 405
f 382 405 404
f 383 384 406
f 383 406 405
f 384 385 407
f 384 407 406
f 385 386 408
f 385 408 407
f 386 387 409
f 386 409 408
f 387 388 410
f 387 410 409
f 388 389 411
f 388 411 410
f 389 390 412
f 389 412 411
f 390 391 413
f 390 413 412
f 391 392 414
f 391 414 413
f 392 393 415
f 392 415 414
f 393 394 416
f 393 416 415
f 394 373 395
f 394 395 416
o glasswall
usemtl conc_d
f 191 190 189
f 192 191 189
f 186 187 188
f 185 186 188
f 190 186 185
f 189 190 185
f 192 188 187
f 191 192 187
f 191 187 186
f 190 191 186
f 189 185 188
f 192 189 188
f 199 198 197
f 200 199 197
f 194 195 196
f 193 194 196
f 198 194 193
f 197 198 193
f 200 196 195
f 199 200 195
f 199 195 194
f 198 199 194
f 197 193 196
f 200 197 196
f 207 206 205
f 208 207 205
f 202 203 204
f 201 202 204
f 206 202 201
f 205 206 201
f 208 204 203
f 207 208 203
f 207 203 202
f 206 207 202
f 205 201 204
f 208 205 204
f 215 214 213
f 216 215 213
f 210 211 212
f 209 210 212
f 214 210 209
f 213 214 209
f 216 212 211
f 215 216 211
f 215 211 210
f 214 215 210
f 213 209 212
f 216 213 212
f 223 222 221
f 224 223 221
f 218 219 220
f 217 218 220
f 222 218 217
f 221 222 217
f 224 220 219
f 223 224 219
f 223 219 218
f 222 223 218
f 221 217 220
f 224 221 220
f 231 230 229
f 232 231 229
f 226 227 228
f 225 226 228
f 230 226 225
f 229 230 225
f 232 228 227
f 231 232 227
f 231 227 226
f 230 231 226
f 229 225 228
f 232 229 228
usemtl glass
f 101 102 103
f 101 103 104
f 100 99 98
f 100 98 97
f 97 98 102
f 97 102 101
f 98 99 103
f 98 103 102
f 99 100 104
f 99 104 103
f 100 97 101
f 100 101 104
f 109 110 111
f 109 111 112
f 108 107 106
f 108 106 105
f 105 106 110
f 105 110 109
f 106 107 111
f 106 111 110
f 107 108 112
f 107 112 111
f 108 105 109
f 108 109 112
f 117 118 119
f 117 119 120
f 116 115 114
f 116 114 113
f 113 114 118
f 113 118 117
f 114 115 119
f 114 119 118
f 115 116 120
f 115 120 119
f 116 113 117
f 116 117 120
f 125 126 127
f 125 127 128
f 124 123 122
f 124 122 121
f 121 122 126
f 121 126 125
f 122 123 127
f 122 127 126
f 123 124 128
f 123 128 127
f 124 121 125
f 124 125 128
f 133 134 135
f 133 135 136
f 132 131 130
f 132 130 129
f 129 130 134
f 129 134 133
f 130 131 135
f 130 135 134
f 131 132 136
f 131 136 135
f 132 129 133
f 132 133 136
f 141 142 143
f 141 143 144
f 140 139 138
f 140 138 137
f 137 138 142
f 137 142 141
f 138 139 143
f 138 143 142
f 139 140 144
f 139 144 143
f 140 137 141
f 140 141 144
f 149 150 151
f 149 151 152
f 148 147 146
f 148 146 145
f 145 146 150
f 145 150 149
f 146 147 151
f 146 151 150
f 147 148 152
f 147 152 151
f 148 145 149
f 148 149 152
f 157 158 159
f 157 159 160
f 156 155 154
f 156 154 153
f 153 154 158
f 153 158 157
f 154 155 159
f 154 159 158
f 155 156 160
f 155 160 159
f 156 153 157
f 156 157 160
f 165 166 167
f 165 167 168
f 164 163 162
f 164 162 161
f 161 162 166
f 161 166 165
f 162 163 167
f 162 167 166
f 163 164 168
f 163 168 167
f 164 161 165
f 164 165 168
f 173 174 175
f 173 175 176
f 172 171 170
f 172 170 169
f 169 170 174
f 169 174 173
f 170 171 175
f 170 175 174
f 171 172 176
f 171 176 175
f 172 169 173
f 172 173 176
f 181 182 183
f 181 183 184
f 180 179 178
f 180 178 177
f 177 178 182
f 177 182 181
f 178 179 183
f 178 183 182
f 179 180 184
f 179 184 183
f 180 177 181
f 180 181 184
o graf
usemtl graf_x
f 9239 9238 9237
f 9240 9239 9237
f 9234 9235 9236
f 9233 9234 9236
f 9238 9234 9233
f 9237 9238 9233
f 9240 9236 9235
f 9239 9240 9235
f 9239 9235 9234
f 9238 9239 9234
f 9237 9233 9236
f 9240 9237 9236
f 9255 9254 9253
f 9256 9255 9253
f 9250 9251 9252
f 9249 9250 9252
f 9254 9250 9249
f 9253 9254 9249
f 9256 9252 9251
f 9255 9256 9251
f 9255 9251 9250
f 9254 9255 9250
f 9253 9249 9252
f 9256 9253 9252
usemtl graf_p
f 9247 9246 9245
f 9248 9247 9245
f 9242 9243 9244
f 9241 9242 9244
f 9246 9242 9241
f 9245 9246 9241
f 9248 9244 9243
f 9247 9248 9243
f 9247 9243 9242
f 9246 9247 9242
f 9245 9241 9244
f 9248 9245 9244
f 9271 9270 9269
f 9272 9271 9269
f 9266 9267 9268
f 9265 9266 9268
f 9270 9266 9265
f 9269 9270 9265
f 9272 9268 9267
f 9271 9272 9267
f 9271 9267 9266
f 9270 9271 9266
f 9269 9265 9268
f 9272 9269 9268
usemtl graf_r
f 9263 9262 9261
f 9264 9263 9261
f 9258 9259 9260
f 9257 9258 9260
f 9262 9258 9257
f 9261 9262 9257
f 9264 9260 9259
f 9263 9264 9259
f 9263 9259 9258
f 9262 9263 9258
f 9261 9257 9260
f 9264 9261 9260
f 9279 9278 9277
f 9280 9279 9277
f 9274 9275 9276
f 9273 9274 9276
f 9278 9274 9273
f 9277 9278 9273
f 9280 9276 9275
f 9279 9280 9275
f 9279 9275 9274
f 9278 9279 9274
f 9277 9273 9276
f 9280 9277 9276
o lamp
usemtl lamp
f 431 430 429
f 432 431 429
f 426 427 428
f 425 426 428
f 430 426 425
f 429 430 425
f 432 428 427
f 431 432 427
f 431 427 426
f 430 431 426
f 429 425 428
f 432 429 428
f 439 438 437
f 440 439 437
f 434 435 436
f 433 434 436
f 438 434 433
f 437 438 433
f 440 436 435
f 439 440 435
f 439 435 434
f 438 439 434
f 437 433 436
f 440 437 436
f 447 446 445
f 448 447 445
f 442 443 444
f 441 442 444
f 446 442 441
f 445 446 441
f 448 444 443
f 447 448 443
f 447 443 442
f 446 447 442
f 445 441 444
f 448 445 444
f 455 454 453
f 456 455 453
f 450 451 452
f 449 450 452
f 454 450 449
f 453 454 449
f 456 452 451
f 455 456 451
f 455 451 450
f 454 455 450
f 453 449 452
f 456 453 452
f 463 462 461
f 464 463 461
f 458 459 460
f 457 458 460
f 462 458 457
f 461 462 457
f 464 460 459
f 463 464 459
f 463 459 458
f 462 463 458
f 461 457 460
f 464 461 460
f 471 470 469
f 472 471 469
f 466 467 468
f 465 466 468
f 470 466 465
f 469 470 465
f 472 468 467
f 471 472 467
f 471 467 466
f 470 471 466
f 469 465 468
f 472 469 468
f 479 478 477
f 480 479 477
f 474 475 476
f 473 474 476
f 478 474 473
f 477 478 473
f 480 476 475
f 479 480 475
f 479 475 474
f 478 479 474
f 477 473 476
f 480 477 476
f 487 486 485
f 488 487 485
f 482 483 484
f 481 482 484
f 486 482 481
f 485 486 481
f 488 484 483
f 487 488 483
f 487 483 482
f 486 487 482
f 485 481 484
f 488 485 484
f 495 494 493
f 496 495 493
f 490 491 492
f 489 490 492
f 494 490 489
f 493 494 489
f 496 492 491
f 495 496 491
f 495 491 490
f 494 495 490
f 493 489 492
f 496 493 492
f 503 502 501
f 504 503 501
f 498 499 500
f 497 498 500
f 502 498 497
f 501 502 497
f 504 500 499
f 503 504 499
f 503 499 498
f 502 503 498
f 501 497 500
f 504 501 500
f 511 510 509
f 512 511 509
f 506 507 508
f 505 506 508
f 510 506 505
f 509 510 505
f 512 508 507
f 511 512 507
f 511 507 506
f 510 511 506
f 509 505 508
f 512 509 508
f 519 518 517
f 520 519 517
f 514 515 516
f 513 514 516
f 518 514 513
f 517 518 513
f 520 516 515
f 519 520 515
f 519 515 514
f 518 519 514
f 517 513 516
f 520 517 516
f 527 526 525
f 528 527 525
f 522 523 524
f 521 522 524
f 526 522 521
f 525 526 521
f 528 524 523
f 527 528 523
f 527 523 522
f 526 527 522
f 525 521 524
f 528 525 524
f 5375 5374 5373
f 5376 5375 5373
f 5370 5371 5372
f 5369 5370 5372
f 5374 5370 5369
f 5373 5374 5369
f 5376 5372 5371
f 5375 5376 5371
f 5375 5371 5370
f 5374 5375 5370
f 5373 5369 5372
f 5376 5373 5372
f 5383 5382 5381
f 5384 5383 5381
f 5378 5379 5380
f 5377 5378 5380
f 5382 5378 5377
f 5381 5382 5377
f 5384 5380 5379
f 5383 5384 5379
f 5383 5379 5378
f 5382 5383 5378
f 5381 5377 5380
f 5384 5381 5380
f 5391 5390 5389
f 5392 5391 5389
f 5386 5387 5388
f 5385 5386 5388
f 5390 5386 5385
f 5389 5390 5385
f 5392 5388 5387
f 5391 5392 5387
f 5391 5387 5386
f 5390 5391 5386
f 5389 5385 5388
f 5392 5389 5388
f 5399 5398 5397
f 5400 5399 5397
f 5394 5395 5396
f 5393 5394 5396
f 5398 5394 5393
f 5397 5398 5393
f 5400 5396 5395
f 5399 5400 5395
f 5399 5395 5394
f 5398 5399 5394
f 5397 5393 5396
f 5400 5397 5396
f 5407 5406 5405
f 5408 5407 5405
f 5402 5403 5404
f 5401 5402 5404
f 5406 5402 5401
f 5405 5406 5401
f 5408 5404 5403
f 5407 5408 5403
f 5407 5403 5402
f 5406 5407 5402
f 5405 5401 5404
f 5408 5405 5404
f 5415 5414 5413
f 5416 5415 5413
f 5410 5411 5412
f 5409 5410 5412
f 5414 5410 5409
f 5413 5414 5409
f 5416 5412 5411
f 5415 5416 5411
f 5415 5411 5410
f 5414 5415 5410
f 5413 5409 5412
f 5416 5413 5412
f 5423 5422 5421
f 5424 5423 5421
f 5418 5419 5420
f 5417 5418 5420
f 5422 5418 5417
f 5421 5422 5417
f 5424 5420 5419
f 5423 5424 5419
f 5423 5419 5418
f 5422 5423 5418
f 5421 5417 5420
f 5424 5421 5420
f 5431 5430 5429
f 5432 5431 5429
f 5426 5427 5428
f 5425 5426 5428
f 5430 5426 5425
f 5429 5430 5425
f 5432 5428 5427
f 5431 5432 5427
f 5431 5427 5426
f 5430 5431 5426
f 5429 5425 5428
f 5432 5429 5428
f 5439 5438 5437
f 5440 5439 5437
f 5434 5435 5436
f 5433 5434 5436
f 5438 5434 5433
f 5437 5438 5433
f 5440 5436 5435
f 5439 5440 5435
f 5439 5435 5434
f 5438 5439 5434
f 5437 5433 5436
f 5440 5437 5436
f 5447 5446 5445
f 5448 5447 5445
f 5442 5443 5444
f 5441 5442 5444
f 5446 5442 5441
f 5445 5446 5441
f 5448 5444 5443
f 5447 5448 5443
f 5447 5443 5442
f 5446 5447 5442
f 5445 5441 5444
f 5448 5445 5444
f 5455 5454 5453
f 5456 5455 5453
f 5450 5451 5452
f 5449 5450 5452
f 5454 5450 5449
f 5453 5454 5449
f 5456 5452 5451
f 5455 5456 5451
f 5455 5451 5450
f 5454 5455 5450
f 5453 5449 5452
f 5456 5453 5452
f 5591 5590 5589
f 5592 5591 5589
f 5586 5587 5588
f 5585 5586 5588
f 5590 5586 5585
f 5589 5590 5585
f 5592 5588 5587
f 5591 5592 5587
f 5591 5587 5586
f 5590 5591 5586
f 5589 5585 5588
f 5592 5589 5588
f 5599 5598 5597
f 5600 5599 5597
f 5594 5595 5596
f 5593 5594 5596
f 5598 5594 5593
f 5597 5598 5593
f 5600 5596 5595
f 5599 5600 5595
f 5599 5595 5594
f 5598 5599 5594
f 5597 5593 5596
f 5600 5597 5596
f 5607 5606 5605
f 5608 5607 5605
f 5602 5603 5604
f 5601 5602 5604
f 5606 5602 5601
f 5605 5606 5601
f 5608 5604 5603
f 5607 5608 5603
f 5607 5603 5602
f 5606 5607 5602
f 5605 5601 5604
f 5608 5605 5604
f 5615 5614 5613
f 5616 5615 5613
f 5610 5611 5612
f 5609 5610 5612
f 5614 5610 5609
f 5613 5614 5609
f 5616 5612 5611
f 5615 5616 5611
f 5615 5611 5610
f 5614 5615 5610
f 5613 5609 5612
f 5616 5613 5612
f 5623 5622 5621
f 5624 5623 5621
f 5618 5619 5620
f 5617 5618 5620
f 5622 5618 5617
f 5621 5622 5617
f 5624 5620 5619
f 5623 5624 5619
f 5623 5619 5618
f 5622 5623 5618
f 5621 5617 5620
f 5624 5621 5620
f 5631 5630 5629
f 5632 5631 5629
f 5626 5627 5628
f 5625 5626 5628
f 5630 5626 5625
f 5629 5630 5625
f 5632 5628 5627
f 5631 5632 5627
f 5631 5627 5626
f 5630 5631 5626
f 5629 5625 5628
f 5632 5629 5628
f 5639 5638 5637
f 5640 5639 5637
f 5634 5635 5636
f 5633 5634 5636
f 5638 5634 5633
f 5637 5638 5633
f 5640 5636 5635
f 5639 5640 5635
f 5639 5635 5634
f 5638 5639 5634
f 5637 5633 5636
f 5640 5637 5636
f 5647 5646 5645
f 5648 5647 5645
f 5642 5643 5644
f 5641 5642 5644
f 5646 5642 5641
f 5645 5646 5641
f 5648 5644 5643
f 5647 5648 5643
f 5647 5643 5642
f 5646 5647 5642
f 5645 5641 5644
f 5648 5645 5644
f 5655 5654 5653
f 5656 5655 5653
f 5650 5651 5652
f 5649 5650 5652
f 5654 5650 5649
f 5653 5654 5649
f 5656 5652 5651
f 5655 5656 5651
f 5655 5651 5650
f 5654 5655 5650
f 5653 5649 5652
f 5656 5653 5652
f 5663 5662 5661
f 5664 5663 5661
f 5658 5659 5660
f 5657 5658 5660
f 5662 5658 5657
f 5661 5662 5657
f 5664 5660 5659
f 5663 5664 5659
f 5663 5659 5658
f 5662 5663 5658
f 5661 5657 5660
f 5664 5661 5660
f 5671 5670 5669
f 5672 5671 5669
f 5666 5667 5668
f 5665 5666 5668
f 5670 5666 5665
f 5669 5670 5665
f 5672 5668 5667
f 5671 5672 5667
f 5671 5667 5666
f 5670 5671 5666
f 5669 5665 5668
f 5672 5669 5668
f 5679 5678 5677
f 5680 5679 5677
f 5674 5675 5676
f 5673 5674 5676
f 5678 5674 5673
f 5677 5678 5673
f 5680 5676 5675
f 5679 5680 5675
f 5679 5675 5674
f 5678 5679 5674
f 5677 5673 5676
f 5680 5677 5676
f 5687 5686 5685
f 5688 5687 5685
f 5682 5683 5684
f 5681 5682 5684
f 5686 5682 5681
f 5685 5686 5681
f 5688 5684 5683
f 5687 5688 5683
f 5687 5683 5682
f 5686 5687 5682
f 5685 5681 5684
f 5688 5685 5684
f 7815 7814 7813
f 7816 7815 7813
f 7810 7811 7812
f 7809 7810 7812
f 7814 7810 7809
f 7813 7814 7809
f 7816 7812 7811
f 7815 7816 7811
f 7815 7811 7810
f 7814 7815 7810
f 7813 7809 7812
f 7816 7813 7812
f 7831 7830 7829
f 7832 7831 7829
f 7826 7827 7828
f 7825 7826 7828
f 7830 7826 7825
f 7829 7830 7825
f 7832 7828 7827
f 7831 7832 7827
f 7831 7827 7826
f 7830 7831 7826
f 7829 7825 7828
f 7832 7829 7828
f 7847 7846 7845
f 7848 7847 7845
f 7842 7843 7844
f 7841 7842 7844
f 7846 7842 7841
f 7845 7846 7841
f 7848 7844 7843
f 7847 7848 7843
f 7847 7843 7842
f 7846 7847 7842
f 7845 7841 7844
f 7848 7845 7844
f 7863 7862 7861
f 7864 7863 7861
f 7858 7859 7860
f 7857 7858 7860
f 7862 7858 7857
f 7861 7862 7857
f 7864 7860 7859
f 7863 7864 7859
f 7863 7859 7858
f 7862 7863 7858
f 7861 7857 7860
f 7864 7861 7860
f 7879 7878 7877
f 7880 7879 7877
f 7874 7875 7876
f 7873 7874 7876
f 7878 7874 7873
f 7877 7878 7873
f 7880 7876 7875
f 7879 7880 7875
f 7879 7875 7874
f 7878 7879 7874
f 7877 7873 7876
f 7880 7877 7876
f 7895 7894 7893
f 7896 7895 7893
f 7890 7891 7892
f 7889 7890 7892
f 7894 7890 7889
f 7893 7894 7889
f 7896 7892 7891
f 7895 7896 7891
f 7895 7891 7890
f 7894 7895 7890
f 7893 7889 7892
f 7896 7893 7892
f 7911 7910 7909
f 7912 7911 7909
f 7906 7907 7908
f 7905 7906 7908
f 7910 7906 7905
f 7909 7910 7905
f 7912 7908 7907
f 7911 7912 7907
f 7911 7907 7906
f 7910 7911 7906
f 7909 7905 7908
f 7912 7909 7908
f 7927 7926 7925
f 7928 7927 7925
f 7922 7923 7924
f 7921 7922 7924
f 7926 7922 7921
f 7925 7926 7921
f 7928 7924 7923
f 7927 7928 7923
f 7927 7923 7922
f 7926 7927 7922
f 7925 7921 7924
f 7928 7925 7924
f 7943 7942 7941
f 7944 7943 7941
f 7938 7939 7940
f 7937 7938 7940
f 7942 7938 7937
f 7941 7942 7937
f 7944 7940 7939
f 7943 7944 7939
f 7943 7939 7938
f 7942 7943 7938
f 7941 7937 7940
f 7944 7941 7940
f 7959 7958 7957
f 7960 7959 7957
f 7954 7955 7956
f 7953 7954 7956
f 7958 7954 7953
f 7957 7958 7953
f 7960 7956 7955
f 7959 7960 7955
f 7959 7955 7954
f 7958 7959 7954
f 7957 7953 7956
f 7960 7957 7956
f 7975 7974 7973
f 7976 7975 7973
f 7970 7971 7972
f 7969 7970 7972
f 7974 7970 7969
f 7973 7974 7969
f 7976 7972 7971
f 7975 7976 7971
f 7975 7971 7970
f 7974 7975 7970
f 7973 7969 7972
f 7976 7973 7972
f 7991 7990 7989
f 7992 7991 7989
f 7986 7987 7988
f 7985 7986 7988
f 7990 7986 7985
f 7989 7990 7985
f 7992 7988 7987
f 7991 7992 7987
f 7991 7987 7986
f 7990 7991 7986
f 7989 7985 7988
f 7992 7989 7988
f 8007 8006 8005
f 8008 8007 8005
f 8002 8003 8004
f 8001 8002 8004
f 8006 8002 8001
f 8005 8006 8001
f 8008 8004 8003
f 8007 8008 8003
f 8007 8003 8002
f 8006 8007 8002
f 8005 8001 8004
f 8008 8005 8004
f 8023 8022 8021
f 8024 8023 8021
f 8018 8019 8020
f 8017 8018 8020
f 8022 8018 8017
f 8021 8022 8017
f 8024 8020 8019
f 8023 8024 8019
f 8023 8019 8018
f 8022 8023 8018
f 8021 8017 8020
f 8024 8021 8020
f 8727 8726 8725
f 8728 8727 8725
f 8722 8723 8724
f 8721 8722 8724
f 8726 8722 8721
f 8725 8726 8721
f 8728 8724 8723
f 8727 8728 8723
f 8727 8723 8722
f 8726 8727 8722
f 8725 8721 8724
f 8728 8725 8724
f 8735 8734 8733
f 8736 8735 8733
f 8730 8731 8732
f 8729 8730 8732
f 8734 8730 8729
f 8733 8734 8729
f 8736 8732 8731
f 8735 8736 8731
f 8735 8731 8730
f 8734 8735 8730
f 8733 8729 8732
f 8736 8733 8732
f 8743 8742 8741
f 8744 8743 8741
f 8738 8739 8740
f 8737 8738 8740
f 8742 8738 8737
f 8741 8742 8737
f 8744 8740 8739
f 8743 8744 8739
f 8743 8739 8738
f 8742 8743 8738
f 8741 8737 8740
f 8744 8741 8740
f 8751 8750 8749
f 8752 8751 8749
f 8746 8747 8748
f 8745 8746 8748
f 8750 8746 8745
f 8749 8750 8745
f 8752 8748 8747
f 8751 8752 8747
f 8751 8747 8746
f 8750 8751 8746
f 8749 8745 8748
f 8752 8749 8748
f 8759 8758 8757
f 8760 8759 8757
f 8754 8755 8756
f 8753 8754 8756
f 8758 8754 8753
f 8757 8758 8753
f 8760 8756 8755
f 8759 8760 8755
f 8759 8755 8754
f 8758 8759 8754
f 8757 8753 8756
f 8760 8757 8756
f 8767 8766 8765
f 8768 8767 8765
f 8762 8763 8764
f 8761 8762 8764
f 8766 8762 8761
f 8765 8766 8761
f 8768 8764 8763
f 8767 8768 8763
f 8767 8763 8762
f 8766 8767 8762
f 8765 8761 8764
f 8768 8765 8764
f 8775 8774 8773
f 8776 8775 8773
f 8770 8771 8772
f 8769 8770 8772
f 8774 8770 8769
f 8773 8774 8769
f 8776 8772 8771
f 8775 8776 8771
f 8775 8771 8770
f 8774 8775 8770
f 8773 8769 8772
f 8776 8773 8772
f 8783 8782 8781
f 8784 8783 8781
f 8778 8779 8780
f 8777 8778 8780
f 8782 8778 8777
f 8781 8782 8777
f 8784 8780 8779
f 8783 8784 8779
f 8783 8779 8778
f 8782 8783 8778
f 8781 8777 8780
f 8784 8781 8780
f 8791 8790 8789
f 8792 8791 8789
f 8786 8787 8788
f 8785 8786 8788
f 8790 8786 8785
f 8789 8790 8785
f 8792 8788 8787
f 8791 8792 8787
f 8791 8787 8786
f 8790 8791 8786
f 8789 8785 8788
f 8792 8789 8788
f 8799 8798 8797
f 8800 8799 8797
f 8794 8795 8796
f 8793 8794 8796
f 8798 8794 8793
f 8797 8798 8793
f 8800 8796 8795
f 8799 8800 8795
f 8799 8795 8794
f 8798 8799 8794
f 8797 8793 8796
f 8800 8797 8796
f 8807 8806 8805
f 8808 8807 8805
f 8802 8803 8804
f 8801 8802 8804
f 8806 8802 8801
f 8805 8806 8801
f 8808 8804 8803
f 8807 8808 8803
f 8807 8803 8802
f 8806 8807 8802
f 8805 8801 8804
f 8808 8805 8804
f 8815 8814 8813
f 8816 8815 8813
f 8810 8811 8812
f 8809 8810 8812
f 8814 8810 8809
f 8813 8814 8809
f 8816 8812 8811
f 8815 8816 8811
f 8815 8811 8810
f 8814 8815 8810
f 8813 8809 8812
f 8816 8813 8812
f 8823 8822 8821
f 8824 8823 8821
f 8818 8819 8820
f 8817 8818 8820
f 8822 8818 8817
f 8821 8822 8817
f 8824 8820 8819
f 8823 8824 8819
f 8823 8819 8818
f 8822 8823 8818
f 8821 8817 8820
f 8824 8821 8820
f 8831 8830 8829
f 8832 8831 8829
f 8826 8827 8828
f 8825 8826 8828
f 8830 8826 8825
f 8829 8830 8825
f 8832 8828 8827
f 8831 8832 8827
f 8831 8827 8826
f 8830 8831 8826
f 8829 8825 8828
f 8832 8829 8828
f 8839 8838 8837
f 8840 8839 8837
f 8834 8835 8836
f 8833 8834 8836
f 8838 8834 8833
f 8837 8838 8833
f 8840 8836 8835
f 8839 8840 8835
f 8839 8835 8834
f 8838 8839 8834
f 8837 8833 8836
f 8840 8837 8836
f 8847 8846 8845
f 8848 8847 8845
f 8842 8843 8844
f 8841 8842 8844
f 8846 8842 8841
f 8845 8846 8841
f 8848 8844 8843
f 8847 8848 8843
f 8847 8843 8842
f 8846 8847 8842
f 8845 8841 8844
f 8848 8845 8844
f 8863 8862 8861
f 8864 8863 8861
f 8858 8859 8860
f 8857 8858 8860
f 8862 8858 8857
f 8861 8862 8857
f 8864 8860 8859
f 8863 8864 8859
f 8863 8859 8858
f 8862 8863 8858
f 8861 8857 8860
f 8864 8861 8860
f 8871 8870 8869
f 8872 8871 8869
f 8866 8867 8868
f 8865 8866 8868
f 8870 8866 8865
f 8869 8870 8865
f 8872 8868 8867
f 8871 8872 8867
f 8871 8867 8866
f 8870 8871 8866
f 8869 8865 8868
f 8872 8869 8868
f 8879 8878 8877
f 8880 8879 8877
f 8874 8875 8876
f 8873 8874 8876
f 8878 8874 8873
f 8877 8878 8873
f 8880 8876 8875
f 8879 8880 8875
f 8879 8875 8874
f 8878 8879 8874
f 8877 8873 8876
f 8880 8877 8876
f 8887 8886 8885
f 8888 8887 8885
f 8882 8883 8884
f 8881 8882 8884
f 8886 8882 8881
f 8885 8886 8881
f 8888 8884 8883
f 8887 8888 8883
f 8887 8883 8882
f 8886 8887 8882
f 8885 8881 8884
f 8888 8885 8884
f 8895 8894 8893
f 8896 8895 8893
f 8890 8891 8892
f 8889 8890 8892
f 8894 8890 8889
f 8893 8894 8889
f 8896 8892 8891
f 8895 8896 8891
f 8895 8891 8890
f 8894 8895 8890
f 8893 8889 8892
f 8896 8893 8892
f 8903 8902 8901
f 8904 8903 8901
f 8898 8899 8900
f 8897 8898 8900
f 8902 8898 8897
f 8901 8902 8897
f 8904 8900 8899
f 8903 8904 8899
f 8903 8899 8898
f 8902 8903 8898
f 8901 8897 8900
f 8904 8901 8900
f 8911 8910 8909
f 8912 8911 8909
f 8906 8907 8908
f 8905 8906 8908
f 8910 8906 8905
f 8909 8910 8905
f 8912 8908 8907
f 8911 8912 8907
f 8911 8907 8906
f 8910 8911 8906
f 8909 8905 8908
f 8912 8909 8908
f 8919 8918 8917
f 8920 8919 8917
f 8914 8915 8916
f 8913 8914 8916
f 8918 8914 8913
f 8917 8918 8913
f 8920 8916 8915
f 8919 8920 8915
f 8919 8915 8914
f 8918 8919 8914
f 8917 8913 8916
f 8920 8917 8916
f 8927 8926 8925
f 8928 8927 8925
f 8922 8923 8924
f 8921 8922 8924
f 8926 8922 8921
f 8925 8926 8921
f 8928 8924 8923
f 8927 8928 8923
f 8927 8923 8922
f 8926 8927 8922
f 8925 8921 8924
f 8928 8925 8924
f 8935 8934 8933
f 8936 8935 8933
f 8930 8931 8932
f 8929 8930 8932
f 8934 8930 8929
f 8933 8934 8929
f 8936 8932 8931
f 8935 8936 8931
f 8935 8931 8930
f 8934 8935 8930
f 8933 8929 8932
f 8936 8933 8932
f 8943 8942 8941
f 8944 8943 8941
f 8938 8939 8940
f 8937 8938 8940
f 8942 8938 8937
f 8941 8942 8937
f 8944 8940 8939
f 8943 8944 8939
f 8943 8939 8938
f 8942 8943 8938
f 8941 8937 8940
f 8944 8941 8940
f 8951 8950 8949
f 8952 8951 8949
f 8946 8947 8948
f 8945 8946 8948
f 8950 8946 8945
f 8949 8950 8945
f 8952 8948 8947
f 8951 8952 8947
f 8951 8947 8946
f 8950 8951 8946
f 8949 8945 8948
f 8952 8949 8948
f 8959 8958 8957
f 8960 8959 8957
f 8954 8955 8956
f 8953 8954 8956
f 8958 8954 8953
f 8957 8958 8953
f 8960 8956 8955
f 8959 8960 8955
f 8959 8955 8954
f 8958 8959 8954
f 8957 8953 8956
f 8960 8957 8956
f 8967 8966 8965
f 8968 8967 8965
f 8962 8963 8964
f 8961 8962 8964
f 8966 8962 8961
f 8965 8966 8961
f 8968 8964 8963
f 8967 8968 8963
f 8967 8963 8962
f 8966 8967 8962
f 8965 8961 8964
f 8968 8965 8964
f 8975 8974 8973
f 8976 8975 8973
f 8970 8971 8972
f 8969 8970 8972
f 8974 8970 8969
f 8973 8974 8969
f 8976 8972 8971
f 8975 8976 8971
f 8975 8971 8970
f 8974 8975 8970
f 8973 8969 8972
f 8976 8973 8972
f 8983 8982 8981
f 8984 8983 8981
f 8978 8979 8980
f 8977 8978 8980
f 8982 8978 8977
f 8981 8982 8977
f 8984 8980 8979
f 8983 8984 8979
f 8983 8979 8978
f 8982 8983 8978
f 8981 8977 8980
f 8984 8981 8980
o pier
usemtl tile
f 535 534 533
f 536 535 533
f 530 531 532
f 529 530 532
f 534 530 529
f 533 534 529
f 536 532 531
f 535 536 531
f 535 531 530
f 534 535 530
f 533 529 532
f 536 533 532
f 663 662 661
f 664 663 661
f 658 659 660
f 657 658 660
f 662 658 657
f 661 662 657
f 664 660 659
f 663 664 659
f 663 659 658
f 662 663 658
f 661 657 660
f 664 661 660
f 791 790 789
f 792 791 789
f 786 787 788
f 785 786 788
f 790 786 785
f 789 790 785
f 792 788 787
f 791 792 787
f 791 787 786
f 790 791 786
f 789 785 788
f 792 789 788
f 919 918 917
f 920 919 917
f 914 915 916
f 913 914 916
f 918 914 913
f 917 918 913
f 920 916 915
f 919 920 915
f 919 915 914
f 918 919 914
f 917 913 916
f 920 917 916
f 1047 1046 1045
f 1048 1047 1045
f 1042 1043 1044
f 1041 1042 1044
f 1046 1042 1041
f 1045 1046 1041
f 1048 1044 1043
f 1047 1048 1043
f 1047 1043 1042
f 1046 1047 1042
f 1045 1041 1044
f 1048 1045 1044
f 1175 1174 1173
f 1176 1175 1173
f 1170 1171 1172
f 1169 1170 1172
f 1174 1170 1169
f 1173 1174 1169
f 1176 1172 1171
f 1175 1176 1171
f 1175 1171 1170
f 1174 1175 1170
f 1173 1169 1172
f 1176 1173 1172
f 1303 1302 1301
f 1304 1303 1301
f 1298 1299 1300
f 1297 1298 1300
f 1302 1298 1297
f 1301 1302 1297
f 1304 1300 1299
f 1303 1304 1299
f 1303 1299 1298
f 1302 1303 1298
f 1301 1297 1300
f 1304 1301 1300
f 1431 1430 1429
f 1432 1431 1429
f 1426 1427 1428
f 1425 1426 1428
f 1430 1426 1425
f 1429 1430 1425
f 1432 1428 1427
f 1431 1432 1427
f 1431 1427 1426
f 1430 1431 1426
f 1429 1425 1428
f 1432 1429 1428
f 1559 1558 1557
f 1560 1559 1557
f 1554 1555 1556
f 1553 1554 1556
f 1558 1554 1553
f 1557 1558 1553
f 1560 1556 1555
f 1559 1560 1555
f 1559 1555 1554
f 1558 1559 1554
f 1557 1553 1556
f 1560 1557 1556
f 1687 1686 1685
f 1688 1687 1685
f 1682 1683 1684
f 1681 1682 1684
f 1686 1682 1681
f 1685 1686 1681
f 1688 1684 1683
f 1687 1688 1683
f 1687 1683 1682
f 1686 1687 1682
f 1685 1681 1684
f 1688 1685 1684
f 1815 1814 1813
f 1816 1815 1813
f 1810 1811 1812
f 1809 1810 1812
f 1814 1810 1809
f 1813 1814 1809
f 1816 1812 1811
f 1815 1816 1811
f 1815 1811 1810
f 1814 1815 1810
f 1813 1809 1812
f 1816 1813 1812
f 1943 1942 1941
f 1944 1943 1941
f 1938 1939 1940
f 1937 1938 1940
f 1942 1938 1937
f 1941 1942 1937
f 1944 1940 1939
f 1943 1944 1939
f 1943 1939 1938
f 1942 1943 1938
f 1941 1937 1940
f 1944 1941 1940
f 2071 2070 2069
f 2072 2071 2069
f 2066 2067 2068
f 2065 2066 2068
f 2070 2066 2065
f 2069 2070 2065
f 2072 2068 2067
f 2071 2072 2067
f 2071 2067 2066
f 2070 2071 2066
f 2069 2065 2068
f 2072 2069 2068
f 2199 2198 2197
f 2200 2199 2197
f 2194 2195 2196
f 2193 2194 2196
f 2198 2194 2193
f 2197 2198 2193
f 2200 2196 2195
f 2199 2200 2195
f 2199 2195 2194
f 2198 2199 2194
f 2197 2193 2196
f 2200 2197 2196
f 2327 2326 2325
f 2328 2327 2325
f 2322 2323 2324
f 2321 2322 2324
f 2326 2322 2321
f 2325 2326 2321
f 2328 2324 2323
f 2327 2328 2323
f 2327 2323 2322
f 2326 2327 2322
f 2325 2321 2324
f 2328 2325 2324
f 2455 2454 2453
f 2456 2455 2453
f 2450 2451 2452
f 2449 2450 2452
f 2454 2450 2449
f 2453 2454 2449
f 2456 2452 2451
f 2455 2456 2451
f 2455 2451 2450
f 2454 2455 2450
f 2453 2449 2452
f 2456 2453 2452
f 2583 2582 2581
f 2584 2583 2581
f 2578 2579 2580
f 2577 2578 2580
f 2582 2578 2577
f 2581 2582 2577
f 2584 2580 2579
f 2583 2584 2579
f 2583 2579 2578
f 2582 2583 2578
f 2581 2577 2580
f 2584 2581 2580
f 2711 2710 2709
f 2712 2711 2709
f 2706 2707 2708
f 2705 2706 2708
f 2710 2706 2705
f 2709 2710 2705
f 2712 2708 2707
f 2711 2712 2707
f 2711 2707 2706
f 2710 2711 2706
f 2709 2705 2708
f 2712 2709 2708
f 2839 2838 2837
f 2840 2839 2837
f 2834 2835 2836
f 2833 2834 2836
f 2838 2834 2833
f 2837 2838 2833
f 2840 2836 2835
f 2839 2840 2835
f 2839 2835 2834
f 2838 2839 2834
f 2837 2833 2836
f 2840 2837 2836
f 2967 2966 2965
f 2968 2967 2965
f 2962 2963 2964
f 2961 2962 2964
f 2966 2962 2961
f 2965 2966 2961
f 2968 2964 2963
f 2967 2968 2963
f 2967 2963 2962
f 2966 2967 2962
f 2965 2961 2964
f 2968 2965 2964
f 3095 3094 3093
f 3096 3095 3093
f 3090 3091 3092
f 3089 3090 3092
f 3094 3090 3089
f 3093 3094 3089
f 3096 3092 3091
f 3095 3096 3091
f 3095 3091 3090
f 3094 3095 3090
f 3093 3089 3092
f 3096 3093 3092
f 3223 3222 3221
f 3224 3223 3221
f 3218 3219 3220
f 3217 3218 3220
f 3222 3218 3217
f 3221 3222 3217
f 3224 3220 3219
f 3223 3224 3219
f 3223 3219 3218
f 3222 3223 3218
f 3221 3217 3220
f 3224 3221 3220
f 3351 3350 3349
f 3352 3351 3349
f 3346 3347 3348
f 3345 3346 3348
f 3350 3346 3345
f 3349 3350 3345
f 3352 3348 3347
f 3351 3352 3347
f 3351 3347 3346
f 3350 3351 3346
f 3349 3345 3348
f 3352 3349 3348
f 3479 3478 3477
f 3480 3479 3477
f 3474 3475 3476
f 3473 3474 3476
f 3478 3474 3473
f 3477 3478 3473
f 3480 3476 3475
f 3479 3480 3475
f 3479 3475 3474
f 3478 3479 3474
f 3477 3473 3476
f 3480 3477 3476
f 3607 3606 3605
f 3608 3607 3605
f 3602 3603 3604
f 3601 3602 3604
f 3606 3602 3601
f 3605 3606 3601
f 3608 3604 3603
f 3607 3608 3603
f 3607 3603 3602
f 3606 3607 3602
f 3605 3601 3604
f 3608 3605 3604
f 3735 3734 3733
f 3736 3735 3733
f 3730 3731 3732
f 3729 3730 3732
f 3734 3730 3729
f 3733 3734 3729
f 3736 3732 3731
f 3735 3736 3731
f 3735 3731 3730
f 3734 3735 3730
f 3733 3729 3732
f 3736 3733 3732
f 3863 3862 3861
f 3864 3863 3861
f 3858 3859 3860
f 3857 3858 3860
f 3862 3858 3857
f 3861 3862 3857
f 3864 3860 3859
f 3863 3864 3859
f 3863 3859 3858
f 3862 3863 3858
f 3861 3857 3860
f 3864 3861 3860
f 3991 3990 3989
f 3992 3991 3989
f 3986 3987 3988
f 3985 3986 3988
f 3990 3986 3985
f 3989 3990 3985
f 3992 3988 3987
f 3991 3992 3987
f 3991 3987 3986
f 3990 3991 3986
f 3989 3985 3988
f 3992 3989 3988
f 4119 4118 4117
f 4120 4119 4117
f 4114 4115 4116
f 4113 4114 4116
f 4118 4114 4113
f 4117 4118 4113
f 4120 4116 4115
f 4119 4120 4115
f 4119 4115 4114
f 4118 4119 4114
f 4117 4113 4116
f 4120 4117 4116
f 4247 4246 4245
f 4248 4247 4245
f 4242 4243 4244
f 4241 4242 4244
f 4246 4242 4241
f 4245 4246 4241
f 4248 4244 4243
f 4247 4248 4243
f 4247 4243 4242
f 4246 4247 4242
f 4245 4241 4244
f 4248 4245 4244
f 4375 4374 4373
f 4376 4375 4373
f 4370 4371 4372
f 4369 4370 4372
f 4374 4370 4369
f 4373 4374 4369
f 4376 4372 4371
f 4375 4376 4371
f 4375 4371 4370
f 4374 4375 4370
f 4373 4369 4372
f 4376 4373 4372
f 4503 4502 4501
f 4504 4503 4501
f 4498 4499 4500
f 4497 4498 4500
f 4502 4498 4497
f 4501 4502 4497
f 4504 4500 4499
f 4503 4504 4499
f 4503 4499 4498
f 4502 4503 4498
f 4501 4497 4500
f 4504 4501 4500
f 4631 4630 4629
f 4632 4631 4629
f 4626 4627 4628
f 4625 4626 4628
f 4630 4626 4625
f 4629 4630 4625
f 4632 4628 4627
f 4631 4632 4627
f 4631 4627 4626
f 4630 4631 4626
f 4629 4625 4628
f 4632 4629 4628
f 4759 4758 4757
f 4760 4759 4757
f 4754 4755 4756
f 4753 4754 4756
f 4758 4754 4753
f 4757 4758 4753
f 4760 4756 4755
f 4759 4760 4755
f 4759 4755 4754
f 4758 4759 4754
f 4757 4753 4756
f 4760 4757 4756
f 4887 4886 4885
f 4888 4887 4885
f 4882 4883 4884
f 4881 4882 4884
f 4886 4882 4881
f 4885 4886 4881
f 4888 4884 4883
f 4887 4888 4883
f 4887 4883 4882
f 4886 4887 4882
f 4885 4881 4884
f 4888 4885 4884
f 5015 5014 5013
f 5016 5015 5013
f 5010 5011 5012
f 5009 5010 5012
f 5014 5010 5009
f 5013 5014 5009
f 5016 5012 5011
f 5015 5016 5011
f 5015 5011 5010
f 5014 5015 5010
f 5013 5009 5012
f 5016 5013 5012
usemtl tile_d
f 543 542 541
f 544 543 541
f 538 539 540
f 537 538 540
f 542 538 537
f 541 542 537
f 544 540 539
f 543 544 539
f 543 539 538
f 542 543 538
f 541 537 540
f 544 541 540
f 551 550 549
f 552 551 549
f 546 547 548
f 545 546 548
f 550 546 545
f 549 550 545
f 552 548 547
f 551 552 547
f 551 547 546
f 550 551 546
f 549 545 548
f 552 549 548
f 559 558 557
f 560 559 557
f 554 555 556
f 553 554 556
f 558 554 553
f 557 558 553
f 560 556 555
f 559 560 555
f 559 555 554
f 558 559 554
f 557 553 556
f 560 557 556
f 567 566 565
f 568 567 565
f 562 563 564
f 561 562 564
f 566 562 561
f 565 566 561
f 568 564 563
f 567 568 563
f 567 563 562
f 566 567 562
f 565 561 564
f 568 565 564
f 575 574 573
f 576 575 573
f 570 571 572
f 569 570 572
f 574 570 569
f 573 574 569
f 576 572 571
f 575 576 571
f 575 571 570
f 574 575 570
f 573 569 572
f 576 573 572
f 583 582 581
f 584 583 581
f 578 579 580
f 577 578 580
f 582 578 577
f 581 582 577
f 584 580 579
f 583 584 579
f 583 579 578
f 582 583 578
f 581 577 580
f 584 581 580
f 591 590 589
f 592 591 589
f 586 587 588
f 585 586 588
f 590 586 585
f 589 590 585
f 592 588 587
f 591 592 587
f 591 587 586
f 590 591 586
f 589 585 588
f 592 589 588
f 599 598 597
f 600 599 597
f 594 595 596
f 593 594 596
f 598 594 593
f 597 598 593
f 600 596 595
f 599 600 595
f 599 595 594
f 598 599 594
f 597 593 596
f 600 597 596
f 607 606 605
f 608 607 605
f 602 603 604
f 601 602 604
f 606 602 601
f 605 606 601
f 608 604 603
f 607 608 603
f 607 603 602
f 606 607 602
f 605 601 604
f 608 605 604
f 615 614 613
f 616 615 613
f 610 611 612
f 609 610 612
f 614 610 609
f 613 614 609
f 616 612 611
f 615 616 611
f 615 611 610
f 614 615 610
f 613 609 612
f 616 613 612
f 623 622 621
f 624 623 621
f 618 619 620
f 617 618 620
f 622 618 617
f 621 622 617
f 624 620 619
f 623 624 619
f 623 619 618
f 622 623 618
f 621 617 620
f 624 621 620
f 631 630 629
f 632 631 629
f 626 627 628
f 625 626 628
f 630 626 625
f 629 630 625
f 632 628 627
f 631 632 627
f 631 627 626
f 630 631 626
f 629 625 628
f 632 629 628
f 671 670 669
f 672 671 669
f 666 667 668
f 665 666 668
f 670 666 665
f 669 670 665
f 672 668 667
f 671 672 667
f 671 667 666
f 670 671 666
f 669 665 668
f 672 669 668
f 679 678 677
f 680 679 677
f 674 675 676
f 673 674 676
f 678 674 673
f 677 678 673
f 680 676 675
f 679 680 675
f 679 675 674
f 678 679 674
f 677 673 676
f 680 677 676
f 687 686 685
f 688 687 685
f 682 683 684
f 681 682 684
f 686 682 681
f 685 686 681
f 688 684 683
f 687 688 683
f 687 683 682
f 686 687 682
f 685 681 684
f 688 685 684
f 695 694 693
f 696 695 693
f 690 691 692
f 689 690 692
f 694 690 689
f 693 694 689
f 696 692 691
f 695 696 691
f 695 691 690
f 694 695 690
f 693 689 692
f 696 693 692
f 703 702 701
f 704 703 701
f 698 699 700
f 697 698 700
f 702 698 697
f 701 702 697
f 704 700 699
f 703 704 699
f 703 699 698
f 702 703 698
f 701 697 700
f 704 701 700
f 711 710 709
f 712 711 709
f 706 707 708
f 705 706 708
f 710 706 705
f 709 710 705
f 712 708 707
f 711 712 707
f 711 707 706
f 710 711 706
f 709 705 708
f 712 709 708
f 719 718 717
f 720 719 717
f 714 715 716
f 713 714 716
f 718 714 713
f 717 718 713
f 720 716 715
f 719 720 715
f 719 715 714
f 718 719 714
f 717 713 716
f 720 717 716
f 727 726 725
f 728 727 725
f 722 723 724
f 721 722 724
f 726 722 721
f 725 726 721
f 728 724 723
f 727 728 723
f 727 723 722
f 726 727 722
f 725 721 724
f 728 725 724
f 735 734 733
f 736 735 733
f 730 731 732
f 729 730 732
f 734 730 729
f 733 734 729
f 736 732 731
f 735 736 731
f 735 731 730
f 734 735 730
f 733 729 732
f 736 733 732
f 743 742 741
f 744 743 741
f 738 739 740
f 737 738 740
f 742 738 737
f 741 742 737
f 744 740 739
f 743 744 739
f 743 739 738
f 742 743 738
f 741 737 740
f 744 741 740
f 751 750 749
f 752 751 749
f 746 747 748
f 745 746 748
f 750 746 745
f 749 750 745
f 752 748 747
f 751 752 747
f 751 747 746
f 750 751 746
f 749 745 748
f 752 749 748
f 759 758 757
f 760 759 757
f 754 755 756
f 753 754 756
f 758 754 753
f 757 758 753
f 760 756 755
f 759 760 755
f 759 755 754
f 758 759 754
f 757 753 756
f 760 757 756
f 799 798 797
f 800 799 797
f 794 795 796
f 793 794 796
f 798 794 793
f 797 798 793
f 800 796 795
f 799 800 795
f 799 795 794
f 798 799 794
f 797 793 796
f 800 797 796
f 807 806 805
f 808 807 805
f 802 803 804
f 801 802 804
f 806 802 801
f 805 806 801
f 808 804 803
f 807 808 803
f 807 803 802
f 806 807 802
f 805 801 804
f 808 805 804
f 815 814 813
f 816 815 813
f 810 811 812
f 809 810 812
f 814 810 809
f 813 814 809
f 816 812 811
f 815 816 811
f 815 811 810
f 814 815 810
f 813 809 812
f 816 813 812
f 823 822 821
f 824 823 821
f 818 819 820
f 817 818 820
f 822 818 817
f 821 822 817
f 824 820 819
f 823 824 819
f 823 819 818
f 822 823 818
f 821 817 820
f 824 821 820
f 831 830 829
f 832 831 829
f 826 827 828
f 825 826 828
f 830 826 825
f 829 830 825
f 832 828 827
f 831 832 827
f 831 827 826
f 830 831 826
f 829 825 828
f 832 829 828
f 839 838 837
f 840 839 837
f 834 835 836
f 833 834 836
f 838 834 833
f 837 838 833
f 840 836 835
f 839 840 835
f 839 835 834
f 838 839 834
f 837 833 836
f 840 837 836
f 847 846 845
f 848 847 845
f 842 843 844
f 841 842 844
f 846 842 841
f 845 846 841
f 848 844 843
f 847 848 843
f 847 843 842
f 846 847 842
f 845 841 844
f 848 845 844
f 855 854 853
f 856 855 853
f 850 851 852
f 849 850 852
f 854 850 849
f 853 854 849
f 856 852 851
f 855 856 851
f 855 851 850
f 854 855 850
f 853 849 852
f 856 853 852
f 863 862 861
f 864 863 861
f 858 859 860
f 857 858 860
f 862 858 857
f 861 862 857
f 864 860 859
f 863 864 859
f 863 859 858
f 862 863 858
f 861 857 860
f 864 861 860
f 871 870 869
f 872 871 869
f 866 867 868
f 865 866 868
f 870 866 865
f 869 870 865
f 872 868 867
f 871 872 867
f 871 867 866
f 870 871 866
f 869 865 868
f 872 869 868
f 879 878 877
f 880 879 877
f 874 875 876
f 873 874 876
f 878 874 873
f 877 878 873
f 880 876 875
f 879 880 875
f 879 875 874
f 878 879 874
f 877 873 876
f 880 877 876
f 887 886 885
f 888 887 885
f 882 883 884
f 881 882 884
f 886 882 881
f 885 886 881
f 888 884 883
f 887 888 883
f 887 883 882
f 886 887 882
f 885 881 884
f 888 885 884
f 927 926 925
f 928 927 925
f 922 923 924
f 921 922 924
f 926 922 921
f 925 926 921
f 928 924 923
f 927 928 923
f 927 923 922
f 926 927 922
f 925 921 924
f 928 925 924
f 935 934 933
f 936 935 933
f 930 931 932
f 929 930 932
f 934 930 929
f 933 934 929
f 936 932 931
f 935 936 931
f 935 931 930
f 934 935 930
f 933 929 932
f 936 933 932
f 943 942 941
f 944 943 941
f 938 939 940
f 937 938 940
f 942 938 937
f 941 942 937
f 944 940 939
f 943 944 939
f 943 939 938
f 942 943 938
f 941 937 940
f 944 941 940
f 951 950 949
f 952 951 949
f 946 947 948
f 945 946 948
f 950 946 945
f 949 950 945
f 952 948 947
f 951 952 947
f 951 947 946
f 950 951 946
f 949 945 948
f 952 949 948
f 959 958 957
f 960 959 957
f 954 955 956
f 953 954 956
f 958 954 953
f 957 958 953
f 960 956 955
f 959 960 955
f 959 955 954
f 958 959 954
f 957 953 956
f 960 957 956
f 967 966 965
f 968 967 965
f 962 963 964
f 961 962 964
f 966 962 961
f 965 966 961
f 968 964 963
f 967 968 963
f 967 963 962
f 966 967 962
f 965 961 964
f 968 965 964
f 975 974 973
f 976 975 973
f 970 971 972
f 969 970 972
f 974 970 969
f 973 974 969
f 976 972 971
f 975 976 971
f 975 971 970
f 974 975 970
f 973 969 972
f 976 973 972
f 983 982 981
f 984 983 981
f 978 979 980
f 977 978 980
f 982 978 977
f 981 982 977
f 984 980 979
f 983 984 979
f 983 979 978
f 982 983 978
f 981 977 980
f 984 981 980
f 991 990 989
f 992 991 989
f 986 987 988
f 985 986 988
f 990 986 985
f 989 990 985
f 992 988 987
f 991 992 987
f 991 987 986
f 990 991 986
f 989 985 988
f 992 989 988
f 999 998 997
f 1000 999 997
f 994 995 996
f 993 994 996
f 998 994 993
f 997 998 993
f 1000 996 995
f 999 1000 995
f 999 995 994
f 998 999 994
f 997 993 996
f 1000 997 996
f 1007 1006 1005
f 1008 1007 1005
f 1002 1003 1004
f 1001 1002 1004
f 1006 1002 1001
f 1005 1006 1001
f 1008 1004 1003
f 1007 1008 1003
f 1007 1003 1002
f 1006 1007 1002
f 1005 1001 1004
f 1008 1005 1004
f 1015 1014 1013
f 1016 1015 1013
f 1010 1011 1012
f 1009 1010 1012
f 1014 1010 1009
f 1013 1014 1009
f 1016 1012 1011
f 1015 1016 1011
f 1015 1011 1010
f 1014 1015 1010
f 1013 1009 1012
f 1016 1013 1012
f 1055 1054 1053
f 1056 1055 1053
f 1050 1051 1052
f 1049 1050 1052
f 1054 1050 1049
f 1053 1054 1049
f 1056 1052 1051
f 1055 1056 1051
f 1055 1051 1050
f 1054 1055 1050
f 1053 1049 1052
f 1056 1053 1052
f 1063 1062 1061
f 1064 1063 1061
f 1058 1059 1060
f 1057 1058 1060
f 1062 1058 1057
f 1061 1062 1057
f 1064 1060 1059
f 1063 1064 1059
f 1063 1059 1058
f 1062 1063 1058
f 1061 1057 1060
f 1064 1061 1060
f 1071 1070 1069
f 1072 1071 1069
f 1066 1067 1068
f 1065 1066 1068
f 1070 1066 1065
f 1069 1070 1065
f 1072 1068 1067
f 1071 1072 1067
f 1071 1067 1066
f 1070 1071 1066
f 1069 1065 1068
f 1072 1069 1068
f 1079 1078 1077
f 1080 1079 1077
f 1074 1075 1076
f 1073 1074 1076
f 1078 1074 1073
f 1077 1078 1073
f 1080 1076 1075
f 1079 1080 1075
f 1079 1075 1074
f 1078 1079 1074
f 1077 1073 1076
f 1080 1077 1076
f 1087 1086 1085
f 1088 1087 1085
f 1082 1083 1084
f 1081 1082 1084
f 1086 1082 1081
f 1085 1086 1081
f 1088 1084 1083
f 1087 1088 1083
f 1087 1083 1082
f 1086 1087 1082
f 1085 1081 1084
f 1088 1085 1084
f 1095 1094 1093
f 1096 1095 1093
f 1090 1091 1092
f 1089 1090 1092
f 1094 1090 1089
f 1093 1094 1089
f 1096 1092 1091
f 1095 1096 1091
f 1095 1091 1090
f 1094 1095 1090
f 1093 1089 1092
f 1096 1093 1092
f 1103 1102 1101
f 1104 1103 1101
f 1098 1099 1100
f 1097 1098 1100
f 1102 1098 1097
f 1101 1102 1097
f 1104 1100 1099
f 1103 1104 1099
f 1103 1099 1098
f 1102 1103 1098
f 1101 1097 1100
f 1104 1101 1100
f 1111 1110 1109
f 1112 1111 1109
f 1106 1107 1108
f 1105 1106 1108
f 1110 1106 1105
f 1109 1110 1105
f 1112 1108 1107
f 1111 1112 1107
f 1111 1107 1106
f 1110 1111 1106
f 1109 1105 1108
f 1112 1109 1108
f 1119 1118 1117
f 1120 1119 1117
f 1114 1115 1116
f 1113 1114 1116
f 1118 1114 1113
f 1117 1118 1113
f 1120 1116 1115
f 1119 1120 1115
f 1119 1115 1114
f 1118 1119 1114
f 1117 1113 1116
f 1120 1117 1116
f 1127 1126 1125
f 1128 1127 1125
f 1122 1123 1124
f 1121 1122 1124
f 1126 1122 1121
f 1125 1126 1121
f 1128 1124 1123
f 1127 1128 1123
f 1127 1123 1122
f 1126 1127 1122
f 1125 1121 1124
f 1128 1125 1124
f 1135 1134 1133
f 1136 1135 1133
f 1130 1131 1132
f 1129 1130 1132
f 1134 1130 1129
f 1133 1134 1129
f 1136 1132 1131
f 1135 1136 1131
f 1135 1131 1130
f 1134 1135 1130
f 1133 1129 1132
f 1136 1133 1132
f 1143 1142 1141
f 1144 1143 1141
f 1138 1139 1140
f 1137 1138 1140
f 1142 1138 1137
f 1141 1142 1137
f 1144 1140 1139
f 1143 1144 1139
f 1143 1139 1138
f 1142 1143 1138
f 1141 1137 1140
f 1144 1141 1140
f 1183 1182 1181
f 1184 1183 1181
f 1178 1179 1180
f 1177 1178 1180
f 1182 1178 1177
f 1181 1182 1177
f 1184 1180 1179
f 1183 1184 1179
f 1183 1179 1178
f 1182 1183 1178
f 1181 1177 1180
f 1184 1181 1180
f 1191 1190 1189
f 1192 1191 1189
f 1186 1187 1188
f 1185 1186 1188
f 1190 1186 1185
f 1189 1190 1185
f 1192 1188 1187
f 1191 1192 1187
f 1191 1187 1186
f 1190 1191 1186
f 1189 1185 1188
f 1192 1189 1188
f 1199 1198 1197
f 1200 1199 1197
f 1194 1195 1196
f 1193 1194 1196
f 1198 1194 1193
f 1197 1198 1193
f 1200 1196 1195
f 1199 1200 1195
f 1199 1195 1194
f 1198 1199 1194
f 1197 1193 1196
f 1200 1197 1196
f 1207 1206 1205
f 1208 1207 1205
f 1202 1203 1204
f 1201 1202 1204
f 1206 1202 1201
f 1205 1206 1201
f 1208 1204 1203
f 1207 1208 1203
f 1207 1203 1202
f 1206 1207 1202
f 1205 1201 1204
f 1208 1205 1204
f 1215 1214 1213
f 1216 1215 1213
f 1210 1211 1212
f 1209 1210 1212
f 1214 1210 1209
f 1213 1214 1209
f 1216 1212 1211
f 1215 1216 1211
f 1215 1211 1210
f 1214 1215 1210
f 1213 1209 1212
f 1216 1213 1212
f 1223 1222 1221
f 1224 1223 1221
f 1218 1219 1220
f 1217 1218 1220
f 1222 1218 1217
f 1221 1222 1217
f 1224 1220 1219
f 1223 1224 1219
f 1223 1219 1218
f 1222 1223 1218
f 1221 1217 1220
f 1224 1221 1220
f 1231 1230 1229
f 1232 1231 1229
f 1226 1227 1228
f 1225 1226 1228
f 1230 1226 1225
f 1229 1230 1225
f 1232 1228 1227
f 1231 1232 1227
f 1231 1227 1226
f 1230 1231 1226
f 1229 1225 1228
f 1232 1229 1228
f 1239 1238 1237
f 1240 1239 1237
f 1234 1235 1236
f 1233 1234 1236
f 1238 1234 1233
f 1237 1238 1233
f 1240 1236 1235
f 1239 1240 1235
f 1239 1235 1234
f 1238 1239 1234
f 1237 1233 1236
f 1240 1237 1236
f 1247 1246 1245
f 1248 1247 1245
f 1242 1243 1244
f 1241 1242 1244
f 1246 1242 1241
f 1245 1246 1241
f 1248 1244 1243
f 1247 1248 1243
f 1247 1243 1242
f 1246 1247 1242
f 1245 1241 1244
f 1248 1245 1244
f 1255 1254 1253
f 1256 1255 1253
f 1250 1251 1252
f 1249 1250 1252
f 1254 1250 1249
f 1253 1254 1249
f 1256 1252 1251
f 1255 1256 1251
f 1255 1251 1250
f 1254 1255 1250
f 1253 1249 1252
f 1256 1253 1252
f 1263 1262 1261
f 1264 1263 1261
f 1258 1259 1260
f 1257 1258 1260
f 1262 1258 1257
f 1261 1262 1257
f 1264 1260 1259
f 1263 1264 1259
f 1263 1259 1258
f 1262 1263 1258
f 1261 1257 1260
f 1264 1261 1260
f 1271 1270 1269
f 1272 1271 1269
f 1266 1267 1268
f 1265 1266 1268
f 1270 1266 1265
f 1269 1270 1265
f 1272 1268 1267
f 1271 1272 1267
f 1271 1267 1266
f 1270 1271 1266
f 1269 1265 1268
f 1272 1269 1268
f 1311 1310 1309
f 1312 1311 1309
f 1306 1307 1308
f 1305 1306 1308
f 1310 1306 1305
f 1309 1310 1305
f 1312 1308 1307
f 1311 1312 1307
f 1311 1307 1306
f 1310 1311 1306
f 1309 1305 1308
f 1312 1309 1308
f 1319 1318 1317
f 1320 1319 1317
f 1314 1315 1316
f 1313 1314 1316
f 1318 1314 1313
f 1317 1318 1313
f 1320 1316 1315
f 1319 1320 1315
f 1319 1315 1314
f 1318 1319 1314
f 1317 1313 1316
f 1320 1317 1316
f 1327 1326 1325
f 1328 1327 1325
f 1322 1323 1324
f 1321 1322 1324
f 1326 1322 1321
f 1325 1326 1321
f 1328 1324 1323
f 1327 1328 1323
f 1327 1323 1322
f 1326 1327 1322
f 1325 1321 1324
f 1328 1325 1324
f 1335 1334 1333
f 1336 1335 1333
f 1330 1331 1332
f 1329 1330 1332
f 1334 1330 1329
f 1333 1334 1329
f 1336 1332 1331
f 1335 1336 1331
f 1335 1331 1330
f 1334 1335 1330
f 1333 1329 1332
f 1336 1333 1332
f 1343 1342 1341
f 1344 1343 1341
f 1338 1339 1340
f 1337 1338 1340
f 1342 1338 1337
f 1341 1342 1337
f 1344 1340 1339
f 1343 1344 1339
f 1343 1339 1338
f 1342 1343 1338
f 1341 1337 1340
f 1344 1341 1340
f 1351 1350 1349
f 1352 1351 1349
f 1346 1347 1348
f 1345 1346 1348
f 1350 1346 1345
f 1349 1350 1345
f 1352 1348 1347
f 1351 1352 1347
f 1351 1347 1346
f 1350 1351 1346
f 1349 1345 1348
f 1352 1349 1348
f 1359 1358 1357
f 1360 1359 1357
f 1354 1355 1356
f 1353 1354 1356
f 1358 1354 1353
f 1357 1358 1353
f 1360 1356 1355
f 1359 1360 1355
f 1359 1355 1354
f 1358 1359 1354
f 1357 1353 1356
f 1360 1357 1356
f 1367 1366 1365
f 1368 1367 1365
f 1362 1363 1364
f 1361 1362 1364
f 1366 1362 1361
f 1365 1366 1361
f 1368 1364 1363
f 1367 1368 1363
f 1367 1363 1362
f 1366 1367 1362
f 1365 1361 1364
f 1368 1365 1364
f 1375 1374 1373
f 1376 1375 1373
f 1370 1371 1372
f 1369 1370 1372
f 1374 1370 1369
f 1373 1374 1369
f 1376 1372 1371
f 1375 1376 1371
f 1375 1371 1370
f 1374 1375 1370
f 1373 1369 1372
f 1376 1373 1372
f 1383 1382 1381
f 1384 1383 1381
f 1378 1379 1380
f 1377 1378 1380
f 1382 1378 1377
f 1381 1382 1377
f 1384 1380 1379
f 1383 1384 1379
f 1383 1379 1378
f 1382 1383 1378
f 1381 1377 1380
f 1384 1381 1380
f 1391 1390 1389
f 1392 1391 1389
f 1386 1387 1388
f 1385 1386 1388
f 1390 1386 1385
f 1389 1390 1385
f 1392 1388 1387
f 1391 1392 1387
f 1391 1387 1386
f 1390 1391 1386
f 1389 1385 1388
f 1392 1389 1388
f 1399 1398 1397
f 1400 1399 1397
f 1394 1395 1396
f 1393 1394 1396
f 1398 1394 1393
f 1397 1398 1393
f 1400 1396 1395
f 1399 1400 1395
f 1399 1395 1394
f 1398 1399 1394
f 1397 1393 1396
f 1400 1397 1396
f 1439 1438 1437
f 1440 1439 1437
f 1434 1435 1436
f 1433 1434 1436
f 1438 1434 1433
f 1437 1438 1433
f 1440 1436 1435
f 1439 1440 1435
f 1439 1435 1434
f 1438 1439 1434
f 1437 1433 1436
f 1440 1437 1436
f 1447 1446 1445
f 1448 1447 1445
f 1442 1443 1444
f 1441 1442 1444
f 1446 1442 1441
f 1445 1446 1441
f 1448 1444 1443
f 1447 1448 1443
f 1447 1443 1442
f 1446 1447 1442
f 1445 1441 1444
f 1448 1445 1444
f 1455 1454 1453
f 1456 1455 1453
f 1450 1451 1452
f 1449 1450 1452
f 1454 1450 1449
f 1453 1454 1449
f 1456 1452 1451
f 1455 1456 1451
f 1455 1451 1450
f 1454 1455 1450
f 1453 1449 1452
f 1456 1453 1452
f 1463 1462 1461
f 1464 1463 1461
f 1458 1459 1460
f 1457 1458 1460
f 1462 1458 1457
f 1461 1462 1457
f 1464 1460 1459
f 1463 1464 1459
f 1463 1459 1458
f 1462 1463 1458
f 1461 1457 1460
f 1464 1461 1460
f 1471 1470 1469
f 1472 1471 1469
f 1466 1467 1468
f 1465 1466 1468
f 1470 1466 1465
f 1469 1470 1465
f 1472 1468 1467
f 1471 1472 1467
f 1471 1467 1466
f 1470 1471 1466
f 1469 1465 1468
f 1472 1469 1468
f 1479 1478 1477
f 1480 1479 1477
f 1474 1475 1476
f 1473 1474 1476
f 1478 1474 1473
f 1477 1478 1473
f 1480 1476 1475
f 1479 1480 1475
f 1479 1475 1474
f 1478 1479 1474
f 1477 1473 1476
f 1480 1477 1476
f 1487 1486 1485
f 1488 1487 1485
f 1482 1483 1484
f 1481 1482 1484
f 1486 1482 1481
f 1485 1486 1481
f 1488 1484 1483
f 1487 1488 1483
f 1487 1483 1482
f 1486 1487 1482
f 1485 1481 1484
f 1488 1485 1484
f 1495 1494 1493
f 1496 1495 1493
f 1490 1491 1492
f 1489 1490 1492
f 1494 1490 1489
f 1493 1494 1489
f 1496 1492 1491
f 1495 1496 1491
f 1495 1491 1490
f 1494 1495 1490
f 1493 1489 1492
f 1496 1493 1492
f 1503 1502 1501
f 1504 1503 1501
f 1498 1499 1500
f 1497 1498 1500
f 1502 1498 1497
f 1501 1502 1497
f 1504 1500 1499
f 1503 1504 1499
f 1503 1499 1498
f 1502 1503 1498
f 1501 1497 1500
f 1504 1501 1500
f 1511 1510 1509
f 1512 1511 1509
f 1506 1507 1508
f 1505 1506 1508
f 1510 1506 1505
f 1509 1510 1505
f 1512 1508 1507
f 1511 1512 1507
f 1511 1507 1506
f 1510 1511 1506
f 1509 1505 1508
f 1512 1509 1508
f 1519 1518 1517
f 1520 1519 1517
f 1514 1515 1516
f 1513 1514 1516
f 1518 1514 1513
f 1517 1518 1513
f 1520 1516 1515
f 1519 1520 1515
f 1519 1515 1514
f 1518 1519 1514
f 1517 1513 1516
f 1520 1517 1516
f 1527 1526 1525
f 1528 1527 1525
f 1522 1523 1524
f 1521 1522 1524
f 1526 1522 1521
f 1525 1526 1521
f 1528 1524 1523
f 1527 1528 1523
f 1527 1523 1522
f 1526 1527 1522
f 1525 1521 1524
f 1528 1525 1524
f 1567 1566 1565
f 1568 1567 1565
f 1562 1563 1564
f 1561 1562 1564
f 1566 1562 1561
f 1565 1566 1561
f 1568 1564 1563
f 1567 1568 1563
f 1567 1563 1562
f 1566 1567 1562
f 1565 1561 1564
f 1568 1565 1564
f 1575 1574 1573
f 1576 1575 1573
f 1570 1571 1572
f 1569 1570 1572
f 1574 1570 1569
f 1573 1574 1569
f 1576 1572 1571
f 1575 1576 1571
f 1575 1571 1570
f 1574 1575 1570
f 1573 1569 1572
f 1576 1573 1572
f 1583 1582 1581
f 1584 1583 1581
f 1578 1579 1580
f 1577 1578 1580
f 1582 1578 1577
f 1581 1582 1577
f 1584 1580 1579
f 1583 1584 1579
f 1583 1579 1578
f 1582 1583 1578
f 1581 1577 1580
f 1584 1581 1580
f 1591 1590 1589
f 1592 1591 1589
f 1586 1587 1588
f 1585 1586 1588
f 1590 1586 1585
f 1589 1590 1585
f 1592 1588 1587
f 1591 1592 1587
f 1591 1587 1586
f 1590 1591 1586
f 1589 1585 1588
f 1592 1589 1588
f 1599 1598 1597
f 1600 1599 1597
f 1594 1595 1596
f 1593 1594 1596
f 1598 1594 1593
f 1597 1598 1593
f 1600 1596 1595
f 1599 1600 1595
f 1599 1595 1594
f 1598 1599 1594
f 1597 1593 1596
f 1600 1597 1596
f 1607 1606 1605
f 1608 1607 1605
f 1602 1603 1604
f 1601 1602 1604
f 1606 1602 1601
f 1605 1606 1601
f 1608 1604 1603
f 1607 1608 1603
f 1607 1603 1602
f 1606 1607 1602
f 1605 1601 1604
f 1608 1605 1604
f 1615 1614 1613
f 1616 1615 1613
f 1610 1611 1612
f 1609 1610 1612
f 1614 1610 1609
f 1613 1614 1609
f 1616 1612 1611
f 1615 1616 1611
f 1615 1611 1610
f 1614 1615 1610
f 1613 1609 1612
f 1616 1613 1612
f 1623 1622 1621
f 1624 1623 1621
f 1618 1619 1620
f 1617 1618 1620
f 1622 1618 1617
f 1621 1622 1617
f 1624 1620 1619
f 1623 1624 1619
f 1623 1619 1618
f 1622 1623 1618
f 1621 1617 1620
f 1624 1621 1620
f 1631 1630 1629
f 1632 1631 1629
f 1626 1627 1628
f 1625 1626 1628
f 1630 1626 1625
f 1629 1630 1625
f 1632 1628 1627
f 1631 1632 1627
f 1631 1627 1626
f 1630 1631 1626
f 1629 1625 1628
f 1632 1629 1628
f 1639 1638 1637
f 1640 1639 1637
f 1634 1635 1636
f 1633 1634 1636
f 1638 1634 1633
f 1637 1638 1633
f 1640 1636 1635
f 1639 1640 1635
f 1639 1635 1634
f 1638 1639 1634
f 1637 1633 1636
f 1640 1637 1636
f 1647 1646 1645
f 1648 1647 1645
f 1642 1643 1644
f 1641 1642 1644
f 1646 1642 1641
f 1645 1646 1641
f 1648 1644 1643
f 1647 1648 1643
f 1647 1643 1642
f 1646 1647 1642
f 1645 1641 1644
f 1648 1645 1644
f 1655 1654 1653
f 1656 1655 1653
f 1650 1651 1652
f 1649 1650 1652
f 1654 1650 1649
f 1653 1654 1649
f 1656 1652 1651
f 1655 1656 1651
f 1655 1651 1650
f 1654 1655 1650
f 1653 1649 1652
f 1656 1653 1652
f 1695 1694 1693
f 1696 1695 1693
f 1690 1691 1692
f 1689 1690 1692
f 1694 1690 1689
f 1693 1694 1689
f 1696 1692 1691
f 1695 1696 1691
f 1695 1691 1690
f 1694 1695 1690
f 1693 1689 1692
f 1696 1693 1692
f 1703 1702 1701
f 1704 1703 1701
f 1698 1699 1700
f 1697 1698 1700
f 1702 1698 1697
f 1701 1702 1697
f 1704 1700 1699
f 1703 1704 1699
f 1703 1699 1698
f 1702 1703 1698
f 1701 1697 1700
f 1704 1701 1700
f 1711 1710 1709
f 1712 1711 1709
f 1706 1707 1708
f 1705 1706 1708
f 1710 1706 1705
f 1709 1710 1705
f 1712 1708 1707
f 1711 1712 1707
f 1711 1707 1706
f 1710 1711 1706
f 1709 1705 1708
f 1712 1709 1708
f 1719 1718 1717
f 1720 1719 1717
f 1714 1715 1716
f 1713 1714 1716
f 1718 1714 1713
f 1717 1718 1713
f 1720 1716 1715
f 1719 1720 1715
f 1719 1715 1714
f 1718 1719 1714
f 1717 1713 1716
f 1720 1717 1716
f 1727 1726 1725
f 1728 1727 1725
f 1722 1723 1724
f 1721 1722 1724
f 1726 1722 1721
f 1725 1726 1721
f 1728 1724 1723
f 1727 1728 1723
f 1727 1723 1722
f 1726 1727 1722
f 1725 1721 1724
f 1728 1725 1724
f 1735 1734 1733
f 1736 1735 1733
f 1730 1731 1732
f 1729 1730 1732
f 1734 1730 1729
f 1733 1734 1729
f 1736 1732 1731
f 1735 1736 1731
f 1735 1731 1730
f 1734 1735 1730
f 1733 1729 1732
f 1736 1733 1732
f 1743 1742 1741
f 1744 1743 1741
f 1738 1739 1740
f 1737 1738 1740
f 1742 1738 1737
f 1741 1742 1737
f 1744 1740 1739
f 1743 1744 1739
f 1743 1739 1738
f 1742 1743 1738
f 1741 1737 1740
f 1744 1741 1740
f 1751 1750 1749
f 1752 1751 1749
f 1746 1747 1748
f 1745 1746 1748
f 1750 1746 1745
f 1749 1750 1745
f 1752 1748 1747
f 1751 1752 1747
f 1751 1747 1746
f 1750 1751 1746
f 1749 1745 1748
f 1752 1749 1748
f 1759 1758 1757
f 1760 1759 1757
f 1754 1755 1756
f 1753 1754 1756
f 1758 1754 1753
f 1757 1758 1753
f 1760 1756 1755
f 1759 1760 1755
f 1759 1755 1754
f 1758 1759 1754
f 1757 1753 1756
f 1760 1757 1756
f 1767 1766 1765
f 1768 1767 1765
f 1762 1763 1764
f 1761 1762 1764
f 1766 1762 1761
f 1765 1766 1761
f 1768 1764 1763
f 1767 1768 1763
f 1767 1763 1762
f 1766 1767 1762
f 1765 1761 1764
f 1768 1765 1764
f 1775 1774 1773
f 1776 1775 1773
f 1770 1771 1772
f 1769 1770 1772
f 1774 1770 1769
f 1773 1774 1769
f 1776 1772 1771
f 1775 1776 1771
f 1775 1771 1770
f 1774 1775 1770
f 1773 1769 1772
f 1776 1773 1772
f 1783 1782 1781
f 1784 1783 1781
f 1778 1779 1780
f 1777 1778 1780
f 1782 1778 1777
f 1781 1782 1777
f 1784 1780 1779
f 1783 1784 1779
f 1783 1779 1778
f 1782 1783 1778
f 1781 1777 1780
f 1784 1781 1780
f 1823 1822 1821
f 1824 1823 1821
f 1818 1819 1820
f 1817 1818 1820
f 1822 1818 1817
f 1821 1822 1817
f 1824 1820 1819
f 1823 1824 1819
f 1823 1819 1818
f 1822 1823 1818
f 1821 1817 1820
f 1824 1821 1820
f 1831 1830 1829
f 1832 1831 1829
f 1826 1827 1828
f 1825 1826 1828
f 1830 1826 1825
f 1829 1830 1825
f 1832 1828 1827
f 1831 1832 1827
f 1831 1827 1826
f 1830 1831 1826
f 1829 1825 1828
f 1832 1829 1828
f 1839 1838 1837
f 1840 1839 1837
f 1834 1835 1836
f 1833 1834 1836
f 1838 1834 1833
f 1837 1838 1833
f 1840 1836 1835
f 1839 1840 1835
f 1839 1835 1834
f 1838 1839 1834
f 1837 1833 1836
f 1840 1837 1836
f 1847 1846 1845
f 1848 1847 1845
f 1842 1843 1844
f 1841 1842 1844
f 1846 1842 1841
f 1845 1846 1841
f 1848 1844 1843
f 1847 1848 1843
f 1847 1843 1842
f 1846 1847 1842
f 1845 1841 1844
f 1848 1845 1844
f 1855 1854 1853
f 1856 1855 1853
f 1850 1851 1852
f 1849 1850 1852
f 1854 1850 1849
f 1853 1854 1849
f 1856 1852 1851
f 1855 1856 1851
f 1855 1851 1850
f 1854 1855 1850
f 1853 1849 1852
f 1856 1853 1852
f 1863 1862 1861
f 1864 1863 1861
f 1858 1859 1860
f 1857 1858 1860
f 1862 1858 1857
f 1861 1862 1857
f 1864 1860 1859
f 1863 1864 1859
f 1863 1859 1858
f 1862 1863 1858
f 1861 1857 1860
f 1864 1861 1860
f 1871 1870 1869
f 1872 1871 1869
f 1866 1867 1868
f 1865 1866 1868
f 1870 1866 1865
f 1869 1870 1865
f 1872 1868 1867
f 1871 1872 1867
f 1871 1867 1866
f 1870 1871 1866
f 1869 1865 1868
f 1872 1869 1868
f 1879 1878 1877
f 1880 1879 1877
f 1874 1875 1876
f 1873 1874 1876
f 1878 1874 1873
f 1877 1878 1873
f 1880 1876 1875
f 1879 1880 1875
f 1879 1875 1874
f 1878 1879 1874
f 1877 1873 1876
f 1880 1877 1876
f 1887 1886 1885
f 1888 1887 1885
f 1882 1883 1884
f 1881 1882 1884
f 1886 1882 1881
f 1885 1886 1881
f 1888 1884 1883
f 1887 1888 1883
f 1887 1883 1882
f 1886 1887 1882
f 1885 1881 1884
f 1888 1885 1884
f 1895 1894 1893
f 1896 1895 1893
f 1890 1891 1892
f 1889 1890 1892
f 1894 1890 1889
f 1893 1894 1889
f 1896 1892 1891
f 1895 1896 1891
f 1895 1891 1890
f 1894 1895 1890
f 1893 1889 1892
f 1896 1893 1892
f 1903 1902 1901
f 1904 1903 1901
f 1898 1899 1900
f 1897 1898 1900
f 1902 1898 1897
f 1901 1902 1897
f 1904 1900 1899
f 1903 1904 1899
f 1903 1899 1898
f 1902 1903 1898
f 1901 1897 1900
f 1904 1901 1900
f 1911 1910 1909
f 1912 1911 1909
f 1906 1907 1908
f 1905 1906 1908
f 1910 1906 1905
f 1909 1910 1905
f 1912 1908 1907
f 1911 1912 1907
f 1911 1907 1906
f 1910 1911 1906
f 1909 1905 1908
f 1912 1909 1908
f 1951 1950 1949
f 1952 1951 1949
f 1946 1947 1948
f 1945 1946 1948
f 1950 1946 1945
f 1949 1950 1945
f 1952 1948 1947
f 1951 1952 1947
f 1951 1947 1946
f 1950 1951 1946
f 1949 1945 1948
f 1952 1949 1948
f 1959 1958 1957
f 1960 1959 1957
f 1954 1955 1956
f 1953 1954 1956
f 1958 1954 1953
f 1957 1958 1953
f 1960 1956 1955
f 1959 1960 1955
f 1959 1955 1954
f 1958 1959 1954
f 1957 1953 1956
f 1960 1957 1956
f 1967 1966 1965
f 1968 1967 1965
f 1962 1963 1964
f 1961 1962 1964
f 1966 1962 1961
f 1965 1966 1961
f 1968 1964 1963
f 1967 1968 1963
f 1967 1963 1962
f 1966 1967 1962
f 1965 1961 1964
f 1968 1965 1964
f 1975 1974 1973
f 1976 1975 1973
f 1970 1971 1972
f 1969 1970 1972
f 1974 1970 1969
f 1973 1974 1969
f 1976 1972 1971
f 1975 1976 1971
f 1975 1971 1970
f 1974 1975 1970
f 1973 1969 1972
f 1976 1973 1972
f 1983 1982 1981
f 1984 1983 1981
f 1978 1979 1980
f 1977 1978 1980
f 1982 1978 1977
f 1981 1982 1977
f 1984 1980 1979
f 1983 1984 1979
f 1983 1979 1978
f 1982 1983 1978
f 1981 1977 1980
f 1984 1981 1980
f 1991 1990 1989
f 1992 1991 1989
f 1986 1987 1988
f 1985 1986 1988
f 1990 1986 1985
f 1989 1990 1985
f 1992 1988 1987
f 1991 1992 1987
f 1991 1987 1986
f 1990 1991 1986
f 1989 1985 1988
f 1992 1989 1988
f 1999 1998 1997
f 2000 1999 1997
f 1994 1995 1996
f 1993 1994 1996
f 1998 1994 1993
f 1997 1998 1993
f 2000 1996 1995
f 1999 2000 1995
f 1999 1995 1994
f 1998 1999 1994
f 1997 1993 1996
f 2000 1997 1996
f 2007 2006 2005
f 2008 2007 2005
f 2002 2003 2004
f 2001 2002 2004
f 2006 2002 2001
f 2005 2006 2001
f 2008 2004 2003
f 2007 2008 2003
f 2007 2003 2002
f 2006 2007 2002
f 2005 2001 2004
f 2008 2005 2004
f 2015 2014 2013
f 2016 2015 2013
f 2010 2011 2012
f 2009 2010 2012
f 2014 2010 2009
f 2013 2014 2009
f 2016 2012 2011
f 2015 2016 2011
f 2015 2011 2010
f 2014 2015 2010
f 2013 2009 2012
f 2016 2013 2012
f 2023 2022 2021
f 2024 2023 2021
f 2018 2019 2020
f 2017 2018 2020
f 2022 2018 2017
f 2021 2022 2017
f 2024 2020 2019
f 2023 2024 2019
f 2023 2019 2018
f 2022 2023 2018
f 2021 2017 2020
f 2024 2021 2020
f 2031 2030 2029
f 2032 2031 2029
f 2026 2027 2028
f 2025 2026 2028
f 2030 2026 2025
f 2029 2030 2025
f 2032 2028 2027
f 2031 2032 2027
f 2031 2027 2026
f 2030 2031 2026
f 2029 2025 2028
f 2032 2029 2028
f 2039 2038 2037
f 2040 2039 2037
f 2034 2035 2036
f 2033 2034 2036
f 2038 2034 2033
f 2037 2038 2033
f 2040 2036 2035
f 2039 2040 2035
f 2039 2035 2034
f 2038 2039 2034
f 2037 2033 2036
f 2040 2037 2036
f 2079 2078 2077
f 2080 2079 2077
f 2074 2075 2076
f 2073 2074 2076
f 2078 2074 2073
f 2077 2078 2073
f 2080 2076 2075
f 2079 2080 2075
f 2079 2075 2074
f 2078 2079 2074
f 2077 2073 2076
f 2080 2077 2076
f 2087 2086 2085
f 2088 2087 2085
f 2082 2083 2084
f 2081 2082 2084
f 2086 2082 2081
f 2085 2086 2081
f 2088 2084 2083
f 2087 2088 2083
f 2087 2083 2082
f 2086 2087 2082
f 2085 2081 2084
f 2088 2085 2084
f 2095 2094 2093
f 2096 2095 2093
f 2090 2091 2092
f 2089 2090 2092
f 2094 2090 2089
f 2093 2094 2089
f 2096 2092 2091
f 2095 2096 2091
f 2095 2091 2090
f 2094 2095 2090
f 2093 2089 2092
f 2096 2093 2092
f 2103 2102 2101
f 2104 2103 2101
f 2098 2099 2100
f 2097 2098 2100
f 2102 2098 2097
f 2101 2102 2097
f 2104 2100 2099
f 2103 2104 2099
f 2103 2099 2098
f 2102 2103 2098
f 2101 2097 2100
f 2104 2101 2100
f 2111 2110 2109
f 2112 2111 2109
f 2106 2107 2108
f 2105 2106 2108
f 2110 2106 2105
f 2109 2110 2105
f 2112 2108 2107
f 2111 2112 2107
f 2111 2107 2106
f 2110 2111 2106
f 2109 2105 2108
f 2112 2109 2108
f 2119 2118 2117
f 2120 2119 2117
f 2114 2115 2116
f 2113 2114 2116
f 2118 2114 2113
f 2117 2118 2113
f 2120 2116 2115
f 2119 2120 2115
f 2119 2115 2114
f 2118 2119 2114
f 2117 2113 2116
f 2120 2117 2116
f 2127 2126 2125
f 2128 2127 2125
f 2122 2123 2124
f 2121 2122 2124
f 2126 2122 2121
f 2125 2126 2121
f 2128 2124 2123
f 2127 2128 2123
f 2127 2123 2122
f 2126 2127 2122
f 2125 2121 2124
f 2128 2125 2124
f 2135 2134 2133
f 2136 2135 2133
f 2130 2131 2132
f 2129 2130 2132
f 2134 2130 2129
f 2133 2134 2129
f 2136 2132 2131
f 2135 2136 2131
f 2135 2131 2130
f 2134 2135 2130
f 2133 2129 2132
f 2136 2133 2132
f 2143 2142 2141
f 2144 2143 2141
f 2138 2139 2140
f 2137 2138 2140
f 2142 2138 2137
f 2141 2142 2137
f 2144 2140 2139
f 2143 2144 2139
f 2143 2139 2138
f 2142 2143 2138
f 2141 2137 2140
f 2144 2141 2140
f 2151 2150 2149
f 2152 2151 2149
f 2146 2147 2148
f 2145 2146 2148
f 2150 2146 2145
f 2149 2150 2145
f 2152 2148 2147
f 2151 2152 2147
f 2151 2147 2146
f 2150 2151 2146
f 2149 2145 2148
f 2152 2149 2148
f 2159 2158 2157
f 2160 2159 2157
f 2154 2155 2156
f 2153 2154 2156
f 2158 2154 2153
f 2157 2158 2153
f 2160 2156 2155
f 2159 2160 2155
f 2159 2155 2154
f 2158 2159 2154
f 2157 2153 2156
f 2160 2157 2156
f 2167 2166 2165
f 2168 2167 2165
f 2162 2163 2164
f 2161 2162 2164
f 2166 2162 2161
f 2165 2166 2161
f 2168 2164 2163
f 2167 2168 2163
f 2167 2163 2162
f 2166 2167 2162
f 2165 2161 2164
f 2168 2165 2164
f 2207 2206 2205
f 2208 2207 2205
f 2202 2203 2204
f 2201 2202 2204
f 2206 2202 2201
f 2205 2206 2201
f 2208 2204 2203
f 2207 2208 2203
f 2207 2203 2202
f 2206 2207 2202
f 2205 2201 2204
f 2208 2205 2204
f 2215 2214 2213
f 2216 2215 2213
f 2210 2211 2212
f 2209 2210 2212
f 2214 2210 2209
f 2213 2214 2209
f 2216 2212 2211
f 2215 2216 2211
f 2215 2211 2210
f 2214 2215 2210
f 2213 2209 2212
f 2216 2213 2212
f 2223 2222 2221
f 2224 2223 2221
f 2218 2219 2220
f 2217 2218 2220
f 2222 2218 2217
f 2221 2222 2217
f 2224 2220 2219
f 2223 2224 2219
f 2223 2219 2218
f 2222 2223 2218
f 2221 2217 2220
f 2224 2221 2220
f 2231 2230 2229
f 2232 2231 2229
f 2226 2227 2228
f 2225 2226 2228
f 2230 2226 2225
f 2229 2230 2225
f 2232 2228 2227
f 2231 2232 2227
f 2231 2227 2226
f 2230 2231 2226
f 2229 2225 2228
f 2232 2229 2228
f 2239 2238 2237
f 2240 2239 2237
f 2234 2235 2236
f 2233 2234 2236
f 2238 2234 2233
f 2237 2238 2233
f 2240 2236 2235
f 2239 2240 2235
f 2239 2235 2234
f 2238 2239 2234
f 2237 2233 2236
f 2240 2237 2236
f 2247 2246 2245
f 2248 2247 2245
f 2242 2243 2244
f 2241 2242 2244
f 2246 2242 2241
f 2245 2246 2241
f 2248 2244 2243
f 2247 2248 2243
f 2247 2243 2242
f 2246 2247 2242
f 2245 2241 2244
f 2248 2245 2244
f 2255 2254 2253
f 2256 2255 2253
f 2250 2251 2252
f 2249 2250 2252
f 2254 2250 2249
f 2253 2254 2249
f 2256 2252 2251
f 2255 2256 2251
f 2255 2251 2250
f 2254 2255 2250
f 2253 2249 2252
f 2256 2253 2252
f 2263 2262 2261
f 2264 2263 2261
f 2258 2259 2260
f 2257 2258 2260
f 2262 2258 2257
f 2261 2262 2257
f 2264 2260 2259
f 2263 2264 2259
f 2263 2259 2258
f 2262 2263 2258
f 2261 2257 2260
f 2264 2261 2260
f 2271 2270 2269
f 2272 2271 2269
f 2266 2267 2268
f 2265 2266 2268
f 2270 2266 2265
f 2269 2270 2265
f 2272 2268 2267
f 2271 2272 2267
f 2271 2267 2266
f 2270 2271 2266
f 2269 2265 2268
f 2272 2269 2268
f 2279 2278 2277
f 2280 2279 2277
f 2274 2275 2276
f 2273 2274 2276
f 2278 2274 2273
f 2277 2278 2273
f 2280 2276 2275
f 2279 2280 2275
f 2279 2275 2274
f 2278 2279 2274
f 2277 2273 2276
f 2280 2277 2276
f 2287 2286 2285
f 2288 2287 2285
f 2282 2283 2284
f 2281 2282 2284
f 2286 2282 2281
f 2285 2286 2281
f 2288 2284 2283
f 2287 2288 2283
f 2287 2283 2282
f 2286 2287 2282
f 2285 2281 2284
f 2288 2285 2284
f 2295 2294 2293
f 2296 2295 2293
f 2290 2291 2292
f 2289 2290 2292
f 2294 2290 2289
f 2293 2294 2289
f 2296 2292 2291
f 2295 2296 2291
f 2295 2291 2290
f 2294 2295 2290
f 2293 2289 2292
f 2296 2293 2292
f 2335 2334 2333
f 2336 2335 2333
f 2330 2331 2332
f 2329 2330 2332
f 2334 2330 2329
f 2333 2334 2329
f 2336 2332 2331
f 2335 2336 2331
f 2335 2331 2330
f 2334 2335 2330
f 2333 2329 2332
f 2336 2333 2332
f 2343 2342 2341
f 2344 2343 2341
f 2338 2339 2340
f 2337 2338 2340
f 2342 2338 2337
f 2341 2342 2337
f 2344 2340 2339
f 2343 2344 2339
f 2343 2339 2338
f 2342 2343 2338
f 2341 2337 2340
f 2344 2341 2340
f 2351 2350 2349
f 2352 2351 2349
f 2346 2347 2348
f 2345 2346 2348
f 2350 2346 2345
f 2349 2350 2345
f 2352 2348 2347
f 2351 2352 2347
f 2351 2347 2346
f 2350 2351 2346
f 2349 2345 2348
f 2352 2349 2348
f 2359 2358 2357
f 2360 2359 2357
f 2354 2355 2356
f 2353 2354 2356
f 2358 2354 2353
f 2357 2358 2353
f 2360 2356 2355
f 2359 2360 2355
f 2359 2355 2354
f 2358 2359 2354
f 2357 2353 2356
f 2360 2357 2356
f 2367 2366 2365
f 2368 2367 2365
f 2362 2363 2364
f 2361 2362 2364
f 2366 2362 2361
f 2365 2366 2361
f 2368 2364 2363
f 2367 2368 2363
f 2367 2363 2362
f 2366 2367 2362
f 2365 2361 2364
f 2368 2365 2364
f 2375 2374 2373
f 2376 2375 2373
f 2370 2371 2372
f 2369 2370 2372
f 2374 2370 2369
f 2373 2374 2369
f 2376 2372 2371
f 2375 2376 2371
f 2375 2371 2370
f 2374 2375 2370
f 2373 2369 2372
f 2376 2373 2372
f 2383 2382 2381
f 2384 2383 2381
f 2378 2379 2380
f 2377 2378 2380
f 2382 2378 2377
f 2381 2382 2377
f 2384 2380 2379
f 2383 2384 2379
f 2383 2379 2378
f 2382 2383 2378
f 2381 2377 2380
f 2384 2381 2380
f 2391 2390 2389
f 2392 2391 2389
f 2386 2387 2388
f 2385 2386 2388
f 2390 2386 2385
f 2389 2390 2385
f 2392 2388 2387
f 2391 2392 2387
f 2391 2387 2386
f 2390 2391 2386
f 2389 2385 2388
f 2392 2389 2388
f 2399 2398 2397
f 2400 2399 2397
f 2394 2395 2396
f 2393 2394 2396
f 2398 2394 2393
f 2397 2398 2393
f 2400 2396 2395
f 2399 2400 2395
f 2399 2395 2394
f 2398 2399 2394
f 2397 2393 2396
f 2400 2397 2396
f 2407 2406 2405
f 2408 2407 2405
f 2402 2403 2404
f 2401 2402 2404
f 2406 2402 2401
f 2405 2406 2401
f 2408 2404 2403
f 2407 2408 2403
f 2407 2403 2402
f 2406 2407 2402
f 2405 2401 2404
f 2408 2405 2404
f 2415 2414 2413
f 2416 2415 2413
f 2410 2411 2412
f 2409 2410 2412
f 2414 2410 2409
f 2413 2414 2409
f 2416 2412 2411
f 2415 2416 2411
f 2415 2411 2410
f 2414 2415 2410
f 2413 2409 2412
f 2416 2413 2412
f 2423 2422 2421
f 2424 2423 2421
f 2418 2419 2420
f 2417 2418 2420
f 2422 2418 2417
f 2421 2422 2417
f 2424 2420 2419
f 2423 2424 2419
f 2423 2419 2418
f 2422 2423 2418
f 2421 2417 2420
f 2424 2421 2420
f 2463 2462 2461
f 2464 2463 2461
f 2458 2459 2460
f 2457 2458 2460
f 2462 2458 2457
f 2461 2462 2457
f 2464 2460 2459
f 2463 2464 2459
f 2463 2459 2458
f 2462 2463 2458
f 2461 2457 2460
f 2464 2461 2460
f 2471 2470 2469
f 2472 2471 2469
f 2466 2467 2468
f 2465 2466 2468
f 2470 2466 2465
f 2469 2470 2465
f 2472 2468 2467
f 2471 2472 2467
f 2471 2467 2466
f 2470 2471 2466
f 2469 2465 2468
f 2472 2469 2468
f 2479 2478 2477
f 2480 2479 2477
f 2474 2475 2476
f 2473 2474 2476
f 2478 2474 2473
f 2477 2478 2473
f 2480 2476 2475
f 2479 2480 2475
f 2479 2475 2474
f 2478 2479 2474
f 2477 2473 2476
f 2480 2477 2476
f 2487 2486 2485
f 2488 2487 2485
f 2482 2483 2484
f 2481 2482 2484
f 2486 2482 2481
f 2485 2486 2481
f 2488 2484 2483
f 2487 2488 2483
f 2487 2483 2482
f 2486 2487 2482
f 2485 2481 2484
f 2488 2485 2484
f 2495 2494 2493
f 2496 2495 2493
f 2490 2491 2492
f 2489 2490 2492
f 2494 2490 2489
f 2493 2494 2489
f 2496 2492 2491
f 2495 2496 2491
f 2495 2491 2490
f 2494 2495 2490
f 2493 2489 2492
f 2496 2493 2492
f 2503 2502 2501
f 2504 2503 2501
f 2498 2499 2500
f 2497 2498 2500
f 2502 2498 2497
f 2501 2502 2497
f 2504 2500 2499
f 2503 2504 2499
f 2503 2499 2498
f 2502 2503 2498
f 2501 2497 2500
f 2504 2501 2500
f 2511 2510 2509
f 2512 2511 2509
f 2506 2507 2508
f 2505 2506 2508
f 2510 2506 2505
f 2509 2510 2505
f 2512 2508 2507
f 2511 2512 2507
f 2511 2507 2506
f 2510 2511 2506
f 2509 2505 2508
f 2512 2509 2508
f 2519 2518 2517
f 2520 2519 2517
f 2514 2515 2516
f 2513 2514 2516
f 2518 2514 2513
f 2517 2518 2513
f 2520 2516 2515
f 2519 2520 2515
f 2519 2515 2514
f 2518 2519 2514
f 2517 2513 2516
f 2520 2517 2516
f 2527 2526 2525
f 2528 2527 2525
f 2522 2523 2524
f 2521 2522 2524
f 2526 2522 2521
f 2525 2526 2521
f 2528 2524 2523
f 2527 2528 2523
f 2527 2523 2522
f 2526 2527 2522
f 2525 2521 2524
f 2528 2525 2524
f 2535 2534 2533
f 2536 2535 2533
f 2530 2531 2532
f 2529 2530 2532
f 2534 2530 2529
f 2533 2534 2529
f 2536 2532 2531
f 2535 2536 2531
f 2535 2531 2530
f 2534 2535 2530
f 2533 2529 2532
f 2536 2533 2532
f 2543 2542 2541
f 2544 2543 2541
f 2538 2539 2540
f 2537 2538 2540
f 2542 2538 2537
f 2541 2542 2537
f 2544 2540 2539
f 2543 2544 2539
f 2543 2539 2538
f 2542 2543 2538
f 2541 2537 2540
f 2544 2541 2540
f 2551 2550 2549
f 2552 2551 2549
f 2546 2547 2548
f 2545 2546 2548
f 2550 2546 2545
f 2549 2550 2545
f 2552 2548 2547
f 2551 2552 2547
f 2551 2547 2546
f 2550 2551 2546
f 2549 2545 2548
f 2552 2549 2548
f 2591 2590 2589
f 2592 2591 2589
f 2586 2587 2588
f 2585 2586 2588
f 2590 2586 2585
f 2589 2590 2585
f 2592 2588 2587
f 2591 2592 2587
f 2591 2587 2586
f 2590 2591 2586
f 2589 2585 2588
f 2592 2589 2588
f 2599 2598 2597
f 2600 2599 2597
f 2594 2595 2596
f 2593 2594 2596
f 2598 2594 2593
f 2597 2598 2593
f 2600 2596 2595
f 2599 2600 2595
f 2599 2595 2594
f 2598 2599 2594
f 2597 2593 2596
f 2600 2597 2596
f 2607 2606 2605
f 2608 2607 2605
f 2602 2603 2604
f 2601 2602 2604
f 2606 2602 2601
f 2605 2606 2601
f 2608 2604 2603
f 2607 2608 2603
f 2607 2603 2602
f 2606 2607 2602
f 2605 2601 2604
f 2608 2605 2604
f 2615 2614 2613
f 2616 2615 2613
f 2610 2611 2612
f 2609 2610 2612
f 2614 2610 2609
f 2613 2614 2609
f 2616 2612 2611
f 2615 2616 2611
f 2615 2611 2610
f 2614 2615 2610
f 2613 2609 2612
f 2616 2613 2612
f 2623 2622 2621
f 2624 2623 2621
f 2618 2619 2620
f 2617 2618 2620
f 2622 2618 2617
f 2621 2622 2617
f 2624 2620 2619
f 2623 2624 2619
f 2623 2619 2618
f 2622 2623 2618
f 2621 2617 2620
f 2624 2621 2620
f 2631 2630 2629
f 2632 2631 2629
f 2626 2627 2628
f 2625 2626 2628
f 2630 2626 2625
f 2629 2630 2625
f 2632 2628 2627
f 2631 2632 2627
f 2631 2627 2626
f 2630 2631 2626
f 2629 2625 2628
f 2632 2629 2628
f 2639 2638 2637
f 2640 2639 2637
f 2634 2635 2636
f 2633 2634 2636
f 2638 2634 2633
f 2637 2638 2633
f 2640 2636 2635
f 2639 2640 2635
f 2639 2635 2634
f 2638 2639 2634
f 2637 2633 2636
f 2640 2637 2636
f 2647 2646 2645
f 2648 2647 2645
f 2642 2643 2644
f 2641 2642 2644
f 2646 2642 2641
f 2645 2646 2641
f 2648 2644 2643
f 2647 2648 2643
f 2647 2643 2642
f 2646 2647 2642
f 2645 2641 2644
f 2648 2645 2644
f 2655 2654 2653
f 2656 2655 2653
f 2650 2651 2652
f 2649 2650 2652
f 2654 2650 2649
f 2653 2654 2649
f 2656 2652 2651
f 2655 2656 2651
f 2655 2651 2650
f 2654 2655 2650
f 2653 2649 2652
f 2656 2653 2652
f 2663 2662 2661
f 2664 2663 2661
f 2658 2659 2660
f 2657 2658 2660
f 2662 2658 2657
f 2661 2662 2657
f 2664 2660 2659
f 2663 2664 2659
f 2663 2659 2658
f 2662 2663 2658
f 2661 2657 2660
f 2664 2661 2660
f 2671 2670 2669
f 2672 2671 2669
f 2666 2667 2668
f 2665 2666 2668
f 2670 2666 2665
f 2669 2670 2665
f 2672 2668 2667
f 2671 2672 2667
f 2671 2667 2666
f 2670 2671 2666
f 2669 2665 2668
f 2672 2669 2668
f 2679 2678 2677
f 2680 2679 2677
f 2674 2675 2676
f 2673 2674 2676
f 2678 2674 2673
f 2677 2678 2673
f 2680 2676 2675
f 2679 2680 2675
f 2679 2675 2674
f 2678 2679 2674
f 2677 2673 2676
f 2680 2677 2676
f 2719 2718 2717
f 2720 2719 2717
f 2714 2715 2716
f 2713 2714 2716
f 2718 2714 2713
f 2717 2718 2713
f 2720 2716 2715
f 2719 2720 2715
f 2719 2715 2714
f 2718 2719 2714
f 2717 2713 2716
f 2720 2717 2716
f 2727 2726 2725
f 2728 2727 2725
f 2722 2723 2724
f 2721 2722 2724
f 2726 2722 2721
f 2725 2726 2721
f 2728 2724 2723
f 2727 2728 2723
f 2727 2723 2722
f 2726 2727 2722
f 2725 2721 2724
f 2728 2725 2724
f 2735 2734 2733
f 2736 2735 2733
f 2730 2731 2732
f 2729 2730 2732
f 2734 2730 2729
f 2733 2734 2729
f 2736 2732 2731
f 2735 2736 2731
f 2735 2731 2730
f 2734 2735 2730
f 2733 2729 2732
f 2736 2733 2732
f 2743 2742 2741
f 2744 2743 2741
f 2738 2739 2740
f 2737 2738 2740
f 2742 2738 2737
f 2741 2742 2737
f 2744 2740 2739
f 2743 2744 2739
f 2743 2739 2738
f 2742 2743 2738
f 2741 2737 2740
f 2744 2741 2740
f 2751 2750 2749
f 2752 2751 2749
f 2746 2747 2748
f 2745 2746 2748
f 2750 2746 2745
f 2749 2750 2745
f 2752 2748 2747
f 2751 2752 2747
f 2751 2747 2746
f 2750 2751 2746
f 2749 2745 2748
f 2752 2749 2748
f 2759 2758 2757
f 2760 2759 2757
f 2754 2755 2756
f 2753 2754 2756
f 2758 2754 2753
f 2757 2758 2753
f 2760 2756 2755
f 2759 2760 2755
f 2759 2755 2754
f 2758 2759 2754
f 2757 2753 2756
f 2760 2757 2756
f 2767 2766 2765
f 2768 2767 2765
f 2762 2763 2764
f 2761 2762 2764
f 2766 2762 2761
f 2765 2766 2761
f 2768 2764 2763
f 2767 2768 2763
f 2767 2763 2762
f 2766 2767 2762
f 2765 2761 2764
f 2768 2765 2764
f 2775 2774 2773
f 2776 2775 2773
f 2770 2771 2772
f 2769 2770 2772
f 2774 2770 2769
f 2773 2774 2769
f 2776 2772 2771
f 2775 2776 2771
f 2775 2771 2770
f 2774 2775 2770
f 2773 2769 2772
f 2776 2773 2772
f 2783 2782 2781
f 2784 2783 2781
f 2778 2779 2780
f 2777 2778 2780
f 2782 2778 2777
f 2781 2782 2777
f 2784 2780 2779
f 2783 2784 2779
f 2783 2779 2778
f 2782 2783 2778
f 2781 2777 2780
f 2784 2781 2780
f 2791 2790 2789
f 2792 2791 2789
f 2786 2787 2788
f 2785 2786 2788
f 2790 2786 2785
f 2789 2790 2785
f 2792 2788 2787
f 2791 2792 2787
f 2791 2787 2786
f 2790 2791 2786
f 2789 2785 2788
f 2792 2789 2788
f 2799 2798 2797
f 2800 2799 2797
f 2794 2795 2796
f 2793 2794 2796
f 2798 2794 2793
f 2797 2798 2793
f 2800 2796 2795
f 2799 2800 2795
f 2799 2795 2794
f 2798 2799 2794
f 2797 2793 2796
f 2800 2797 2796
f 2807 2806 2805
f 2808 2807 2805
f 2802 2803 2804
f 2801 2802 2804
f 2806 2802 2801
f 2805 2806 2801
f 2808 2804 2803
f 2807 2808 2803
f 2807 2803 2802
f 2806 2807 2802
f 2805 2801 2804
f 2808 2805 2804
f 2847 2846 2845
f 2848 2847 2845
f 2842 2843 2844
f 2841 2842 2844
f 2846 2842 2841
f 2845 2846 2841
f 2848 2844 2843
f 2847 2848 2843
f 2847 2843 2842
f 2846 2847 2842
f 2845 2841 2844
f 2848 2845 2844
f 2855 2854 2853
f 2856 2855 2853
f 2850 2851 2852
f 2849 2850 2852
f 2854 2850 2849
f 2853 2854 2849
f 2856 2852 2851
f 2855 2856 2851
f 2855 2851 2850
f 2854 2855 2850
f 2853 2849 2852
f 2856 2853 2852
f 2863 2862 2861
f 2864 2863 2861
f 2858 2859 2860
f 2857 2858 2860
f 2862 2858 2857
f 2861 2862 2857
f 2864 2860 2859
f 2863 2864 2859
f 2863 2859 2858
f 2862 2863 2858
f 2861 2857 2860
f 2864 2861 2860
f 2871 2870 2869
f 2872 2871 2869
f 2866 2867 2868
f 2865 2866 2868
f 2870 2866 2865
f 2869 2870 2865
f 2872 2868 2867
f 2871 2872 2867
f 2871 2867 2866
f 2870 2871 2866
f 2869 2865 2868
f 2872 2869 2868
f 2879 2878 2877
f 2880 2879 2877
f 2874 2875 2876
f 2873 2874 2876
f 2878 2874 2873
f 2877 2878 2873
f 2880 2876 2875
f 2879 2880 2875
f 2879 2875 2874
f 2878 2879 2874
f 2877 2873 2876
f 2880 2877 2876
f 2887 2886 2885
f 2888 2887 2885
f 2882 2883 2884
f 2881 2882 2884
f 2886 2882 2881
f 2885 2886 2881
f 2888 2884 2883
f 2887 2888 2883
f 2887 2883 2882
f 2886 2887 2882
f 2885 2881 2884
f 2888 2885 2884
f 2895 2894 2893
f 2896 2895 2893
f 2890 2891 2892
f 2889 2890 2892
f 2894 2890 2889
f 2893 2894 2889
f 2896 2892 2891
f 2895 2896 2891
f 2895 2891 2890
f 2894 2895 2890
f 2893 2889 2892
f 2896 2893 2892
f 2903 2902 2901
f 2904 2903 2901
f 2898 2899 2900
f 2897 2898 2900
f 2902 2898 2897
f 2901 2902 2897
f 2904 2900 2899
f 2903 2904 2899
f 2903 2899 2898
f 2902 2903 2898
f 2901 2897 2900
f 2904 2901 2900
f 2911 2910 2909
f 2912 2911 2909
f 2906 2907 2908
f 2905 2906 2908
f 2910 2906 2905
f 2909 2910 2905
f 2912 2908 2907
f 2911 2912 2907
f 2911 2907 2906
f 2910 2911 2906
f 2909 2905 2908
f 2912 2909 2908
f 2919 2918 2917
f 2920 2919 2917
f 2914 2915 2916
f 2913 2914 2916
f 2918 2914 2913
f 2917 2918 2913
f 2920 2916 2915
f 2919 2920 2915
f 2919 2915 2914
f 2918 2919 2914
f 2917 2913 2916
f 2920 2917 2916
f 2927 2926 2925
f 2928 2927 2925
f 2922 2923 2924
f 2921 2922 2924
f 2926 2922 2921
f 2925 2926 2921
f 2928 2924 2923
f 2927 2928 2923
f 2927 2923 2922
f 2926 2927 2922
f 2925 2921 2924
f 2928 2925 2924
f 2935 2934 2933
f 2936 2935 2933
f 2930 2931 2932
f 2929 2930 2932
f 2934 2930 2929
f 2933 2934 2929
f 2936 2932 2931
f 2935 2936 2931
f 2935 2931 2930
f 2934 2935 2930
f 2933 2929 2932
f 2936 2933 2932
f 2975 2974 2973
f 2976 2975 2973
f 2970 2971 2972
f 2969 2970 2972
f 2974 2970 2969
f 2973 2974 2969
f 2976 2972 2971
f 2975 2976 2971
f 2975 2971 2970
f 2974 2975 2970
f 2973 2969 2972
f 2976 2973 2972
f 2983 2982 2981
f 2984 2983 2981
f 2978 2979 2980
f 2977 2978 2980
f 2982 2978 2977
f 2981 2982 2977
f 2984 2980 2979
f 2983 2984 2979
f 2983 2979 2978
f 2982 2983 2978
f 2981 2977 2980
f 2984 2981 2980
f 2991 2990 2989
f 2992 2991 2989
f 2986 2987 2988
f 2985 2986 2988
f 2990 2986 2985
f 2989 2990 2985
f 2992 2988 2987
f 2991 2992 2987
f 2991 2987 2986
f 2990 2991 2986
f 2989 2985 2988
f 2992 2989 2988
f 2999 2998 2997
f 3000 2999 2997
f 2994 2995 2996
f 2993 2994 2996
f 2998 2994 2993
f 2997 2998 2993
f 3000 2996 2995
f 2999 3000 2995
f 2999 2995 2994
f 2998 2999 2994
f 2997 2993 2996
f 3000 2997 2996
f 3007 3006 3005
f 3008 3007 3005
f 3002 3003 3004
f 3001 3002 3004
f 3006 3002 3001
f 3005 3006 3001
f 3008 3004 3003
f 3007 3008 3003
f 3007 3003 3002
f 3006 3007 3002
f 3005 3001 3004
f 3008 3005 3004
f 3015 3014 3013
f 3016 3015 3013
f 3010 3011 3012
f 3009 3010 3012
f 3014 3010 3009
f 3013 3014 3009
f 3016 3012 3011
f 3015 3016 3011
f 3015 3011 3010
f 3014 3015 3010
f 3013 3009 3012
f 3016 3013 3012
f 3023 3022 3021
f 3024 3023 3021
f 3018 3019 3020
f 3017 3018 3020
f 3022 3018 3017
f 3021 3022 3017
f 3024 3020 3019
f 3023 3024 3019
f 3023 3019 3018
f 3022 3023 3018
f 3021 3017 3020
f 3024 3021 3020
f 3031 3030 3029
f 3032 3031 3029
f 3026 3027 3028
f 3025 3026 3028
f 3030 3026 3025
f 3029 3030 3025
f 3032 3028 3027
f 3031 3032 3027
f 3031 3027 3026
f 3030 3031 3026
f 3029 3025 3028
f 3032 3029 3028
f 3039 3038 3037
f 3040 3039 3037
f 3034 3035 3036
f 3033 3034 3036
f 3038 3034 3033
f 3037 3038 3033
f 3040 3036 3035
f 3039 3040 3035
f 3039 3035 3034
f 3038 3039 3034
f 3037 3033 3036
f 3040 3037 3036
f 3047 3046 3045
f 3048 3047 3045
f 3042 3043 3044
f 3041 3042 3044
f 3046 3042 3041
f 3045 3046 3041
f 3048 3044 3043
f 3047 3048 3043
f 3047 3043 3042
f 3046 3047 3042
f 3045 3041 3044
f 3048 3045 3044
f 3055 3054 3053
f 3056 3055 3053
f 3050 3051 3052
f 3049 3050 3052
f 3054 3050 3049
f 3053 3054 3049
f 3056 3052 3051
f 3055 3056 3051
f 3055 3051 3050
f 3054 3055 3050
f 3053 3049 3052
f 3056 3053 3052
f 3063 3062 3061
f 3064 3063 3061
f 3058 3059 3060
f 3057 3058 3060
f 3062 3058 3057
f 3061 3062 3057
f 3064 3060 3059
f 3063 3064 3059
f 3063 3059 3058
f 3062 3063 3058
f 3061 3057 3060
f 3064 3061 3060
f 3103 3102 3101
f 3104 3103 3101
f 3098 3099 3100
f 3097 3098 3100
f 3102 3098 3097
f 3101 3102 3097
f 3104 3100 3099
f 3103 3104 3099
f 3103 3099 3098
f 3102 3103 3098
f 3101 3097 3100
f 3104 3101 3100
f 3111 3110 3109
f 3112 3111 3109
f 3106 3107 3108
f 3105 3106 3108
f 3110 3106 3105
f 3109 3110 3105
f 3112 3108 3107
f 3111 3112 3107
f 3111 3107 3106
f 3110 3111 3106
f 3109 3105 3108
f 3112 3109 3108
f 3119 3118 3117
f 3120 3119 3117
f 3114 3115 3116
f 3113 3114 3116
f 3118 3114 3113
f 3117 3118 3113
f 3120 3116 3115
f 3119 3120 3115
f 3119 3115 3114
f 3118 3119 3114
f 3117 3113 3116
f 3120 3117 3116
f 3127 3126 3125
f 3128 3127 3125
f 3122 3123 3124
f 3121 3122 3124
f 3126 3122 3121
f 3125 3126 3121
f 3128 3124 3123
f 3127 3128 3123
f 3127 3123 3122
f 3126 3127 3122
f 3125 3121 3124
f 3128 3125 3124
f 3135 3134 3133
f 3136 3135 3133
f 3130 3131 3132
f 3129 3130 3132
f 3134 3130 3129
f 3133 3134 3129
f 3136 3132 3131
f 3135 3136 3131
f 3135 3131 3130
f 3134 3135 3130
f 3133 3129 3132
f 3136 3133 3132
f 3143 3142 3141
f 3144 3143 3141
f 3138 3139 3140
f 3137 3138 3140
f 3142 3138 3137
f 3141 3142 3137
f 3144 3140 3139
f 3143 3144 3139
f 3143 3139 3138
f 3142 3143 3138
f 3141 3137 3140
f 3144 3141 3140
f 3151 3150 3149
f 3152 3151 3149
f 3146 3147 3148
f 3145 3146 3148
f 3150 3146 3145
f 3149 3150 3145
f 3152 3148 3147
f 3151 3152 3147
f 3151 3147 3146
f 3150 3151 3146
f 3149 3145 3148
f 3152 3149 3148
f 3159 3158 3157
f 3160 3159 3157
f 3154 3155 3156
f 3153 3154 3156
f 3158 3154 3153
f 3157 3158 3153
f 3160 3156 3155
f 3159 3160 3155
f 3159 3155 3154
f 3158 3159 3154
f 3157 3153 3156
f 3160 3157 3156
f 3167 3166 3165
f 3168 3167 3165
f 3162 3163 3164
f 3161 3162 3164
f 3166 3162 3161
f 3165 3166 3161
f 3168 3164 3163
f 3167 3168 3163
f 3167 3163 3162
f 3166 3167 3162
f 3165 3161 3164
f 3168 3165 3164
f 3175 3174 3173
f 3176 3175 3173
f 3170 3171 3172
f 3169 3170 3172
f 3174 3170 3169
f 3173 3174 3169
f 3176 3172 3171
f 3175 3176 3171
f 3175 3171 3170
f 3174 3175 3170
f 3173 3169 3172
f 3176 3173 3172
f 3183 3182 3181
f 3184 3183 3181
f 3178 3179 3180
f 3177 3178 3180
f 3182 3178 3177
f 3181 3182 3177
f 3184 3180 3179
f 3183 3184 3179
f 3183 3179 3178
f 3182 3183 3178
f 3181 3177 3180
f 3184 3181 3180
f 3191 3190 3189
f 3192 3191 3189
f 3186 3187 3188
f 3185 3186 3188
f 3190 3186 3185
f 3189 3190 3185
f 3192 3188 3187
f 3191 3192 3187
f 3191 3187 3186
f 3190 3191 3186
f 3189 3185 3188
f 3192 3189 3188
f 3231 3230 3229
f 3232 3231 3229
f 3226 3227 3228
f 3225 3226 3228
f 3230 3226 3225
f 3229 3230 3225
f 3232 3228 3227
f 3231 3232 3227
f 3231 3227 3226
f 3230 3231 3226
f 3229 3225 3228
f 3232 3229 3228
f 3239 3238 3237
f 3240 3239 3237
f 3234 3235 3236
f 3233 3234 3236
f 3238 3234 3233
f 3237 3238 3233
f 3240 3236 3235
f 3239 3240 3235
f 3239 3235 3234
f 3238 3239 3234
f 3237 3233 3236
f 3240 3237 3236
f 3247 3246 3245
f 3248 3247 3245
f 3242 3243 3244
f 3241 3242 3244
f 3246 3242 3241
f 3245 3246 3241
f 3248 3244 3243
f 3247 3248 3243
f 3247 3243 3242
f 3246 3247 3242
f 3245 3241 3244
f 3248 3245 3244
f 3255 3254 3253
f 3256 3255 3253
f 3250 3251 3252
f 3249 3250 3252
f 3254 3250 3249
f 3253 3254 3249
f 3256 3252 3251
f 3255 3256 3251
f 3255 3251 3250
f 3254 3255 3250
f 3253 3249 3252
f 3256 3253 3252
f 3263 3262 3261
f 3264 3263 3261
f 3258 3259 3260
f 3257 3258 3260
f 3262 3258 3257
f 3261 3262 3257
f 3264 3260 3259
f 3263 3264 3259
f 3263 3259 3258
f 3262 3263 3258
f 3261 3257 3260
f 3264 3261 3260
f 3271 3270 3269
f 3272 3271 3269
f 3266 3267 3268
f 3265 3266 3268
f 3270 3266 3265
f 3269 3270 3265
f 3272 3268 3267
f 3271 3272 3267
f 3271 3267 3266
f 3270 3271 3266
f 3269 3265 3268
f 3272 3269 3268
f 3279 3278 3277
f 3280 3279 3277
f 3274 3275 3276
f 3273 3274 3276
f 3278 3274 3273
f 3277 3278 3273
f 3280 3276 3275
f 3279 3280 3275
f 3279 3275 3274
f 3278 3279 3274
f 3277 3273 3276
f 3280 3277 3276
f 3287 3286 3285
f 3288 3287 3285
f 3282 3283 3284
f 3281 3282 3284
f 3286 3282 3281
f 3285 3286 3281
f 3288 3284 3283
f 3287 3288 3283
f 3287 3283 3282
f 3286 3287 3282
f 3285 3281 3284
f 3288 3285 3284
f 3295 3294 3293
f 3296 3295 3293
f 3290 3291 3292
f 3289 3290 3292
f 3294 3290 3289
f 3293 3294 3289
f 3296 3292 3291
f 3295 3296 3291
f 3295 3291 3290
f 3294 3295 3290
f 3293 3289 3292
f 3296 3293 3292
f 3303 3302 3301
f 3304 3303 3301
f 3298 3299 3300
f 3297 3298 3300
f 3302 3298 3297
f 3301 3302 3297
f 3304 3300 3299
f 3303 3304 3299
f 3303 3299 3298
f 3302 3303 3298
f 3301 3297 3300
f 3304 3301 3300
f 3311 3310 3309
f 3312 3311 3309
f 3306 3307 3308
f 3305 3306 3308
f 3310 3306 3305
f 3309 3310 3305
f 3312 3308 3307
f 3311 3312 3307
f 3311 3307 3306
f 3310 3311 3306
f 3309 3305 3308
f 3312 3309 3308
f 3319 3318 3317
f 3320 3319 3317
f 3314 3315 3316
f 3313 3314 3316
f 3318 3314 3313
f 3317 3318 3313
f 3320 3316 3315
f 3319 3320 3315
f 3319 3315 3314
f 3318 3319 3314
f 3317 3313 3316
f 3320 3317 3316
f 3359 3358 3357
f 3360 3359 3357
f 3354 3355 3356
f 3353 3354 3356
f 3358 3354 3353
f 3357 3358 3353
f 3360 3356 3355
f 3359 3360 3355
f 3359 3355 3354
f 3358 3359 3354
f 3357 3353 3356
f 3360 3357 3356
f 3367 3366 3365
f 3368 3367 3365
f 3362 3363 3364
f 3361 3362 3364
f 3366 3362 3361
f 3365 3366 3361
f 3368 3364 3363
f 3367 3368 3363
f 3367 3363 3362
f 3366 3367 3362
f 3365 3361 3364
f 3368 3365 3364
f 3375 3374 3373
f 3376 3375 3373
f 3370 3371 3372
f 3369 3370 3372
f 3374 3370 3369
f 3373 3374 3369
f 3376 3372 3371
f 3375 3376 3371
f 3375 3371 3370
f 3374 3375 3370
f 3373 3369 3372
f 3376 3373 3372
f 3383 3382 3381
f 3384 3383 3381
f 3378 3379 3380
f 3377 3378 3380
f 3382 3378 3377
f 3381 3382 3377
f 3384 3380 3379
f 3383 3384 3379
f 3383 3379 3378
f 3382 3383 3378
f 3381 3377 3380
f 3384 3381 3380
f 3391 3390 3389
f 3392 3391 3389
f 3386 3387 3388
f 3385 3386 3388
f 3390 3386 3385
f 3389 3390 3385
f 3392 3388 3387
f 3391 3392 3387
f 3391 3387 3386
f 3390 3391 3386
f 3389 3385 3388
f 3392 3389 3388
f 3399 3398 3397
f 3400 3399 3397
f 3394 3395 3396
f 3393 3394 3396
f 3398 3394 3393
f 3397 3398 3393
f 3400 3396 3395
f 3399 3400 3395
f 3399 3395 3394
f 3398 3399 3394
f 3397 3393 3396
f 3400 3397 3396
f 3407 3406 3405
f 3408 3407 3405
f 3402 3403 3404
f 3401 3402 3404
f 3406 3402 3401
f 3405 3406 3401
f 3408 3404 3403
f 3407 3408 3403
f 3407 3403 3402
f 3406 3407 3402
f 3405 3401 3404
f 3408 3405 3404
f 3415 3414 3413
f 3416 3415 3413
f 3410 3411 3412
f 3409 3410 3412
f 3414 3410 3409
f 3413 3414 3409
f 3416 3412 3411
f 3415 3416 3411
f 3415 3411 3410
f 3414 3415 3410
f 3413 3409 3412
f 3416 3413 3412
f 3423 3422 3421
f 3424 3423 3421
f 3418 3419 3420
f 3417 3418 3420
f 3422 3418 3417
f 3421 3422 3417
f 3424 3420 3419
f 3423 3424 3419
f 3423 3419 3418
f 3422 3423 3418
f 3421 3417 3420
f 3424 3421 3420
f 3431 3430 3429
f 3432 3431 3429
f 3426 3427 3428
f 3425 3426 3428
f 3430 3426 3425
f 3429 3430 3425
f 3432 3428 3427
f 3431 3432 3427
f 3431 3427 3426
f 3430 3431 3426
f 3429 3425 3428
f 3432 3429 3428
f 3439 3438 3437
f 3440 3439 3437
f 3434 3435 3436
f 3433 3434 3436
f 3438 3434 3433
f 3437 3438 3433
f 3440 3436 3435
f 3439 3440 3435
f 3439 3435 3434
f 3438 3439 3434
f 3437 3433 3436
f 3440 3437 3436
f 3447 3446 3445
f 3448 3447 3445
f 3442 3443 3444
f 3441 3442 3444
f 3446 3442 3441
f 3445 3446 3441
f 3448 3444 3443
f 3447 3448 3443
f 3447 3443 3442
f 3446 3447 3442
f 3445 3441 3444
f 3448 3445 3444
f 3487 3486 3485
f 3488 3487 3485
f 3482 3483 3484
f 3481 3482 3484
f 3486 3482 3481
f 3485 3486 3481
f 3488 3484 3483
f 3487 3488 3483
f 3487 3483 3482
f 3486 3487 3482
f 3485 3481 3484
f 3488 3485 3484
f 3495 3494 3493
f 3496 3495 3493
f 3490 3491 3492
f 3489 3490 3492
f 3494 3490 3489
f 3493 3494 3489
f 3496 3492 3491
f 3495 3496 3491
f 3495 3491 3490
f 3494 3495 3490
f 3493 3489 3492
f 3496 3493 3492
f 3503 3502 3501
f 3504 3503 3501
f 3498 3499 3500
f 3497 3498 3500
f 3502 3498 3497
f 3501 3502 3497
f 3504 3500 3499
f 3503 3504 3499
f 3503 3499 3498
f 3502 3503 3498
f 3501 3497 3500
f 3504 3501 3500
f 3511 3510 3509
f 3512 3511 3509
f 3506 3507 3508
f 3505 3506 3508
f 3510 3506 3505
f 3509 3510 3505
f 3512 3508 3507
f 3511 3512 3507
f 3511 3507 3506
f 3510 3511 3506
f 3509 3505 3508
f 3512 3509 3508
f 3519 3518 3517
f 3520 3519 3517
f 3514 3515 3516
f 3513 3514 3516
f 3518 3514 3513
f 3517 3518 3513
f 3520 3516 3515
f 3519 3520 3515
f 3519 3515 3514
f 3518 3519 3514
f 3517 3513 3516
f 3520 3517 3516
f 3527 3526 3525
f 3528 3527 3525
f 3522 3523 3524
f 3521 3522 3524
f 3526 3522 3521
f 3525 3526 3521
f 3528 3524 3523
f 3527 3528 3523
f 3527 3523 3522
f 3526 3527 3522
f 3525 3521 3524
f 3528 3525 3524
f 3535 3534 3533
f 3536 3535 3533
f 3530 3531 3532
f 3529 3530 3532
f 3534 3530 3529
f 3533 3534 3529
f 3536 3532 3531
f 3535 3536 3531
f 3535 3531 3530
f 3534 3535 3530
f 3533 3529 3532
f 3536 3533 3532
f 3543 3542 3541
f 3544 3543 3541
f 3538 3539 3540
f 3537 3538 3540
f 3542 3538 3537
f 3541 3542 3537
f 3544 3540 3539
f 3543 3544 3539
f 3543 3539 3538
f 3542 3543 3538
f 3541 3537 3540
f 3544 3541 3540
f 3551 3550 3549
f 3552 3551 3549
f 3546 3547 3548
f 3545 3546 3548
f 3550 3546 3545
f 3549 3550 3545
f 3552 3548 3547
f 3551 3552 3547
f 3551 3547 3546
f 3550 3551 3546
f 3549 3545 3548
f 3552 3549 3548
f 3559 3558 3557
f 3560 3559 3557
f 3554 3555 3556
f 3553 3554 3556
f 3558 3554 3553
f 3557 3558 3553
f 3560 3556 3555
f 3559 3560 3555
f 3559 3555 3554
f 3558 3559 3554
f 3557 3553 3556
f 3560 3557 3556
f 3567 3566 3565
f 3568 3567 3565
f 3562 3563 3564
f 3561 3562 3564
f 3566 3562 3561
f 3565 3566 3561
f 3568 3564 3563
f 3567 3568 3563
f 3567 3563 3562
f 3566 3567 3562
f 3565 3561 3564
f 3568 3565 3564
f 3575 3574 3573
f 3576 3575 3573
f 3570 3571 3572
f 3569 3570 3572
f 3574 3570 3569
f 3573 3574 3569
f 3576 3572 3571
f 3575 3576 3571
f 3575 3571 3570
f 3574 3575 3570
f 3573 3569 3572
f 3576 3573 3572
f 3615 3614 3613
f 3616 3615 3613
f 3610 3611 3612
f 3609 3610 3612
f 3614 3610 3609
f 3613 3614 3609
f 3616 3612 3611
f 3615 3616 3611
f 3615 3611 3610
f 3614 3615 3610
f 3613 3609 3612
f 3616 3613 3612
f 3623 3622 3621
f 3624 3623 3621
f 3618 3619 3620
f 3617 3618 3620
f 3622 3618 3617
f 3621 3622 3617
f 3624 3620 3619
f 3623 3624 3619
f 3623 3619 3618
f 3622 3623 3618
f 3621 3617 3620
f 3624 3621 3620
f 3631 3630 3629
f 3632 3631 3629
f 3626 3627 3628
f 3625 3626 3628
f 3630 3626 3625
f 3629 3630 3625
f 3632 3628 3627
f 3631 3632 3627
f 3631 3627 3626
f 3630 3631 3626
f 3629 3625 3628
f 3632 3629 3628
f 3639 3638 3637
f 3640 3639 3637
f 3634 3635 3636
f 3633 3634 3636
f 3638 3634 3633
f 3637 3638 3633
f 3640 3636 3635
f 3639 3640 3635
f 3639 3635 3634
f 3638 3639 3634
f 3637 3633 3636
f 3640 3637 3636
f 3647 3646 3645
f 3648 3647 3645
f 3642 3643 3644
f 3641 3642 3644
f 3646 3642 3641
f 3645 3646 3641
f 3648 3644 3643
f 3647 3648 3643
f 3647 3643 3642
f 3646 3647 3642
f 3645 3641 3644
f 3648 3645 3644
f 3655 3654 3653
f 3656 3655 3653
f 3650 3651 3652
f 3649 3650 3652
f 3654 3650 3649
f 3653 3654 3649
f 3656 3652 3651
f 3655 3656 3651
f 3655 3651 3650
f 3654 3655 3650
f 3653 3649 3652
f 3656 3653 3652
f 3663 3662 3661
f 3664 3663 3661
f 3658 3659 3660
f 3657 3658 3660
f 3662 3658 3657
f 3661 3662 3657
f 3664 3660 3659
f 3663 3664 3659
f 3663 3659 3658
f 3662 3663 3658
f 3661 3657 3660
f 3664 3661 3660
f 3671 3670 3669
f 3672 3671 3669
f 3666 3667 3668
f 3665 3666 3668
f 3670 3666 3665
f 3669 3670 3665
f 3672 3668 3667
f 3671 3672 3667
f 3671 3667 3666
f 3670 3671 3666
f 3669 3665 3668
f 3672 3669 3668
f 3679 3678 3677
f 3680 3679 3677
f 3674 3675 3676
f 3673 3674 3676
f 3678 3674 3673
f 3677 3678 3673
f 3680 3676 3675
f 3679 3680 3675
f 3679 3675 3674
f 3678 3679 3674
f 3677 3673 3676
f 3680 3677 3676
f 3687 3686 3685
f 3688 3687 3685
f 3682 3683 3684
f 3681 3682 3684
f 3686 3682 3681
f 3685 3686 3681
f 3688 3684 3683
f 3687 3688 3683
f 3687 3683 3682
f 3686 3687 3682
f 3685 3681 3684
f 3688 3685 3684
f 3695 3694 3693
f 3696 3695 3693
f 3690 3691 3692
f 3689 3690 3692
f 3694 3690 3689
f 3693 3694 3689
f 3696 3692 3691
f 3695 3696 3691
f 3695 3691 3690
f 3694 3695 3690
f 3693 3689 3692
f 3696 3693 3692
f 3703 3702 3701
f 3704 3703 3701
f 3698 3699 3700
f 3697 3698 3700
f 3702 3698 3697
f 3701 3702 3697
f 3704 3700 3699
f 3703 3704 3699
f 3703 3699 3698
f 3702 3703 3698
f 3701 3697 3700
f 3704 3701 3700
f 3743 3742 3741
f 3744 3743 3741
f 3738 3739 3740
f 3737 3738 3740
f 3742 3738 3737
f 3741 3742 3737
f 3744 3740 3739
f 3743 3744 3739
f 3743 3739 3738
f 3742 3743 3738
f 3741 3737 3740
f 3744 3741 3740
f 3751 3750 3749
f 3752 3751 3749
f 3746 3747 3748
f 3745 3746 3748
f 3750 3746 3745
f 3749 3750 3745
f 3752 3748 3747
f 3751 3752 3747
f 3751 3747 3746
f 3750 3751 3746
f 3749 3745 3748
f 3752 3749 3748
f 3759 3758 3757
f 3760 3759 3757
f 3754 3755 3756
f 3753 3754 3756
f 3758 3754 3753
f 3757 3758 3753
f 3760 3756 3755
f 3759 3760 3755
f 3759 3755 3754
f 3758 3759 3754
f 3757 3753 3756
f 3760 3757 3756
f 3767 3766 3765
f 3768 3767 3765
f 3762 3763 3764
f 3761 3762 3764
f 3766 3762 3761
f 3765 3766 3761
f 3768 3764 3763
f 3767 3768 3763
f 3767 3763 3762
f 3766 3767 3762
f 3765 3761 3764
f 3768 3765 3764
f 3775 3774 3773
f 3776 3775 3773
f 3770 3771 3772
f 3769 3770 3772
f 3774 3770 3769
f 3773 3774 3769
f 3776 3772 3771
f 3775 3776 3771
f 3775 3771 3770
f 3774 3775 3770
f 3773 3769 3772
f 3776 3773 3772
f 3783 3782 3781
f 3784 3783 3781
f 3778 3779 3780
f 3777 3778 3780
f 3782 3778 3777
f 3781 3782 3777
f 3784 3780 3779
f 3783 3784 3779
f 3783 3779 3778
f 3782 3783 3778
f 3781 3777 3780
f 3784 3781 3780
f 3791 3790 3789
f 3792 3791 3789
f 3786 3787 3788
f 3785 3786 3788
f 3790 3786 3785
f 3789 3790 3785
f 3792 3788 3787
f 3791 3792 3787
f 3791 3787 3786
f 3790 3791 3786
f 3789 3785 3788
f 3792 3789 3788
f 3799 3798 3797
f 3800 3799 3797
f 3794 3795 3796
f 3793 3794 3796
f 3798 3794 3793
f 3797 3798 3793
f 3800 3796 3795
f 3799 3800 3795
f 3799 3795 3794
f 3798 3799 3794
f 3797 3793 3796
f 3800 3797 3796
f 3807 3806 3805
f 3808 3807 3805
f 3802 3803 3804
f 3801 3802 3804
f 3806 3802 3801
f 3805 3806 3801
f 3808 3804 3803
f 3807 3808 3803
f 3807 3803 3802
f 3806 3807 3802
f 3805 3801 3804
f 3808 3805 3804
f 3815 3814 3813
f 3816 3815 3813
f 3810 3811 3812
f 3809 3810 3812
f 3814 3810 3809
f 3813 3814 3809
f 3816 3812 3811
f 3815 3816 3811
f 3815 3811 3810
f 3814 3815 3810
f 3813 3809 3812
f 3816 3813 3812
f 3823 3822 3821
f 3824 3823 3821
f 3818 3819 3820
f 3817 3818 3820
f 3822 3818 3817
f 3821 3822 3817
f 3824 3820 3819
f 3823 3824 3819
f 3823 3819 3818
f 3822 3823 3818
f 3821 3817 3820
f 3824 3821 3820
f 3831 3830 3829
f 3832 3831 3829
f 3826 3827 3828
f 3825 3826 3828
f 3830 3826 3825
f 3829 3830 3825
f 3832 3828 3827
f 3831 3832 3827
f 3831 3827 3826
f 3830 3831 3826
f 3829 3825 3828
f 3832 3829 3828
f 3871 3870 3869
f 3872 3871 3869
f 3866 3867 3868
f 3865 3866 3868
f 3870 3866 3865
f 3869 3870 3865
f 3872 3868 3867
f 3871 3872 3867
f 3871 3867 3866
f 3870 3871 3866
f 3869 3865 3868
f 3872 3869 3868
f 3879 3878 3877
f 3880 3879 3877
f 3874 3875 3876
f 3873 3874 3876
f 3878 3874 3873
f 3877 3878 3873
f 3880 3876 3875
f 3879 3880 3875
f 3879 3875 3874
f 3878 3879 3874
f 3877 3873 3876
f 3880 3877 3876
f 3887 3886 3885
f 3888 3887 3885
f 3882 3883 3884
f 3881 3882 3884
f 3886 3882 3881
f 3885 3886 3881
f 3888 3884 3883
f 3887 3888 3883
f 3887 3883 3882
f 3886 3887 3882
f 3885 3881 3884
f 3888 3885 3884
f 3895 3894 3893
f 3896 3895 3893
f 3890 3891 3892
f 3889 3890 3892
f 3894 3890 3889
f 3893 3894 3889
f 3896 3892 3891
f 3895 3896 3891
f 3895 3891 3890
f 3894 3895 3890
f 3893 3889 3892
f 3896 3893 3892
f 3903 3902 3901
f 3904 3903 3901
f 3898 3899 3900
f 3897 3898 3900
f 3902 3898 3897
f 3901 3902 3897
f 3904 3900 3899
f 3903 3904 3899
f 3903 3899 3898
f 3902 3903 3898
f 3901 3897 3900
f 3904 3901 3900
f 3911 3910 3909
f 3912 3911 3909
f 3906 3907 3908
f 3905 3906 3908
f 3910 3906 3905
f 3909 3910 3905
f 3912 3908 3907
f 3911 3912 3907
f 3911 3907 3906
f 3910 3911 3906
f 3909 3905 3908
f 3912 3909 3908
f 3919 3918 3917
f 3920 3919 3917
f 3914 3915 3916
f 3913 3914 3916
f 3918 3914 3913
f 3917 3918 3913
f 3920 3916 3915
f 3919 3920 3915
f 3919 3915 3914
f 3918 3919 3914
f 3917 3913 3916
f 3920 3917 3916
f 3927 3926 3925
f 3928 3927 3925
f 3922 3923 3924
f 3921 3922 3924
f 3926 3922 3921
f 3925 3926 3921
f 3928 3924 3923
f 3927 3928 3923
f 3927 3923 3922
f 3926 3927 3922
f 3925 3921 3924
f 3928 3925 3924
f 3935 3934 3933
f 3936 3935 3933
f 3930 3931 3932
f 3929 3930 3932
f 3934 3930 3929
f 3933 3934 3929
f 3936 3932 3931
f 3935 3936 3931
f 3935 3931 3930
f 3934 3935 3930
f 3933 3929 3932
f 3936 3933 3932
f 3943 3942 3941
f 3944 3943 3941
f 3938 3939 3940
f 3937 3938 3940
f 3942 3938 3937
f 3941 3942 3937
f 3944 3940 3939
f 3943 3944 3939
f 3943 3939 3938
f 3942 3943 3938
f 3941 3937 3940
f 3944 3941 3940
f 3951 3950 3949
f 3952 3951 3949
f 3946 3947 3948
f 3945 3946 3948
f 3950 3946 3945
f 3949 3950 3945
f 3952 3948 3947
f 3951 3952 3947
f 3951 3947 3946
f 3950 3951 3946
f 3949 3945 3948
f 3952 3949 3948
f 3959 3958 3957
f 3960 3959 3957
f 3954 3955 3956
f 3953 3954 3956
f 3958 3954 3953
f 3957 3958 3953
f 3960 3956 3955
f 3959 3960 3955
f 3959 3955 3954
f 3958 3959 3954
f 3957 3953 3956
f 3960 3957 3956
f 3999 3998 3997
f 4000 3999 3997
f 3994 3995 3996
f 3993 3994 3996
f 3998 3994 3993
f 3997 3998 3993
f 4000 3996 3995
f 3999 4000 3995
f 3999 3995 3994
f 3998 3999 3994
f 3997 3993 3996
f 4000 3997 3996
f 4007 4006 4005
f 4008 4007 4005
f 4002 4003 4004
f 4001 4002 4004
f 4006 4002 4001
f 4005 4006 4001
f 4008 4004 4003
f 4007 4008 4003
f 4007 4003 4002
f 4006 4007 4002
f 4005 4001 4004
f 4008 4005 4004
f 4015 4014 4013
f 4016 4015 4013
f 4010 4011 4012
f 4009 4010 4012
f 4014 4010 4009
f 4013 4014 4009
f 4016 4012 4011
f 4015 4016 4011
f 4015 4011 4010
f 4014 4015 4010
f 4013 4009 4012
f 4016 4013 4012
f 4023 4022 4021
f 4024 4023 4021
f 4018 4019 4020
f 4017 4018 4020
f 4022 4018 4017
f 4021 4022 4017
f 4024 4020 4019
f 4023 4024 4019
f 4023 4019 4018
f 4022 4023 4018
f 4021 4017 4020
f 4024 4021 4020
f 4031 4030 4029
f 4032 4031 4029
f 4026 4027 4028
f 4025 4026 4028
f 4030 4026 4025
f 4029 4030 4025
f 4032 4028 4027
f 4031 4032 4027
f 4031 4027 4026
f 4030 4031 4026
f 4029 4025 4028
f 4032 4029 4028
f 4039 4038 4037
f 4040 4039 4037
f 4034 4035 4036
f 4033 4034 4036
f 4038 4034 4033
f 4037 4038 4033
f 4040 4036 4035
f 4039 4040 4035
f 4039 4035 4034
f 4038 4039 4034
f 4037 4033 4036
f 4040 4037 4036
f 4047 4046 4045
f 4048 4047 4045
f 4042 4043 4044
f 4041 4042 4044
f 4046 4042 4041
f 4045 4046 4041
f 4048 4044 4043
f 4047 4048 4043
f 4047 4043 4042
f 4046 4047 4042
f 4045 4041 4044
f 4048 4045 4044
f 4055 4054 4053
f 4056 4055 4053
f 4050 4051 4052
f 4049 4050 4052
f 4054 4050 4049
f 4053 4054 4049
f 4056 4052 4051
f 4055 4056 4051
f 4055 4051 4050
f 4054 4055 4050
f 4053 4049 4052
f 4056 4053 4052
f 4063 4062 4061
f 4064 4063 4061
f 4058 4059 4060
f 4057 4058 4060
f 4062 4058 4057
f 4061 4062 4057
f 4064 4060 4059
f 4063 4064 4059
f 4063 4059 4058
f 4062 4063 4058
f 4061 4057 4060
f 4064 4061 4060
f 4071 4070 4069
f 4072 4071 4069
f 4066 4067 4068
f 4065 4066 4068
f 4070 4066 4065
f 4069 4070 4065
f 4072 4068 4067
f 4071 4072 4067
f 4071 4067 4066
f 4070 4071 4066
f 4069 4065 4068
f 4072 4069 4068
f 4079 4078 4077
f 4080 4079 4077
f 4074 4075 4076
f 4073 4074 4076
f 4078 4074 4073
f 4077 4078 4073
f 4080 4076 4075
f 4079 4080 4075
f 4079 4075 4074
f 4078 4079 4074
f 4077 4073 4076
f 4080 4077 4076
f 4087 4086 4085
f 4088 4087 4085
f 4082 4083 4084
f 4081 4082 4084
f 4086 4082 4081
f 4085 4086 4081
f 4088 4084 4083
f 4087 4088 4083
f 4087 4083 4082
f 4086 4087 4082
f 4085 4081 4084
f 4088 4085 4084
f 4127 4126 4125
f 4128 4127 4125
f 4122 4123 4124
f 4121 4122 4124
f 4126 4122 4121
f 4125 4126 4121
f 4128 4124 4123
f 4127 4128 4123
f 4127 4123 4122
f 4126 4127 4122
f 4125 4121 4124
f 4128 4125 4124
f 4135 4134 4133
f 4136 4135 4133
f 4130 4131 4132
f 4129 4130 4132
f 4134 4130 4129
f 4133 4134 4129
f 4136 4132 4131
f 4135 4136 4131
f 4135 4131 4130
f 4134 4135 4130
f 4133 4129 4132
f 4136 4133 4132
f 4143 4142 4141
f 4144 4143 4141
f 4138 4139 4140
f 4137 4138 4140
f 4142 4138 4137
f 4141 4142 4137
f 4144 4140 4139
f 4143 4144 4139
f 4143 4139 4138
f 4142 4143 4138
f 4141 4137 4140
f 4144 4141 4140
f 4151 4150 4149
f 4152 4151 4149
f 4146 4147 4148
f 4145 4146 4148
f 4150 4146 4145
f 4149 4150 4145
f 4152 4148 4147
f 4151 4152 4147
f 4151 4147 4146
f 4150 4151 4146
f 4149 4145 4148
f 4152 4149 4148
f 4159 4158 4157
f 4160 4159 4157
f 4154 4155 4156
f 4153 4154 4156
f 4158 4154 4153
f 4157 4158 4153
f 4160 4156 4155
f 4159 4160 4155
f 4159 4155 4154
f 4158 4159 4154
f 4157 4153 4156
f 4160 4157 4156
f 4167 4166 4165
f 4168 4167 4165
f 4162 4163 4164
f 4161 4162 4164
f 4166 4162 4161
f 4165 4166 4161
f 4168 4164 4163
f 4167 4168 4163
f 4167 4163 4162
f 4166 4167 4162
f 4165 4161 4164
f 4168 4165 4164
f 4175 4174 4173
f 4176 4175 4173
f 4170 4171 4172
f 4169 4170 4172
f 4174 4170 4169
f 4173 4174 4169
f 4176 4172 4171
f 4175 4176 4171
f 4175 4171 4170
f 4174 4175 4170
f 4173 4169 4172
f 4176 4173 4172
f 4183 4182 4181
f 4184 4183 4181
f 4178 4179 4180
f 4177 4178 4180
f 4182 4178 4177
f 4181 4182 4177
f 4184 4180 4179
f 4183 4184 4179
f 4183 4179 4178
f 4182 4183 4178
f 4181 4177 4180
f 4184 4181 4180
f 4191 4190 4189
f 4192 4191 4189
f 4186 4187 4188
f 4185 4186 4188
f 4190 4186 4185
f 4189 4190 4185
f 4192 4188 4187
f 4191 4192 4187
f 4191 4187 4186
f 4190 4191 4186
f 4189 4185 4188
f 4192 4189 4188
f 4199 4198 4197
f 4200 4199 4197
f 4194 4195 4196
f 4193 4194 4196
f 4198 4194 4193
f 4197 4198 4193
f 4200 4196 4195
f 4199 4200 4195
f 4199 4195 4194
f 4198 4199 4194
f 4197 4193 4196
f 4200 4197 4196
f 4207 4206 4205
f 4208 4207 4205
f 4202 4203 4204
f 4201 4202 4204
f 4206 4202 4201
f 4205 4206 4201
f 4208 4204 4203
f 4207 4208 4203
f 4207 4203 4202
f 4206 4207 4202
f 4205 4201 4204
f 4208 4205 4204
f 4215 4214 4213
f 4216 4215 4213
f 4210 4211 4212
f 4209 4210 4212
f 4214 4210 4209
f 4213 4214 4209
f 4216 4212 4211
f 4215 4216 4211
f 4215 4211 4210
f 4214 4215 4210
f 4213 4209 4212
f 4216 4213 4212
f 4255 4254 4253
f 4256 4255 4253
f 4250 4251 4252
f 4249 4250 4252
f 4254 4250 4249
f 4253 4254 4249
f 4256 4252 4251
f 4255 4256 4251
f 4255 4251 4250
f 4254 4255 4250
f 4253 4249 4252
f 4256 4253 4252
f 4263 4262 4261
f 4264 4263 4261
f 4258 4259 4260
f 4257 4258 4260
f 4262 4258 4257
f 4261 4262 4257
f 4264 4260 4259
f 4263 4264 4259
f 4263 4259 4258
f 4262 4263 4258
f 4261 4257 4260
f 4264 4261 4260
f 4271 4270 4269
f 4272 4271 4269
f 4266 4267 4268
f 4265 4266 4268
f 4270 4266 4265
f 4269 4270 4265
f 4272 4268 4267
f 4271 4272 4267
f 4271 4267 4266
f 4270 4271 4266
f 4269 4265 4268
f 4272 4269 4268
f 4279 4278 4277
f 4280 4279 4277
f 4274 4275 4276
f 4273 4274 4276
f 4278 4274 4273
f 4277 4278 4273
f 4280 4276 4275
f 4279 4280 4275
f 4279 4275 4274
f 4278 4279 4274
f 4277 4273 4276
f 4280 4277 4276
f 4287 4286 4285
f 4288 4287 4285
f 4282 4283 4284
f 4281 4282 4284
f 4286 4282 4281
f 4285 4286 4281
f 4288 4284 4283
f 4287 4288 4283
f 4287 4283 4282
f 4286 4287 4282
f 4285 4281 4284
f 4288 4285 4284
f 4295 4294 4293
f 4296 4295 4293
f 4290 4291 4292
f 4289 4290 4292
f 4294 4290 4289
f 4293 4294 4289
f 4296 4292 4291
f 4295 4296 4291
f 4295 4291 4290
f 4294 4295 4290
f 4293 4289 4292
f 4296 4293 4292
f 4303 4302 4301
f 4304 4303 4301
f 4298 4299 4300
f 4297 4298 4300
f 4302 4298 4297
f 4301 4302 4297
f 4304 4300 4299
f 4303 4304 4299
f 4303 4299 4298
f 4302 4303 4298
f 4301 4297 4300
f 4304 4301 4300
f 4311 4310 4309
f 4312 4311 4309
f 4306 4307 4308
f 4305 4306 4308
f 4310 4306 4305
f 4309 4310 4305
f 4312 4308 4307
f 4311 4312 4307
f 4311 4307 4306
f 4310 4311 4306
f 4309 4305 4308
f 4312 4309 4308
f 4319 4318 4317
f 4320 4319 4317
f 4314 4315 4316
f 4313 4314 4316
f 4318 4314 4313
f 4317 4318 4313
f 4320 4316 4315
f 4319 4320 4315
f 4319 4315 4314
f 4318 4319 4314
f 4317 4313 4316
f 4320 4317 4316
f 4327 4326 4325
f 4328 4327 4325
f 4322 4323 4324
f 4321 4322 4324
f 4326 4322 4321
f 4325 4326 4321
f 4328 4324 4323
f 4327 4328 4323
f 4327 4323 4322
f 4326 4327 4322
f 4325 4321 4324
f 4328 4325 4324
f 4335 4334 4333
f 4336 4335 4333
f 4330 4331 4332
f 4329 4330 4332
f 4334 4330 4329
f 4333 4334 4329
f 4336 4332 4331
f 4335 4336 4331
f 4335 4331 4330
f 4334 4335 4330
f 4333 4329 4332
f 4336 4333 4332
f 4343 4342 4341
f 4344 4343 4341
f 4338 4339 4340
f 4337 4338 4340
f 4342 4338 4337
f 4341 4342 4337
f 4344 4340 4339
f 4343 4344 4339
f 4343 4339 4338
f 4342 4343 4338
f 4341 4337 4340
f 4344 4341 4340
f 4383 4382 4381
f 4384 4383 4381
f 4378 4379 4380
f 4377 4378 4380
f 4382 4378 4377
f 4381 4382 4377
f 4384 4380 4379
f 4383 4384 4379
f 4383 4379 4378
f 4382 4383 4378
f 4381 4377 4380
f 4384 4381 4380
f 4391 4390 4389
f 4392 4391 4389
f 4386 4387 4388
f 4385 4386 4388
f 4390 4386 4385
f 4389 4390 4385
f 4392 4388 4387
f 4391 4392 4387
f 4391 4387 4386
f 4390 4391 4386
f 4389 4385 4388
f 4392 4389 4388
f 4399 4398 4397
f 4400 4399 4397
f 4394 4395 4396
f 4393 4394 4396
f 4398 4394 4393
f 4397 4398 4393
f 4400 4396 4395
f 4399 4400 4395
f 4399 4395 4394
f 4398 4399 4394
f 4397 4393 4396
f 4400 4397 4396
f 4407 4406 4405
f 4408 4407 4405
f 4402 4403 4404
f 4401 4402 4404
f 4406 4402 4401
f 4405 4406 4401
f 4408 4404 4403
f 4407 4408 4403
f 4407 4403 4402
f 4406 4407 4402
f 4405 4401 4404
f 4408 4405 4404
f 4415 4414 4413
f 4416 4415 4413
f 4410 4411 4412
f 4409 4410 4412
f 4414 4410 4409
f 4413 4414 4409
f 4416 4412 4411
f 4415 4416 4411
f 4415 4411 4410
f 4414 4415 4410
f 4413 4409 4412
f 4416 4413 4412
f 4423 4422 4421
f 4424 4423 4421
f 4418 4419 4420
f 4417 4418 4420
f 4422 4418 4417
f 4421 4422 4417
f 4424 4420 4419
f 4423 4424 4419
f 4423 4419 4418
f 4422 4423 4418
f 4421 4417 4420
f 4424 4421 4420
f 4431 4430 4429
f 4432 4431 4429
f 4426 4427 4428
f 4425 4426 4428
f 4430 4426 4425
f 4429 4430 4425
f 4432 4428 4427
f 4431 4432 4427
f 4431 4427 4426
f 4430 4431 4426
f 4429 4425 4428
f 4432 4429 4428
f 4439 4438 4437
f 4440 4439 4437
f 4434 4435 4436
f 4433 4434 4436
f 4438 4434 4433
f 4437 4438 4433
f 4440 4436 4435
f 4439 4440 4435
f 4439 4435 4434
f 4438 4439 4434
f 4437 4433 4436
f 4440 4437 4436
f 4447 4446 4445
f 4448 4447 4445
f 4442 4443 4444
f 4441 4442 4444
f 4446 4442 4441
f 4445 4446 4441
f 4448 4444 4443
f 4447 4448 4443
f 4447 4443 4442
f 4446 4447 4442
f 4445 4441 4444
f 4448 4445 4444
f 4455 4454 4453
f 4456 4455 4453
f 4450 4451 4452
f 4449 4450 4452
f 4454 4450 4449
f 4453 4454 4449
f 4456 4452 4451
f 4455 4456 4451
f 4455 4451 4450
f 4454 4455 4450
f 4453 4449 4452
f 4456 4453 4452
f 4463 4462 4461
f 4464 4463 4461
f 4458 4459 4460
f 4457 4458 4460
f 4462 4458 4457
f 4461 4462 4457
f 4464 4460 4459
f 4463 4464 4459
f 4463 4459 4458
f 4462 4463 4458
f 4461 4457 4460
f 4464 4461 4460
f 4471 4470 4469
f 4472 4471 4469
f 4466 4467 4468
f 4465 4466 4468
f 4470 4466 4465
f 4469 4470 4465
f 4472 4468 4467
f 4471 4472 4467
f 4471 4467 4466
f 4470 4471 4466
f 4469 4465 4468
f 4472 4469 4468
f 4511 4510 4509
f 4512 4511 4509
f 4506 4507 4508
f 4505 4506 4508
f 4510 4506 4505
f 4509 4510 4505
f 4512 4508 4507
f 4511 4512 4507
f 4511 4507 4506
f 4510 4511 4506
f 4509 4505 4508
f 4512 4509 4508
f 4519 4518 4517
f 4520 4519 4517
f 4514 4515 4516
f 4513 4514 4516
f 4518 4514 4513
f 4517 4518 4513
f 4520 4516 4515
f 4519 4520 4515
f 4519 4515 4514
f 4518 4519 4514
f 4517 4513 4516
f 4520 4517 4516
f 4527 4526 4525
f 4528 4527 4525
f 4522 4523 4524
f 4521 4522 4524
f 4526 4522 4521
f 4525 4526 4521
f 4528 4524 4523
f 4527 4528 4523
f 4527 4523 4522
f 4526 4527 4522
f 4525 4521 4524
f 4528 4525 4524
f 4535 4534 4533
f 4536 4535 4533
f 4530 4531 4532
f 4529 4530 4532
f 4534 4530 4529
f 4533 4534 4529
f 4536 4532 4531
f 4535 4536 4531
f 4535 4531 4530
f 4534 4535 4530
f 4533 4529 4532
f 4536 4533 4532
f 4543 4542 4541
f 4544 4543 4541
f 4538 4539 4540
f 4537 4538 4540
f 4542 4538 4537
f 4541 4542 4537
f 4544 4540 4539
f 4543 4544 4539
f 4543 4539 4538
f 4542 4543 4538
f 4541 4537 4540
f 4544 4541 4540
f 4551 4550 4549
f 4552 4551 4549
f 4546 4547 4548
f 4545 4546 4548
f 4550 4546 4545
f 4549 4550 4545
f 4552 4548 4547
f 4551 4552 4547
f 4551 4547 4546
f 4550 4551 4546
f 4549 4545 4548
f 4552 4549 4548
f 4559 4558 4557
f 4560 4559 4557
f 4554 4555 4556
f 4553 4554 4556
f 4558 4554 4553
f 4557 4558 4553
f 4560 4556 4555
f 4559 4560 4555
f 4559 4555 4554
f 4558 4559 4554
f 4557 4553 4556
f 4560 4557 4556
f 4567 4566 4565
f 4568 4567 4565
f 4562 4563 4564
f 4561 4562 4564
f 4566 4562 4561
f 4565 4566 4561
f 4568 4564 4563
f 4567 4568 4563
f 4567 4563 4562
f 4566 4567 4562
f 4565 4561 4564
f 4568 4565 4564
f 4575 4574 4573
f 4576 4575 4573
f 4570 4571 4572
f 4569 4570 4572
f 4574 4570 4569
f 4573 4574 4569
f 4576 4572 4571
f 4575 4576 4571
f 4575 4571 4570
f 4574 4575 4570
f 4573 4569 4572
f 4576 4573 4572
f 4583 4582 4581
f 4584 4583 4581
f 4578 4579 4580
f 4577 4578 4580
f 4582 4578 4577
f 4581 4582 4577
f 4584 4580 4579
f 4583 4584 4579
f 4583 4579 4578
f 4582 4583 4578
f 4581 4577 4580
f 4584 4581 4580
f 4591 4590 4589
f 4592 4591 4589
f 4586 4587 4588
f 4585 4586 4588
f 4590 4586 4585
f 4589 4590 4585
f 4592 4588 4587
f 4591 4592 4587
f 4591 4587 4586
f 4590 4591 4586
f 4589 4585 4588
f 4592 4589 4588
f 4599 4598 4597
f 4600 4599 4597
f 4594 4595 4596
f 4593 4594 4596
f 4598 4594 4593
f 4597 4598 4593
f 4600 4596 4595
f 4599 4600 4595
f 4599 4595 4594
f 4598 4599 4594
f 4597 4593 4596
f 4600 4597 4596
f 4639 4638 4637
f 4640 4639 4637
f 4634 4635 4636
f 4633 4634 4636
f 4638 4634 4633
f 4637 4638 4633
f 4640 4636 4635
f 4639 4640 4635
f 4639 4635 4634
f 4638 4639 4634
f 4637 4633 4636
f 4640 4637 4636
f 4647 4646 4645
f 4648 4647 4645
f 4642 4643 4644
f 4641 4642 4644
f 4646 4642 4641
f 4645 4646 4641
f 4648 4644 4643
f 4647 4648 4643
f 4647 4643 4642
f 4646 4647 4642
f 4645 4641 4644
f 4648 4645 4644
f 4655 4654 4653
f 4656 4655 4653
f 4650 4651 4652
f 4649 4650 4652
f 4654 4650 4649
f 4653 4654 4649
f 4656 4652 4651
f 4655 4656 4651
f 4655 4651 4650
f 4654 4655 4650
f 4653 4649 4652
f 4656 4653 4652
f 4663 4662 4661
f 4664 4663 4661
f 4658 4659 4660
f 4657 4658 4660
f 4662 4658 4657
f 4661 4662 4657
f 4664 4660 4659
f 4663 4664 4659
f 4663 4659 4658
f 4662 4663 4658
f 4661 4657 4660
f 4664 4661 4660
f 4671 4670 4669
f 4672 4671 4669
f 4666 4667 4668
f 4665 4666 4668
f 4670 4666 4665
f 4669 4670 4665
f 4672 4668 4667
f 4671 4672 4667
f 4671 4667 4666
f 4670 4671 4666
f 4669 4665 4668
f 4672 4669 4668
f 4679 4678 4677
f 4680 4679 4677
f 4674 4675 4676
f 4673 4674 4676
f 4678 4674 4673
f 4677 4678 4673
f 4680 4676 4675
f 4679 4680 4675
f 4679 4675 4674
f 4678 4679 4674
f 4677 4673 4676
f 4680 4677 4676
f 4687 4686 4685
f 4688 4687 4685
f 4682 4683 4684
f 4681 4682 4684
f 4686 4682 4681
f 4685 4686 4681
f 4688 4684 4683
f 4687 4688 4683
f 4687 4683 4682
f 4686 4687 4682
f 4685 4681 4684
f 4688 4685 4684
f 4695 4694 4693
f 4696 4695 4693
f 4690 4691 4692
f 4689 4690 4692
f 4694 4690 4689
f 4693 4694 4689
f 4696 4692 4691
f 4695 4696 4691
f 4695 4691 4690
f 4694 4695 4690
f 4693 4689 4692
f 4696 4693 4692
f 4703 4702 4701
f 4704 4703 4701
f 4698 4699 4700
f 4697 4698 4700
f 4702 4698 4697
f 4701 4702 4697
f 4704 4700 4699
f 4703 4704 4699
f 4703 4699 4698
f 4702 4703 4698
f 4701 4697 4700
f 4704 4701 4700
f 4711 4710 4709
f 4712 4711 4709
f 4706 4707 4708
f 4705 4706 4708
f 4710 4706 4705
f 4709 4710 4705
f 4712 4708 4707
f 4711 4712 4707
f 4711 4707 4706
f 4710 4711 4706
f 4709 4705 4708
f 4712 4709 4708
f 4719 4718 4717
f 4720 4719 4717
f 4714 4715 4716
f 4713 4714 4716
f 4718 4714 4713
f 4717 4718 4713
f 4720 4716 4715
f 4719 4720 4715
f 4719 4715 4714
f 4718 4719 4714
f 4717 4713 4716
f 4720 4717 4716
f 4727 4726 4725
f 4728 4727 4725
f 4722 4723 4724
f 4721 4722 4724
f 4726 4722 4721
f 4725 4726 4721
f 4728 4724 4723
f 4727 4728 4723
f 4727 4723 4722
f 4726 4727 4722
f 4725 4721 4724
f 4728 4725 4724
f 4767 4766 4765
f 4768 4767 4765
f 4762 4763 4764
f 4761 4762 4764
f 4766 4762 4761
f 4765 4766 4761
f 4768 4764 4763
f 4767 4768 4763
f 4767 4763 4762
f 4766 4767 4762
f 4765 4761 4764
f 4768 4765 4764
f 4775 4774 4773
f 4776 4775 4773
f 4770 4771 4772
f 4769 4770 4772
f 4774 4770 4769
f 4773 4774 4769
f 4776 4772 4771
f 4775 4776 4771
f 4775 4771 4770
f 4774 4775 4770
f 4773 4769 4772
f 4776 4773 4772
f 4783 4782 4781
f 4784 4783 4781
f 4778 4779 4780
f 4777 4778 4780
f 4782 4778 4777
f 4781 4782 4777
f 4784 4780 4779
f 4783 4784 4779
f 4783 4779 4778
f 4782 4783 4778
f 4781 4777 4780
f 4784 4781 4780
f 4791 4790 4789
f 4792 4791 4789
f 4786 4787 4788
f 4785 4786 4788
f 4790 4786 4785
f 4789 4790 4785
f 4792 4788 4787
f 4791 4792 4787
f 4791 4787 4786
f 4790 4791 4786
f 4789 4785 4788
f 4792 4789 4788
f 4799 4798 4797
f 4800 4799 4797
f 4794 4795 4796
f 4793 4794 4796
f 4798 4794 4793
f 4797 4798 4793
f 4800 4796 4795
f 4799 4800 4795
f 4799 4795 4794
f 4798 4799 4794
f 4797 4793 4796
f 4800 4797 4796
f 4807 4806 4805
f 4808 4807 4805
f 4802 4803 4804
f 4801 4802 4804
f 4806 4802 4801
f 4805 4806 4801
f 4808 4804 4803
f 4807 4808 4803
f 4807 4803 4802
f 4806 4807 4802
f 4805 4801 4804
f 4808 4805 4804
f 4815 4814 4813
f 4816 4815 4813
f 4810 4811 4812
f 4809 4810 4812
f 4814 4810 4809
f 4813 4814 4809
f 4816 4812 4811
f 4815 4816 4811
f 4815 4811 4810
f 4814 4815 4810
f 4813 4809 4812
f 4816 4813 4812
f 4823 4822 4821
f 4824 4823 4821
f 4818 4819 4820
f 4817 4818 4820
f 4822 4818 4817
f 4821 4822 4817
f 4824 4820 4819
f 4823 4824 4819
f 4823 4819 4818
f 4822 4823 4818
f 4821 4817 4820
f 4824 4821 4820
f 4831 4830 4829
f 4832 4831 4829
f 4826 4827 4828
f 4825 4826 4828
f 4830 4826 4825
f 4829 4830 4825
f 4832 4828 4827
f 4831 4832 4827
f 4831 4827 4826
f 4830 4831 4826
f 4829 4825 4828
f 4832 4829 4828
f 4839 4838 4837
f 4840 4839 4837
f 4834 4835 4836
f 4833 4834 4836
f 4838 4834 4833
f 4837 4838 4833
f 4840 4836 4835
f 4839 4840 4835
f 4839 4835 4834
f 4838 4839 4834
f 4837 4833 4836
f 4840 4837 4836
f 4847 4846 4845
f 4848 4847 4845
f 4842 4843 4844
f 4841 4842 4844
f 4846 4842 4841
f 4845 4846 4841
f 4848 4844 4843
f 4847 4848 4843
f 4847 4843 4842
f 4846 4847 4842
f 4845 4841 4844
f 4848 4845 4844
f 4855 4854 4853
f 4856 4855 4853
f 4850 4851 4852
f 4849 4850 4852
f 4854 4850 4849
f 4853 4854 4849
f 4856 4852 4851
f 4855 4856 4851
f 4855 4851 4850
f 4854 4855 4850
f 4853 4849 4852
f 4856 4853 4852
f 4895 4894 4893
f 4896 4895 4893
f 4890 4891 4892
f 4889 4890 4892
f 4894 4890 4889
f 4893 4894 4889
f 4896 4892 4891
f 4895 4896 4891
f 4895 4891 4890
f 4894 4895 4890
f 4893 4889 4892
f 4896 4893 4892
f 4903 4902 4901
f 4904 4903 4901
f 4898 4899 4900
f 4897 4898 4900
f 4902 4898 4897
f 4901 4902 4897
f 4904 4900 4899
f 4903 4904 4899
f 4903 4899 4898
f 4902 4903 4898
f 4901 4897 4900
f 4904 4901 4900
f 4911 4910 4909
f 4912 4911 4909
f 4906 4907 4908
f 4905 4906 4908
f 4910 4906 4905
f 4909 4910 4905
f 4912 4908 4907
f 4911 4912 4907
f 4911 4907 4906
f 4910 4911 4906
f 4909 4905 4908
f 4912 4909 4908
f 4919 4918 4917
f 4920 4919 4917
f 4914 4915 4916
f 4913 4914 4916
f 4918 4914 4913
f 4917 4918 4913
f 4920 4916 4915
f 4919 4920 4915
f 4919 4915 4914
f 4918 4919 4914
f 4917 4913 4916
f 4920 4917 4916
f 4927 4926 4925
f 4928 4927 4925
f 4922 4923 4924
f 4921 4922 4924
f 4926 4922 4921
f 4925 4926 4921
f 4928 4924 4923
f 4927 4928 4923
f 4927 4923 4922
f 4926 4927 4922
f 4925 4921 4924
f 4928 4925 4924
f 4935 4934 4933
f 4936 4935 4933
f 4930 4931 4932
f 4929 4930 4932
f 4934 4930 4929
f 4933 4934 4929
f 4936 4932 4931
f 4935 4936 4931
f 4935 4931 4930
f 4934 4935 4930
f 4933 4929 4932
f 4936 4933 4932
f 4943 4942 4941
f 4944 4943 4941
f 4938 4939 4940
f 4937 4938 4940
f 4942 4938 4937
f 4941 4942 4937
f 4944 4940 4939
f 4943 4944 4939
f 4943 4939 4938
f 4942 4943 4938
f 4941 4937 4940
f 4944 4941 4940
f 4951 4950 4949
f 4952 4951 4949
f 4946 4947 4948
f 4945 4946 4948
f 4950 4946 4945
f 4949 4950 4945
f 4952 4948 4947
f 4951 4952 4947
f 4951 4947 4946
f 4950 4951 4946
f 4949 4945 4948
f 4952 4949 4948
f 4959 4958 4957
f 4960 4959 4957
f 4954 4955 4956
f 4953 4954 4956
f 4958 4954 4953
f 4957 4958 4953
f 4960 4956 4955
f 4959 4960 4955
f 4959 4955 4954
f 4958 4959 4954
f 4957 4953 4956
f 4960 4957 4956
f 4967 4966 4965
f 4968 4967 4965
f 4962 4963 4964
f 4961 4962 4964
f 4966 4962 4961
f 4965 4966 4961
f 4968 4964 4963
f 4967 4968 4963
f 4967 4963 4962
f 4966 4967 4962
f 4965 4961 4964
f 4968 4965 4964
f 4975 4974 4973
f 4976 4975 4973
f 4970 4971 4972
f 4969 4970 4972
f 4974 4970 4969
f 4973 4974 4969
f 4976 4972 4971
f 4975 4976 4971
f 4975 4971 4970
f 4974 4975 4970
f 4973 4969 4972
f 4976 4973 4972
f 4983 4982 4981
f 4984 4983 4981
f 4978 4979 4980
f 4977 4978 4980
f 4982 4978 4977
f 4981 4982 4977
f 4984 4980 4979
f 4983 4984 4979
f 4983 4979 4978
f 4982 4983 4978
f 4981 4977 4980
f 4984 4981 4980
f 5023 5022 5021
f 5024 5023 5021
f 5018 5019 5020
f 5017 5018 5020
f 5022 5018 5017
f 5021 5022 5017
f 5024 5020 5019
f 5023 5024 5019
f 5023 5019 5018
f 5022 5023 5018
f 5021 5017 5020
f 5024 5021 5020
f 5031 5030 5029
f 5032 5031 5029
f 5026 5027 5028
f 5025 5026 5028
f 5030 5026 5025
f 5029 5030 5025
f 5032 5028 5027
f 5031 5032 5027
f 5031 5027 5026
f 5030 5031 5026
f 5029 5025 5028
f 5032 5029 5028
f 5039 5038 5037
f 5040 5039 5037
f 5034 5035 5036
f 5033 5034 5036
f 5038 5034 5033
f 5037 5038 5033
f 5040 5036 5035
f 5039 5040 5035
f 5039 5035 5034
f 5038 5039 5034
f 5037 5033 5036
f 5040 5037 5036
f 5047 5046 5045
f 5048 5047 5045
f 5042 5043 5044
f 5041 5042 5044
f 5046 5042 5041
f 5045 5046 5041
f 5048 5044 5043
f 5047 5048 5043
f 5047 5043 5042
f 5046 5047 5042
f 5045 5041 5044
f 5048 5045 5044
f 5055 5054 5053
f 5056 5055 5053
f 5050 5051 5052
f 5049 5050 5052
f 5054 5050 5049
f 5053 5054 5049
f 5056 5052 5051
f 5055 5056 5051
f 5055 5051 5050
f 5054 5055 5050
f 5053 5049 5052
f 5056 5053 5052
f 5063 5062 5061
f 5064 5063 5061
f 5058 5059 5060
f 5057 5058 5060
f 5062 5058 5057
f 5061 5062 5057
f 5064 5060 5059
f 5063 5064 5059
f 5063 5059 5058
f 5062 5063 5058
f 5061 5057 5060
f 5064 5061 5060
f 5071 5070 5069
f 5072 5071 5069
f 5066 5067 5068
f 5065 5066 5068
f 5070 5066 5065
f 5069 5070 5065
f 5072 5068 5067
f 5071 5072 5067
f 5071 5067 5066
f 5070 5071 5066
f 5069 5065 5068
f 5072 5069 5068
f 5079 5078 5077
f 5080 5079 5077
f 5074 5075 5076
f 5073 5074 5076
f 5078 5074 5073
f 5077 5078 5073
f 5080 5076 5075
f 5079 5080 5075
f 5079 5075 5074
f 5078 5079 5074
f 5077 5073 5076
f 5080 5077 5076
f 5087 5086 5085
f 5088 5087 5085
f 5082 5083 5084
f 5081 5082 5084
f 5086 5082 5081
f 5085 5086 5081
f 5088 5084 5083
f 5087 5088 5083
f 5087 5083 5082
f 5086 5087 5082
f 5085 5081 5084
f 5088 5085 5084
f 5095 5094 5093
f 5096 5095 5093
f 5090 5091 5092
f 5089 5090 5092
f 5094 5090 5089
f 5093 5094 5089
f 5096 5092 5091
f 5095 5096 5091
f 5095 5091 5090
f 5094 5095 5090
f 5093 5089 5092
f 5096 5093 5092
f 5103 5102 5101
f 5104 5103 5101
f 5098 5099 5100
f 5097 5098 5100
f 5102 5098 5097
f 5101 5102 5097
f 5104 5100 5099
f 5103 5104 5099
f 5103 5099 5098
f 5102 5103 5098
f 5101 5097 5100
f 5104 5101 5100
f 5111 5110 5109
f 5112 5111 5109
f 5106 5107 5108
f 5105 5106 5108
f 5110 5106 5105
f 5109 5110 5105
f 5112 5108 5107
f 5111 5112 5107
f 5111 5107 5106
f 5110 5111 5106
f 5109 5105 5108
f 5112 5109 5108
usemtl concrete
f 5191 5190 5189
f 5192 5191 5189
f 5186 5187 5188
f 5185 5186 5188
f 5190 5186 5185
f 5189 5190 5185
f 5192 5188 5187
f 5191 5192 5187
f 5191 5187 5186
f 5190 5191 5186
f 5189 5185 5188
f 5192 5189 5188
f 5199 5198 5197
f 5200 5199 5197
f 5194 5195 5196
f 5193 5194 5196
f 5198 5194 5193
f 5197 5198 5193
f 5200 5196 5195
f 5199 5200 5195
f 5199 5195 5194
f 5198 5199 5194
f 5197 5193 5196
f 5200 5197 5196
f 5207 5206 5205
f 5208 5207 5205
f 5202 5203 5204
f 5201 5202 5204
f 5206 5202 5201
f 5205 5206 5201
f 5208 5204 5203
f 5207 5208 5203
f 5207 5203 5202
f 5206 5207 5202
f 5205 5201 5204
f 5208 5205 5204
f 5215 5214 5213
f 5216 5215 5213
f 5210 5211 5212
f 5209 5210 5212
f 5214 5210 5209
f 5213 5214 5209
f 5216 5212 5211
f 5215 5216 5211
f 5215 5211 5210
f 5214 5215 5210
f 5213 5209 5212
f 5216 5213 5212
f 5223 5222 5221
f 5224 5223 5221
f 5218 5219 5220
f 5217 5218 5220
f 5222 5218 5217
f 5221 5222 5217
f 5224 5220 5219
f 5223 5224 5219
f 5223 5219 5218
f 5222 5223 5218
f 5221 5217 5220
f 5224 5221 5220
f 5231 5230 5229
f 5232 5231 5229
f 5226 5227 5228
f 5225 5226 5228
f 5230 5226 5225
f 5229 5230 5225
f 5232 5228 5227
f 5231 5232 5227
f 5231 5227 5226
f 5230 5231 5226
f 5229 5225 5228
f 5232 5229 5228
f 5239 5238 5237
f 5240 5239 5237
f 5234 5235 5236
f 5233 5234 5236
f 5238 5234 5233
f 5237 5238 5233
f 5240 5236 5235
f 5239 5240 5235
f 5239 5235 5234
f 5238 5239 5234
f 5237 5233 5236
f 5240 5237 5236
f 5247 5246 5245
f 5248 5247 5245
f 5242 5243 5244
f 5241 5242 5244
f 5246 5242 5241
f 5245 5246 5241
f 5248 5244 5243
f 5247 5248 5243
f 5247 5243 5242
f 5246 5247 5242
f 5245 5241 5244
f 5248 5245 5244
f 5255 5254 5253
f 5256 5255 5253
f 5250 5251 5252
f 5249 5250 5252
f 5254 5250 5249
f 5253 5254 5249
f 5256 5252 5251
f 5255 5256 5251
f 5255 5251 5250
f 5254 5255 5250
f 5253 5249 5252
f 5256 5253 5252
f 5263 5262 5261
f 5264 5263 5261
f 5258 5259 5260
f 5257 5258 5260
f 5262 5258 5257
f 5261 5262 5257
f 5264 5260 5259
f 5263 5264 5259
f 5263 5259 5258
f 5262 5263 5258
f 5261 5257 5260
f 5264 5261 5260
f 5271 5270 5269
f 5272 5271 5269
f 5266 5267 5268
f 5265 5266 5268
f 5270 5266 5265
f 5269 5270 5265
f 5272 5268 5267
f 5271 5272 5267
f 5271 5267 5266
f 5270 5271 5266
f 5269 5265 5268
f 5272 5269 5268
f 5279 5278 5277
f 5280 5279 5277
f 5274 5275 5276
f 5273 5274 5276
f 5278 5274 5273
f 5277 5278 5273
f 5280 5276 5275
f 5279 5280 5275
f 5279 5275 5274
f 5278 5279 5274
f 5277 5273 5276
f 5280 5277 5276
f 5287 5286 5285
f 5288 5287 5285
f 5282 5283 5284
f 5281 5282 5284
f 5286 5282 5281
f 5285 5286 5281
f 5288 5284 5283
f 5287 5288 5283
f 5287 5283 5282
f 5286 5287 5282
f 5285 5281 5284
f 5288 5285 5284
f 5295 5294 5293
f 5296 5295 5293
f 5290 5291 5292
f 5289 5290 5292
f 5294 5290 5289
f 5293 5294 5289
f 5296 5292 5291
f 5295 5296 5291
f 5295 5291 5290
f 5294 5295 5290
f 5293 5289 5292
f 5296 5293 5292
f 5303 5302 5301
f 5304 5303 5301
f 5298 5299 5300
f 5297 5298 5300
f 5302 5298 5297
f 5301 5302 5297
f 5304 5300 5299
f 5303 5304 5299
f 5303 5299 5298
f 5302 5303 5298
f 5301 5297 5300
f 5304 5301 5300
f 5311 5310 5309
f 5312 5311 5309
f 5306 5307 5308
f 5305 5306 5308
f 5310 5306 5305
f 5309 5310 5305
f 5312 5308 5307
f 5311 5312 5307
f 5311 5307 5306
f 5310 5311 5306
f 5309 5305 5308
f 5312 5309 5308
f 5319 5318 5317
f 5320 5319 5317
f 5314 5315 5316
f 5313 5314 5316
f 5318 5314 5313
f 5317 5318 5313
f 5320 5316 5315
f 5319 5320 5315
f 5319 5315 5314
f 5318 5319 5314
f 5317 5313 5316
f 5320 5317 5316
f 5327 5326 5325
f 5328 5327 5325
f 5322 5323 5324
f 5321 5322 5324
f 5326 5322 5321
f 5325 5326 5321
f 5328 5324 5323
f 5327 5328 5323
f 5327 5323 5322
f 5326 5327 5322
f 5325 5321 5324
f 5328 5325 5324
f 5335 5334 5333
f 5336 5335 5333
f 5330 5331 5332
f 5329 5330 5332
f 5334 5330 5329
f 5333 5334 5329
f 5336 5332 5331
f 5335 5336 5331
f 5335 5331 5330
f 5334 5335 5330
f 5333 5329 5332
f 5336 5333 5332
f 5343 5342 5341
f 5344 5343 5341
f 5338 5339 5340
f 5337 5338 5340
f 5342 5338 5337
f 5341 5342 5337
f 5344 5340 5339
f 5343 5344 5339
f 5343 5339 5338
f 5342 5343 5338
f 5341 5337 5340
f 5344 5341 5340
f 5351 5350 5349
f 5352 5351 5349
f 5346 5347 5348
f 5345 5346 5348
f 5350 5346 5345
f 5349 5350 5345
f 5352 5348 5347
f 5351 5352 5347
f 5351 5347 5346
f 5350 5351 5346
f 5349 5345 5348
f 5352 5349 5348
f 5359 5358 5357
f 5360 5359 5357
f 5354 5355 5356
f 5353 5354 5356
f 5358 5354 5353
f 5357 5358 5353
f 5360 5356 5355
f 5359 5360 5355
f 5359 5355 5354
f 5358 5359 5354
f 5357 5353 5356
f 5360 5357 5356
usemtl conc_d
f 647 646 645
f 648 647 645
f 642 643 644
f 641 642 644
f 646 642 641
f 645 646 641
f 648 644 643
f 647 648 643
f 647 643 642
f 646 647 642
f 645 641 644
f 648 645 644
f 655 654 653
f 656 655 653
f 650 651 652
f 649 650 652
f 654 650 649
f 653 654 649
f 656 652 651
f 655 656 651
f 655 651 650
f 654 655 650
f 653 649 652
f 656 653 652
f 775 774 773
f 776 775 773
f 770 771 772
f 769 770 772
f 774 770 769
f 773 774 769
f 776 772 771
f 775 776 771
f 775 771 770
f 774 775 770
f 773 769 772
f 776 773 772
f 783 782 781
f 784 783 781
f 778 779 780
f 777 778 780
f 782 778 777
f 781 782 777
f 784 780 779
f 783 784 779
f 783 779 778
f 782 783 778
f 781 777 780
f 784 781 780
f 903 902 901
f 904 903 901
f 898 899 900
f 897 898 900
f 902 898 897
f 901 902 897
f 904 900 899
f 903 904 899
f 903 899 898
f 902 903 898
f 901 897 900
f 904 901 900
f 911 910 909
f 912 911 909
f 906 907 908
f 905 906 908
f 910 906 905
f 909 910 905
f 912 908 907
f 911 912 907
f 911 907 906
f 910 911 906
f 909 905 908
f 912 909 908
f 1031 1030 1029
f 1032 1031 1029
f 1026 1027 1028
f 1025 1026 1028
f 1030 1026 1025
f 1029 1030 1025
f 1032 1028 1027
f 1031 1032 1027
f 1031 1027 1026
f 1030 1031 1026
f 1029 1025 1028
f 1032 1029 1028
f 1039 1038 1037
f 1040 1039 1037
f 1034 1035 1036
f 1033 1034 1036
f 1038 1034 1033
f 1037 1038 1033
f 1040 1036 1035
f 1039 1040 1035
f 1039 1035 1034
f 1038 1039 1034
f 1037 1033 1036
f 1040 1037 1036
f 1159 1158 1157
f 1160 1159 1157
f 1154 1155 1156
f 1153 1154 1156
f 1158 1154 1153
f 1157 1158 1153
f 1160 1156 1155
f 1159 1160 1155
f 1159 1155 1154
f 1158 1159 1154
f 1157 1153 1156
f 1160 1157 1156
f 1167 1166 1165
f 1168 1167 1165
f 1162 1163 1164
f 1161 1162 1164
f 1166 1162 1161
f 1165 1166 1161
f 1168 1164 1163
f 1167 1168 1163
f 1167 1163 1162
f 1166 1167 1162
f 1165 1161 1164
f 1168 1165 1164
f 1287 1286 1285
f 1288 1287 1285
f 1282 1283 1284
f 1281 1282 1284
f 1286 1282 1281
f 1285 1286 1281
f 1288 1284 1283
f 1287 1288 1283
f 1287 1283 1282
f 1286 1287 1282
f 1285 1281 1284
f 1288 1285 1284
f 1295 1294 1293
f 1296 1295 1293
f 1290 1291 1292
f 1289 1290 1292
f 1294 1290 1289
f 1293 1294 1289
f 1296 1292 1291
f 1295 1296 1291
f 1295 1291 1290
f 1294 1295 1290
f 1293 1289 1292
f 1296 1293 1292
f 1415 1414 1413
f 1416 1415 1413
f 1410 1411 1412
f 1409 1410 1412
f 1414 1410 1409
f 1413 1414 1409
f 1416 1412 1411
f 1415 1416 1411
f 1415 1411 1410
f 1414 1415 1410
f 1413 1409 1412
f 1416 1413 1412
f 1423 1422 1421
f 1424 1423 1421
f 1418 1419 1420
f 1417 1418 1420
f 1422 1418 1417
f 1421 1422 1417
f 1424 1420 1419
f 1423 1424 1419
f 1423 1419 1418
f 1422 1423 1418
f 1421 1417 1420
f 1424 1421 1420
f 1543 1542 1541
f 1544 1543 1541
f 1538 1539 1540
f 1537 1538 1540
f 1542 1538 1537
f 1541 1542 1537
f 1544 1540 1539
f 1543 1544 1539
f 1543 1539 1538
f 1542 1543 1538
f 1541 1537 1540
f 1544 1541 1540
f 1551 1550 1549
f 1552 1551 1549
f 1546 1547 1548
f 1545 1546 1548
f 1550 1546 1545
f 1549 1550 1545
f 1552 1548 1547
f 1551 1552 1547
f 1551 1547 1546
f 1550 1551 1546
f 1549 1545 1548
f 1552 1549 1548
f 1671 1670 1669
f 1672 1671 1669
f 1666 1667 1668
f 1665 1666 1668
f 1670 1666 1665
f 1669 1670 1665
f 1672 1668 1667
f 1671 1672 1667
f 1671 1667 1666
f 1670 1671 1666
f 1669 1665 1668
f 1672 1669 1668
f 1679 1678 1677
f 1680 1679 1677
f 1674 1675 1676
f 1673 1674 1676
f 1678 1674 1673
f 1677 1678 1673
f 1680 1676 1675
f 1679 1680 1675
f 1679 1675 1674
f 1678 1679 1674
f 1677 1673 1676
f 1680 1677 1676
f 1799 1798 1797
f 1800 1799 1797
f 1794 1795 1796
f 1793 1794 1796
f 1798 1794 1793
f 1797 1798 1793
f 1800 1796 1795
f 1799 1800 1795
f 1799 1795 1794
f 1798 1799 1794
f 1797 1793 1796
f 1800 1797 1796
f 1807 1806 1805
f 1808 1807 1805
f 1802 1803 1804
f 1801 1802 1804
f 1806 1802 1801
f 1805 1806 1801
f 1808 1804 1803
f 1807 1808 1803
f 1807 1803 1802
f 1806 1807 1802
f 1805 1801 1804
f 1808 1805 1804
f 1927 1926 1925
f 1928 1927 1925
f 1922 1923 1924
f 1921 1922 1924
f 1926 1922 1921
f 1925 1926 1921
f 1928 1924 1923
f 1927 1928 1923
f 1927 1923 1922
f 1926 1927 1922
f 1925 1921 1924
f 1928 1925 1924
f 1935 1934 1933
f 1936 1935 1933
f 1930 1931 1932
f 1929 1930 1932
f 1934 1930 1929
f 1933 1934 1929
f 1936 1932 1931
f 1935 1936 1931
f 1935 1931 1930
f 1934 1935 1930
f 1933 1929 1932
f 1936 1933 1932
f 2055 2054 2053
f 2056 2055 2053
f 2050 2051 2052
f 2049 2050 2052
f 2054 2050 2049
f 2053 2054 2049
f 2056 2052 2051
f 2055 2056 2051
f 2055 2051 2050
f 2054 2055 2050
f 2053 2049 2052
f 2056 2053 2052
f 2063 2062 2061
f 2064 2063 2061
f 2058 2059 2060
f 2057 2058 2060
f 2062 2058 2057
f 2061 2062 2057
f 2064 2060 2059
f 2063 2064 2059
f 2063 2059 2058
f 2062 2063 2058
f 2061 2057 2060
f 2064 2061 2060
f 2183 2182 2181
f 2184 2183 2181
f 2178 2179 2180
f 2177 2178 2180
f 2182 2178 2177
f 2181 2182 2177
f 2184 2180 2179
f 2183 2184 2179
f 2183 2179 2178
f 2182 2183 2178
f 2181 2177 2180
f 2184 2181 2180
f 2191 2190 2189
f 2192 2191 2189
f 2186 2187 2188
f 2185 2186 2188
f 2190 2186 2185
f 2189 2190 2185
f 2192 2188 2187
f 2191 2192 2187
f 2191 2187 2186
f 2190 2191 2186
f 2189 2185 2188
f 2192 2189 2188
f 2311 2310 2309
f 2312 2311 2309
f 2306 2307 2308
f 2305 2306 2308
f 2310 2306 2305
f 2309 2310 2305
f 2312 2308 2307
f 2311 2312 2307
f 2311 2307 2306
f 2310 2311 2306
f 2309 2305 2308
f 2312 2309 2308
f 2319 2318 2317
f 2320 2319 2317
f 2314 2315 2316
f 2313 2314 2316
f 2318 2314 2313
f 2317 2318 2313
f 2320 2316 2315
f 2319 2320 2315
f 2319 2315 2314
f 2318 2319 2314
f 2317 2313 2316
f 2320 2317 2316
f 2439 2438 2437
f 2440 2439 2437
f 2434 2435 2436
f 2433 2434 2436
f 2438 2434 2433
f 2437 2438 2433
f 2440 2436 2435
f 2439 2440 2435
f 2439 2435 2434
f 2438 2439 2434
f 2437 2433 2436
f 2440 2437 2436
f 2447 2446 2445
f 2448 2447 2445
f 2442 2443 2444
f 2441 2442 2444
f 2446 2442 2441
f 2445 2446 2441
f 2448 2444 2443
f 2447 2448 2443
f 2447 2443 2442
f 2446 2447 2442
f 2445 2441 2444
f 2448 2445 2444
f 2567 2566 2565
f 2568 2567 2565
f 2562 2563 2564
f 2561 2562 2564
f 2566 2562 2561
f 2565 2566 2561
f 2568 2564 2563
f 2567 2568 2563
f 2567 2563 2562
f 2566 2567 2562
f 2565 2561 2564
f 2568 2565 2564
f 2575 2574 2573
f 2576 2575 2573
f 2570 2571 2572
f 2569 2570 2572
f 2574 2570 2569
f 2573 2574 2569
f 2576 2572 2571
f 2575 2576 2571
f 2575 2571 2570
f 2574 2575 2570
f 2573 2569 2572
f 2576 2573 2572
f 2695 2694 2693
f 2696 2695 2693
f 2690 2691 2692
f 2689 2690 2692
f 2694 2690 2689
f 2693 2694 2689
f 2696 2692 2691
f 2695 2696 2691
f 2695 2691 2690
f 2694 2695 2690
f 2693 2689 2692
f 2696 2693 2692
f 2703 2702 2701
f 2704 2703 2701
f 2698 2699 2700
f 2697 2698 2700
f 2702 2698 2697
f 2701 2702 2697
f 2704 2700 2699
f 2703 2704 2699
f 2703 2699 2698
f 2702 2703 2698
f 2701 2697 2700
f 2704 2701 2700
f 2823 2822 2821
f 2824 2823 2821
f 2818 2819 2820
f 2817 2818 2820
f 2822 2818 2817
f 2821 2822 2817
f 2824 2820 2819
f 2823 2824 2819
f 2823 2819 2818
f 2822 2823 2818
f 2821 2817 2820
f 2824 2821 2820
f 2831 2830 2829
f 2832 2831 2829
f 2826 2827 2828
f 2825 2826 2828
f 2830 2826 2825
f 2829 2830 2825
f 2832 2828 2827
f 2831 2832 2827
f 2831 2827 2826
f 2830 2831 2826
f 2829 2825 2828
f 2832 2829 2828
f 2951 2950 2949
f 2952 2951 2949
f 2946 2947 2948
f 2945 2946 2948
f 2950 2946 2945
f 2949 2950 2945
f 2952 2948 2947
f 2951 2952 2947
f 2951 2947 2946
f 2950 2951 2946
f 2949 2945 2948
f 2952 2949 2948
f 2959 2958 2957
f 2960 2959 2957
f 2954 2955 2956
f 2953 2954 2956
f 2958 2954 2953
f 2957 2958 2953
f 2960 2956 2955
f 2959 2960 2955
f 2959 2955 2954
f 2958 2959 2954
f 2957 2953 2956
f 2960 2957 2956
f 3079 3078 3077
f 3080 3079 3077
f 3074 3075 3076
f 3073 3074 3076
f 3078 3074 3073
f 3077 3078 3073
f 3080 3076 3075
f 3079 3080 3075
f 3079 3075 3074
f 3078 3079 3074
f 3077 3073 3076
f 3080 3077 3076
f 3087 3086 3085
f 3088 3087 3085
f 3082 3083 3084
f 3081 3082 3084
f 3086 3082 3081
f 3085 3086 3081
f 3088 3084 3083
f 3087 3088 3083
f 3087 3083 3082
f 3086 3087 3082
f 3085 3081 3084
f 3088 3085 3084
f 3207 3206 3205
f 3208 3207 3205
f 3202 3203 3204
f 3201 3202 3204
f 3206 3202 3201
f 3205 3206 3201
f 3208 3204 3203
f 3207 3208 3203
f 3207 3203 3202
f 3206 3207 3202
f 3205 3201 3204
f 3208 3205 3204
f 3215 3214 3213
f 3216 3215 3213
f 3210 3211 3212
f 3209 3210 3212
f 3214 3210 3209
f 3213 3214 3209
f 3216 3212 3211
f 3215 3216 3211
f 3215 3211 3210
f 3214 3215 3210
f 3213 3209 3212
f 3216 3213 3212
f 3335 3334 3333
f 3336 3335 3333
f 3330 3331 3332
f 3329 3330 3332
f 3334 3330 3329
f 3333 3334 3329
f 3336 3332 3331
f 3335 3336 3331
f 3335 3331 3330
f 3334 3335 3330
f 3333 3329 3332
f 3336 3333 3332
f 3343 3342 3341
f 3344 3343 3341
f 3338 3339 3340
f 3337 3338 3340
f 3342 3338 3337
f 3341 3342 3337
f 3344 3340 3339
f 3343 3344 3339
f 3343 3339 3338
f 3342 3343 3338
f 3341 3337 3340
f 3344 3341 3340
f 3463 3462 3461
f 3464 3463 3461
f 3458 3459 3460
f 3457 3458 3460
f 3462 3458 3457
f 3461 3462 3457
f 3464 3460 3459
f 3463 3464 3459
f 3463 3459 3458
f 3462 3463 3458
f 3461 3457 3460
f 3464 3461 3460
f 3471 3470 3469
f 3472 3471 3469
f 3466 3467 3468
f 3465 3466 3468
f 3470 3466 3465
f 3469 3470 3465
f 3472 3468 3467
f 3471 3472 3467
f 3471 3467 3466
f 3470 3471 3466
f 3469 3465 3468
f 3472 3469 3468
f 3591 3590 3589
f 3592 3591 3589
f 3586 3587 3588
f 3585 3586 3588
f 3590 3586 3585
f 3589 3590 3585
f 3592 3588 3587
f 3591 3592 3587
f 3591 3587 3586
f 3590 3591 3586
f 3589 3585 3588
f 3592 3589 3588
f 3599 3598 3597
f 3600 3599 3597
f 3594 3595 3596
f 3593 3594 3596
f 3598 3594 3593
f 3597 3598 3593
f 3600 3596 3595
f 3599 3600 3595
f 3599 3595 3594
f 3598 3599 3594
f 3597 3593 3596
f 3600 3597 3596
f 3719 3718 3717
f 3720 3719 3717
f 3714 3715 3716
f 3713 3714 3716
f 3718 3714 3713
f 3717 3718 3713
f 3720 3716 3715
f 3719 3720 3715
f 3719 3715 3714
f 3718 3719 3714
f 3717 3713 3716
f 3720 3717 3716
f 3727 3726 3725
f 3728 3727 3725
f 3722 3723 3724
f 3721 3722 3724
f 3726 3722 3721
f 3725 3726 3721
f 3728 3724 3723
f 3727 3728 3723
f 3727 3723 3722
f 3726 3727 3722
f 3725 3721 3724
f 3728 3725 3724
f 3847 3846 3845
f 3848 3847 3845
f 3842 3843 3844
f 3841 3842 3844
f 3846 3842 3841
f 3845 3846 3841
f 3848 3844 3843
f 3847 3848 3843
f 3847 3843 3842
f 3846 3847 3842
f 3845 3841 3844
f 3848 3845 3844
f 3855 3854 3853
f 3856 3855 3853
f 3850 3851 3852
f 3849 3850 3852
f 3854 3850 3849
f 3853 3854 3849
f 3856 3852 3851
f 3855 3856 3851
f 3855 3851 3850
f 3854 3855 3850
f 3853 3849 3852
f 3856 3853 3852
f 3975 3974 3973
f 3976 3975 3973
f 3970 3971 3972
f 3969 3970 3972
f 3974 3970 3969
f 3973 3974 3969
f 3976 3972 3971
f 3975 3976 3971
f 3975 3971 3970
f 3974 3975 3970
f 3973 3969 3972
f 3976 3973 3972
f 3983 3982 3981
f 3984 3983 3981
f 3978 3979 3980
f 3977 3978 3980
f 3982 3978 3977
f 3981 3982 3977
f 3984 3980 3979
f 3983 3984 3979
f 3983 3979 3978
f 3982 3983 3978
f 3981 3977 3980
f 3984 3981 3980
f 4103 4102 4101
f 4104 4103 4101
f 4098 4099 4100
f 4097 4098 4100
f 4102 4098 4097
f 4101 4102 4097
f 4104 4100 4099
f 4103 4104 4099
f 4103 4099 4098
f 4102 4103 4098
f 4101 4097 4100
f 4104 4101 4100
f 4111 4110 4109
f 4112 4111 4109
f 4106 4107 4108
f 4105 4106 4108
f 4110 4106 4105
f 4109 4110 4105
f 4112 4108 4107
f 4111 4112 4107
f 4111 4107 4106
f 4110 4111 4106
f 4109 4105 4108
f 4112 4109 4108
f 4231 4230 4229
f 4232 4231 4229
f 4226 4227 4228
f 4225 4226 4228
f 4230 4226 4225
f 4229 4230 4225
f 4232 4228 4227
f 4231 4232 4227
f 4231 4227 4226
f 4230 4231 4226
f 4229 4225 4228
f 4232 4229 4228
f 4239 4238 4237
f 4240 4239 4237
f 4234 4235 4236
f 4233 4234 4236
f 4238 4234 4233
f 4237 4238 4233
f 4240 4236 4235
f 4239 4240 4235
f 4239 4235 4234
f 4238 4239 4234
f 4237 4233 4236
f 4240 4237 4236
f 4359 4358 4357
f 4360 4359 4357
f 4354 4355 4356
f 4353 4354 4356
f 4358 4354 4353
f 4357 4358 4353
f 4360 4356 4355
f 4359 4360 4355
f 4359 4355 4354
f 4358 4359 4354
f 4357 4353 4356
f 4360 4357 4356
f 4367 4366 4365
f 4368 4367 4365
f 4362 4363 4364
f 4361 4362 4364
f 4366 4362 4361
f 4365 4366 4361
f 4368 4364 4363
f 4367 4368 4363
f 4367 4363 4362
f 4366 4367 4362
f 4365 4361 4364
f 4368 4365 4364
f 4487 4486 4485
f 4488 4487 4485
f 4482 4483 4484
f 4481 4482 4484
f 4486 4482 4481
f 4485 4486 4481
f 4488 4484 4483
f 4487 4488 4483
f 4487 4483 4482
f 4486 4487 4482
f 4485 4481 4484
f 4488 4485 4484
f 4495 4494 4493
f 4496 4495 4493
f 4490 4491 4492
f 4489 4490 4492
f 4494 4490 4489
f 4493 4494 4489
f 4496 4492 4491
f 4495 4496 4491
f 4495 4491 4490
f 4494 4495 4490
f 4493 4489 4492
f 4496 4493 4492
f 4615 4614 4613
f 4616 4615 4613
f 4610 4611 4612
f 4609 4610 4612
f 4614 4610 4609
f 4613 4614 4609
f 4616 4612 4611
f 4615 4616 4611
f 4615 4611 4610
f 4614 4615 4610
f 4613 4609 4612
f 4616 4613 4612
f 4623 4622 4621
f 4624 4623 4621
f 4618 4619 4620
f 4617 4618 4620
f 4622 4618 4617
f 4621 4622 4617
f 4624 4620 4619
f 4623 4624 4619
f 4623 4619 4618
f 4622 4623 4618
f 4621 4617 4620
f 4624 4621 4620
f 4743 4742 4741
f 4744 4743 4741
f 4738 4739 4740
f 4737 4738 4740
f 4742 4738 4737
f 4741 4742 4737
f 4744 4740 4739
f 4743 4744 4739
f 4743 4739 4738
f 4742 4743 4738
f 4741 4737 4740
f 4744 4741 4740
f 4751 4750 4749
f 4752 4751 4749
f 4746 4747 4748
f 4745 4746 4748
f 4750 4746 4745
f 4749 4750 4745
f 4752 4748 4747
f 4751 4752 4747
f 4751 4747 4746
f 4750 4751 4746
f 4749 4745 4748
f 4752 4749 4748
f 4871 4870 4869
f 4872 4871 4869
f 4866 4867 4868
f 4865 4866 4868
f 4870 4866 4865
f 4869 4870 4865
f 4872 4868 4867
f 4871 4872 4867
f 4871 4867 4866
f 4870 4871 4866
f 4869 4865 4868
f 4872 4869 4868
f 4879 4878 4877
f 4880 4879 4877
f 4874 4875 4876
f 4873 4874 4876
f 4878 4874 4873
f 4877 4878 4873
f 4880 4876 4875
f 4879 4880 4875
f 4879 4875 4874
f 4878 4879 4874
f 4877 4873 4876
f 4880 4877 4876
f 4999 4998 4997
f 5000 4999 4997
f 4994 4995 4996
f 4993 4994 4996
f 4998 4994 4993
f 4997 4998 4993
f 5000 4996 4995
f 4999 5000 4995
f 4999 4995 4994
f 4998 4999 4994
f 4997 4993 4996
f 5000 4997 4996
f 5007 5006 5005
f 5008 5007 5005
f 5002 5003 5004
f 5001 5002 5004
f 5006 5002 5001
f 5005 5006 5001
f 5008 5004 5003
f 5007 5008 5003
f 5007 5003 5002
f 5006 5007 5002
f 5005 5001 5004
f 5008 5005 5004
f 5127 5126 5125
f 5128 5127 5125
f 5122 5123 5124
f 5121 5122 5124
f 5126 5122 5121
f 5125 5126 5121
f 5128 5124 5123
f 5127 5128 5123
f 5127 5123 5122
f 5126 5127 5122
f 5125 5121 5124
f 5128 5125 5124
f 5135 5134 5133
f 5136 5135 5133
f 5130 5131 5132
f 5129 5130 5132
f 5134 5130 5129
f 5133 5134 5129
f 5136 5132 5131
f 5135 5136 5131
f 5135 5131 5130
f 5134 5135 5130
f 5133 5129 5132
f 5136 5133 5132
usemtl skirt
f 639 638 637
f 640 639 637
f 634 635 636
f 633 634 636
f 638 634 633
f 637 638 633
f 640 636 635
f 639 640 635
f 639 635 634
f 638 639 634
f 637 633 636
f 640 637 636
f 767 766 765
f 768 767 765
f 762 763 764
f 761 762 764
f 766 762 761
f 765 766 761
f 768 764 763
f 767 768 763
f 767 763 762
f 766 767 762
f 765 761 764
f 768 765 764
f 895 894 893
f 896 895 893
f 890 891 892
f 889 890 892
f 894 890 889
f 893 894 889
f 896 892 891
f 895 896 891
f 895 891 890
f 894 895 890
f 893 889 892
f 896 893 892
f 1023 1022 1021
f 1024 1023 1021
f 1018 1019 1020
f 1017 1018 1020
f 1022 1018 1017
f 1021 1022 1017
f 1024 1020 1019
f 1023 1024 1019
f 1023 1019 1018
f 1022 1023 1018
f 1021 1017 1020
f 1024 1021 1020
f 1151 1150 1149
f 1152 1151 1149
f 1146 1147 1148
f 1145 1146 1148
f 1150 1146 1145
f 1149 1150 1145
f 1152 1148 1147
f 1151 1152 1147
f 1151 1147 1146
f 1150 1151 1146
f 1149 1145 1148
f 1152 1149 1148
f 1279 1278 1277
f 1280 1279 1277
f 1274 1275 1276
f 1273 1274 1276
f 1278 1274 1273
f 1277 1278 1273
f 1280 1276 1275
f 1279 1280 1275
f 1279 1275 1274
f 1278 1279 1274
f 1277 1273 1276
f 1280 1277 1276
f 1407 1406 1405
f 1408 1407 1405
f 1402 1403 1404
f 1401 1402 1404
f 1406 1402 1401
f 1405 1406 1401
f 1408 1404 1403
f 1407 1408 1403
f 1407 1403 1402
f 1406 1407 1402
f 1405 1401 1404
f 1408 1405 1404
f 1535 1534 1533
f 1536 1535 1533
f 1530 1531 1532
f 1529 1530 1532
f 1534 1530 1529
f 1533 1534 1529
f 1536 1532 1531
f 1535 1536 1531
f 1535 1531 1530
f 1534 1535 1530
f 1533 1529 1532
f 1536 1533 1532
f 1663 1662 1661
f 1664 1663 1661
f 1658 1659 1660
f 1657 1658 1660
f 1662 1658 1657
f 1661 1662 1657
f 1664 1660 1659
f 1663 1664 1659
f 1663 1659 1658
f 1662 1663 1658
f 1661 1657 1660
f 1664 1661 1660
f 1791 1790 1789
f 1792 1791 1789
f 1786 1787 1788
f 1785 1786 1788
f 1790 1786 1785
f 1789 1790 1785
f 1792 1788 1787
f 1791 1792 1787
f 1791 1787 1786
f 1790 1791 1786
f 1789 1785 1788
f 1792 1789 1788
f 1919 1918 1917
f 1920 1919 1917
f 1914 1915 1916
f 1913 1914 1916
f 1918 1914 1913
f 1917 1918 1913
f 1920 1916 1915
f 1919 1920 1915
f 1919 1915 1914
f 1918 1919 1914
f 1917 1913 1916
f 1920 1917 1916
f 2047 2046 2045
f 2048 2047 2045
f 2042 2043 2044
f 2041 2042 2044
f 2046 2042 2041
f 2045 2046 2041
f 2048 2044 2043
f 2047 2048 2043
f 2047 2043 2042
f 2046 2047 2042
f 2045 2041 2044
f 2048 2045 2044
f 2175 2174 2173
f 2176 2175 2173
f 2170 2171 2172
f 2169 2170 2172
f 2174 2170 2169
f 2173 2174 2169
f 2176 2172 2171
f 2175 2176 2171
f 2175 2171 2170
f 2174 2175 2170
f 2173 2169 2172
f 2176 2173 2172
f 2303 2302 2301
f 2304 2303 2301
f 2298 2299 2300
f 2297 2298 2300
f 2302 2298 2297
f 2301 2302 2297
f 2304 2300 2299
f 2303 2304 2299
f 2303 2299 2298
f 2302 2303 2298
f 2301 2297 2300
f 2304 2301 2300
f 2431 2430 2429
f 2432 2431 2429
f 2426 2427 2428
f 2425 2426 2428
f 2430 2426 2425
f 2429 2430 2425
f 2432 2428 2427
f 2431 2432 2427
f 2431 2427 2426
f 2430 2431 2426
f 2429 2425 2428
f 2432 2429 2428
f 2559 2558 2557
f 2560 2559 2557
f 2554 2555 2556
f 2553 2554 2556
f 2558 2554 2553
f 2557 2558 2553
f 2560 2556 2555
f 2559 2560 2555
f 2559 2555 2554
f 2558 2559 2554
f 2557 2553 2556
f 2560 2557 2556
f 2687 2686 2685
f 2688 2687 2685
f 2682 2683 2684
f 2681 2682 2684
f 2686 2682 2681
f 2685 2686 2681
f 2688 2684 2683
f 2687 2688 2683
f 2687 2683 2682
f 2686 2687 2682
f 2685 2681 2684
f 2688 2685 2684
f 2815 2814 2813
f 2816 2815 2813
f 2810 2811 2812
f 2809 2810 2812
f 2814 2810 2809
f 2813 2814 2809
f 2816 2812 2811
f 2815 2816 2811
f 2815 2811 2810
f 2814 2815 2810
f 2813 2809 2812
f 2816 2813 2812
f 2943 2942 2941
f 2944 2943 2941
f 2938 2939 2940
f 2937 2938 2940
f 2942 2938 2937
f 2941 2942 2937
f 2944 2940 2939
f 2943 2944 2939
f 2943 2939 2938
f 2942 2943 2938
f 2941 2937 2940
f 2944 2941 2940
f 3071 3070 3069
f 3072 3071 3069
f 3066 3067 3068
f 3065 3066 3068
f 3070 3066 3065
f 3069 3070 3065
f 3072 3068 3067
f 3071 3072 3067
f 3071 3067 3066
f 3070 3071 3066
f 3069 3065 3068
f 3072 3069 3068
f 3199 3198 3197
f 3200 3199 3197
f 3194 3195 3196
f 3193 3194 3196
f 3198 3194 3193
f 3197 3198 3193
f 3200 3196 3195
f 3199 3200 3195
f 3199 3195 3194
f 3198 3199 3194
f 3197 3193 3196
f 3200 3197 3196
f 3327 3326 3325
f 3328 3327 3325
f 3322 3323 3324
f 3321 3322 3324
f 3326 3322 3321
f 3325 3326 3321
f 3328 3324 3323
f 3327 3328 3323
f 3327 3323 3322
f 3326 3327 3322
f 3325 3321 3324
f 3328 3325 3324
f 3455 3454 3453
f 3456 3455 3453
f 3450 3451 3452
f 3449 3450 3452
f 3454 3450 3449
f 3453 3454 3449
f 3456 3452 3451
f 3455 3456 3451
f 3455 3451 3450
f 3454 3455 3450
f 3453 3449 3452
f 3456 3453 3452
f 3583 3582 3581
f 3584 3583 3581
f 3578 3579 3580
f 3577 3578 3580
f 3582 3578 3577
f 3581 3582 3577
f 3584 3580 3579
f 3583 3584 3579
f 3583 3579 3578
f 3582 3583 3578
f 3581 3577 3580
f 3584 3581 3580
f 3711 3710 3709
f 3712 3711 3709
f 3706 3707 3708
f 3705 3706 3708
f 3710 3706 3705
f 3709 3710 3705
f 3712 3708 3707
f 3711 3712 3707
f 3711 3707 3706
f 3710 3711 3706
f 3709 3705 3708
f 3712 3709 3708
f 3839 3838 3837
f 3840 3839 3837
f 3834 3835 3836
f 3833 3834 3836
f 3838 3834 3833
f 3837 3838 3833
f 3840 3836 3835
f 3839 3840 3835
f 3839 3835 3834
f 3838 3839 3834
f 3837 3833 3836
f 3840 3837 3836
f 3967 3966 3965
f 3968 3967 3965
f 3962 3963 3964
f 3961 3962 3964
f 3966 3962 3961
f 3965 3966 3961
f 3968 3964 3963
f 3967 3968 3963
f 3967 3963 3962
f 3966 3967 3962
f 3965 3961 3964
f 3968 3965 3964
f 4095 4094 4093
f 4096 4095 4093
f 4090 4091 4092
f 4089 4090 4092
f 4094 4090 4089
f 4093 4094 4089
f 4096 4092 4091
f 4095 4096 4091
f 4095 4091 4090
f 4094 4095 4090
f 4093 4089 4092
f 4096 4093 4092
f 4223 4222 4221
f 4224 4223 4221
f 4218 4219 4220
f 4217 4218 4220
f 4222 4218 4217
f 4221 4222 4217
f 4224 4220 4219
f 4223 4224 4219
f 4223 4219 4218
f 4222 4223 4218
f 4221 4217 4220
f 4224 4221 4220
f 4351 4350 4349
f 4352 4351 4349
f 4346 4347 4348
f 4345 4346 4348
f 4350 4346 4345
f 4349 4350 4345
f 4352 4348 4347
f 4351 4352 4347
f 4351 4347 4346
f 4350 4351 4346
f 4349 4345 4348
f 4352 4349 4348
f 4479 4478 4477
f 4480 4479 4477
f 4474 4475 4476
f 4473 4474 4476
f 4478 4474 4473
f 4477 4478 4473
f 4480 4476 4475
f 4479 4480 4475
f 4479 4475 4474
f 4478 4479 4474
f 4477 4473 4476
f 4480 4477 4476
f 4607 4606 4605
f 4608 4607 4605
f 4602 4603 4604
f 4601 4602 4604
f 4606 4602 4601
f 4605 4606 4601
f 4608 4604 4603
f 4607 4608 4603
f 4607 4603 4602
f 4606 4607 4602
f 4605 4601 4604
f 4608 4605 4604
f 4735 4734 4733
f 4736 4735 4733
f 4730 4731 4732
f 4729 4730 4732
f 4734 4730 4729
f 4733 4734 4729
f 4736 4732 4731
f 4735 4736 4731
f 4735 4731 4730
f 4734 4735 4730
f 4733 4729 4732
f 4736 4733 4732
f 4863 4862 4861
f 4864 4863 4861
f 4858 4859 4860
f 4857 4858 4860
f 4862 4858 4857
f 4861 4862 4857
f 4864 4860 4859
f 4863 4864 4859
f 4863 4859 4858
f 4862 4863 4858
f 4861 4857 4860
f 4864 4861 4860
f 4991 4990 4989
f 4992 4991 4989
f 4986 4987 4988
f 4985 4986 4988
f 4990 4986 4985
f 4989 4990 4985
f 4992 4988 4987
f 4991 4992 4987
f 4991 4987 4986
f 4990 4991 4986
f 4989 4985 4988
f 4992 4989 4988
f 5119 5118 5117
f 5120 5119 5117
f 5114 5115 5116
f 5113 5114 5116
f 5118 5114 5113
f 5117 5118 5113
f 5120 5116 5115
f 5119 5120 5115
f 5119 5115 5114
f 5118 5119 5114
f 5117 5113 5116
f 5120 5117 5116
o platform
usemtl concrete
f 7 6 5
f 8 7 5
f 2 3 4
f 1 2 4
f 6 2 1
f 5 6 1
f 8 4 3
f 7 8 3
f 7 3 2
f 6 7 2
f 5 1 4
f 8 5 4
f 15 14 13
f 16 15 13
f 10 11 12
f 9 10 12
f 14 10 9
f 13 14 9
f 16 12 11
f 15 16 11
f 15 11 10
f 14 15 10
f 13 9 12
f 16 13 12
usemtl sign_lt
f 23 22 21
f 24 23 21
f 18 19 20
f 17 18 20
f 22 18 17
f 21 22 17
f 24 20 19
f 23 24 19
f 23 19 18
f 22 23 18
f 21 17 20
f 24 21 20
f 31 30 29
f 32 31 29
f 26 27 28
f 25 26 28
f 30 26 25
f 29 30 25
f 32 28 27
f 31 32 27
f 31 27 26
f 30 31 26
f 29 25 28
f 32 29 28
o portal
usemtl portal
f 8999 8998 8997
f 9000 8999 8997
f 8994 8995 8996
f 8993 8994 8996
f 8998 8994 8993
f 8997 8998 8993
f 9000 8996 8995
f 8999 9000 8995
f 8999 8995 8994
f 8998 8999 8994
f 8997 8993 8996
f 9000 8997 8996
f 9015 9014 9013
f 9016 9015 9013
f 9010 9011 9012
f 9009 9010 9012
f 9014 9010 9009
f 9013 9014 9009
f 9016 9012 9011
f 9015 9016 9011
f 9015 9011 9010
f 9014 9015 9010
f 9013 9009 9012
f 9016 9013 9012
o prop
usemtl tile_d
f 8327 8326 8325
f 8328 8327 8325
f 8322 8323 8324
f 8321 8322 8324
f 8326 8322 8321
f 8325 8326 8321
f 8328 8324 8323
f 8327 8328 8323
f 8327 8323 8322
f 8326 8327 8322
f 8325 8321 8324
f 8328 8325 8324
f 8343 8342 8341
f 8344 8343 8341
f 8338 8339 8340
f 8337 8338 8340
f 8342 8338 8337
f 8341 8342 8337
f 8344 8340 8339
f 8343 8344 8339
f 8343 8339 8338
f 8342 8343 8338
f 8341 8337 8340
f 8344 8341 8340
usemtl conc_d
f 8335 8334 8333
f 8336 8335 8333
f 8330 8331 8332
f 8329 8330 8332
f 8334 8330 8329
f 8333 8334 8329
f 8336 8332 8331
f 8335 8336 8331
f 8335 8331 8330
f 8334 8335 8330
f 8333 8329 8332
f 8336 8333 8332
f 8351 8350 8349
f 8352 8351 8349
f 8346 8347 8348
f 8345 8346 8348
f 8350 8346 8345
f 8349 8350 8345
f 8352 8348 8347
f 8351 8352 8347
f 8351 8347 8346
f 8350 8351 8346
f 8349 8345 8348
f 8352 8349 8348
f 10087 10086 10085
f 10088 10087 10085
f 10082 10083 10084
f 10081 10082 10084
f 10086 10082 10081
f 10085 10086 10081
f 10088 10084 10083
f 10087 10088 10083
f 10087 10083 10082
f 10086 10087 10082
f 10085 10081 10084
f 10088 10085 10084
f 10095 10094 10093
f 10096 10095 10093
f 10090 10091 10092
f 10089 10090 10092
f 10094 10090 10089
f 10093 10094 10089
f 10096 10092 10091
f 10095 10096 10091
f 10095 10091 10090
f 10094 10095 10090
f 10093 10089 10092
f 10096 10093 10092
f 10103 10102 10101
f 10104 10103 10101
f 10098 10099 10100
f 10097 10098 10100
f 10102 10098 10097
f 10101 10102 10097
f 10104 10100 10099
f 10103 10104 10099
f 10103 10099 10098
f 10102 10103 10098
f 10101 10097 10100
f 10104 10101 10100
usemtl steel
f 7807 7806 7805
f 7808 7807 7805
f 7802 7803 7804
f 7801 7802 7804
f 7806 7802 7801
f 7805 7806 7801
f 7808 7804 7803
f 7807 7808 7803
f 7807 7803 7802
f 7806 7807 7802
f 7805 7801 7804
f 7808 7805 7804
f 7823 7822 7821
f 7824 7823 7821
f 7818 7819 7820
f 7817 7818 7820
f 7822 7818 7817
f 7821 7822 7817
f 7824 7820 7819
f 7823 7824 7819
f 7823 7819 7818
f 7822 7823 7818
f 7821 7817 7820
f 7824 7821 7820
f 7839 7838 7837
f 7840 7839 7837
f 7834 7835 7836
f 7833 7834 7836
f 7838 7834 7833
f 7837 7838 7833
f 7840 7836 7835
f 7839 7840 7835
f 7839 7835 7834
f 7838 7839 7834
f 7837 7833 7836
f 7840 7837 7836
f 7855 7854 7853
f 7856 7855 7853
f 7850 7851 7852
f 7849 7850 7852
f 7854 7850 7849
f 7853 7854 7849
f 7856 7852 7851
f 7855 7856 7851
f 7855 7851 7850
f 7854 7855 7850
f 7853 7849 7852
f 7856 7853 7852
f 7871 7870 7869
f 7872 7871 7869
f 7866 7867 7868
f 7865 7866 7868
f 7870 7866 7865
f 7869 7870 7865
f 7872 7868 7867
f 7871 7872 7867
f 7871 7867 7866
f 7870 7871 7866
f 7869 7865 7868
f 7872 7869 7868
f 7887 7886 7885
f 7888 7887 7885
f 7882 7883 7884
f 7881 7882 7884
f 7886 7882 7881
f 7885 7886 7881
f 7888 7884 7883
f 7887 7888 7883
f 7887 7883 7882
f 7886 7887 7882
f 7885 7881 7884
f 7888 7885 7884
f 7903 7902 7901
f 7904 7903 7901
f 7898 7899 7900
f 7897 7898 7900
f 7902 7898 7897
f 7901 7902 7897
f 7904 7900 7899
f 7903 7904 7899
f 7903 7899 7898
f 7902 7903 7898
f 7901 7897 7900
f 7904 7901 7900
f 7919 7918 7917
f 7920 7919 7917
f 7914 7915 7916
f 7913 7914 7916
f 7918 7914 7913
f 7917 7918 7913
f 7920 7916 7915
f 7919 7920 7915
f 7919 7915 7914
f 7918 7919 7914
f 7917 7913 7916
f 7920 7917 7916
f 7935 7934 7933
f 7936 7935 7933
f 7930 7931 7932
f 7929 7930 7932
f 7934 7930 7929
f 7933 7934 7929
f 7936 7932 7931
f 7935 7936 7931
f 7935 7931 7930
f 7934 7935 7930
f 7933 7929 7932
f 7936 7933 7932
f 7951 7950 7949
f 7952 7951 7949
f 7946 7947 7948
f 7945 7946 7948
f 7950 7946 7945
f 7949 7950 7945
f 7952 7948 7947
f 7951 7952 7947
f 7951 7947 7946
f 7950 7951 7946
f 7949 7945 7948
f 7952 7949 7948
f 7967 7966 7965
f 7968 7967 7965
f 7962 7963 7964
f 7961 7962 7964
f 7966 7962 7961
f 7965 7966 7961
f 7968 7964 7963
f 7967 7968 7963
f 7967 7963 7962
f 7966 7967 7962
f 7965 7961 7964
f 7968 7965 7964
f 7983 7982 7981
f 7984 7983 7981
f 7978 7979 7980
f 7977 7978 7980
f 7982 7978 7977
f 7981 7982 7977
f 7984 7980 7979
f 7983 7984 7979
f 7983 7979 7978
f 7982 7983 7978
f 7981 7977 7980
f 7984 7981 7980
f 7999 7998 7997
f 8000 7999 7997
f 7994 7995 7996
f 7993 7994 7996
f 7998 7994 7993
f 7997 7998 7993
f 8000 7996 7995
f 7999 8000 7995
f 7999 7995 7994
f 7998 7999 7994
f 7997 7993 7996
f 8000 7997 7996
f 8015 8014 8013
f 8016 8015 8013
f 8010 8011 8012
f 8009 8010 8012
f 8014 8010 8009
f 8013 8014 8009
f 8016 8012 8011
f 8015 8016 8011
f 8015 8011 8010
f 8014 8015 8010
f 8013 8009 8012
f 8016 8013 8012
usemtl grate
f 10111 10110 10109
f 10112 10111 10109
f 10106 10107 10108
f 10105 10106 10108
f 10110 10106 10105
f 10109 10110 10105
f 10112 10108 10107
f 10111 10112 10107
f 10111 10107 10106
f 10110 10111 10106
f 10109 10105 10108
f 10112 10109 10108
f 10119 10118 10117
f 10120 10119 10117
f 10114 10115 10116
f 10113 10114 10116
f 10118 10114 10113
f 10117 10118 10113
f 10120 10116 10115
f 10119 10120 10115
f 10119 10115 10114
f 10118 10119 10114
f 10117 10113 10116
f 10120 10117 10116
usemtl car_trim
f 5695 5694 5693
f 5696 5695 5693
f 5690 5691 5692
f 5689 5690 5692
f 5694 5690 5689
f 5693 5694 5689
f 5696 5692 5691
f 5695 5696 5691
f 5695 5691 5690
f 5694 5695 5690
f 5693 5689 5692
f 5696 5693 5692
f 5711 5710 5709
f 5712 5711 5709
f 5706 5707 5708
f 5705 5706 5708
f 5710 5706 5705
f 5709 5710 5705
f 5712 5708 5707
f 5711 5712 5707
f 5711 5707 5706
f 5710 5711 5706
f 5709 5705 5708
f 5712 5709 5708
f 9111 9110 9109
f 9112 9111 9109
f 9106 9107 9108
f 9105 9106 9108
f 9110 9106 9105
f 9109 9110 9105
f 9112 9108 9107
f 9111 9112 9107
f 9111 9107 9106
f 9110 9111 9106
f 9109 9105 9108
f 9112 9109 9108
f 9127 9126 9125
f 9128 9127 9125
f 9122 9123 9124
f 9121 9122 9124
f 9126 9122 9121
f 9125 9126 9121
f 9128 9124 9123
f 9127 9128 9123
f 9127 9123 9122
f 9126 9127 9122
f 9125 9121 9124
f 9128 9125 9124
f 9143 9142 9141
f 9144 9143 9141
f 9138 9139 9140
f 9137 9138 9140
f 9142 9138 9137
f 9141 9142 9137
f 9144 9140 9139
f 9143 9144 9139
f 9143 9139 9138
f 9142 9143 9138
f 9141 9137 9140
f 9144 9141 9140
f 9159 9158 9157
f 9160 9159 9157
f 9154 9155 9156
f 9153 9154 9156
f 9158 9154 9153
f 9157 9158 9153
f 9160 9156 9155
f 9159 9160 9155
f 9159 9155 9154
f 9158 9159 9154
f 9157 9153 9156
f 9160 9157 9156
f 9175 9174 9173
f 9176 9175 9173
f 9170 9171 9172
f 9169 9170 9172
f 9174 9170 9169
f 9173 9174 9169
f 9176 9172 9171
f 9175 9176 9171
f 9175 9171 9170
f 9174 9175 9170
f 9173 9169 9172
f 9176 9173 9172
f 9191 9190 9189
f 9192 9191 9189
f 9186 9187 9188
f 9185 9186 9188
f 9190 9186 9185
f 9189 9190 9185
f 9192 9188 9187
f 9191 9192 9187
f 9191 9187 9186
f 9190 9191 9186
f 9189 9185 9188
f 9192 9189 9188
f 9207 9206 9205
f 9208 9207 9205
f 9202 9203 9204
f 9201 9202 9204
f 9206 9202 9201
f 9205 9206 9201
f 9208 9204 9203
f 9207 9208 9203
f 9207 9203 9202
f 9206 9207 9202
f 9205 9201 9204
f 9208 9205 9204
f 9223 9222 9221
f 9224 9223 9221
f 9218 9219 9220
f 9217 9218 9220
f 9222 9218 9217
f 9221 9222 9217
f 9224 9220 9219
f 9223 9224 9219
f 9223 9219 9218
f 9222 9223 9218
f 9221 9217 9220
f 9224 9221 9220
f 9287 9286 9285
f 9288 9287 9285
f 9282 9283 9284
f 9281 9282 9284
f 9286 9282 9281
f 9285 9286 9281
f 9288 9284 9283
f 9287 9288 9283
f 9287 9283 9282
f 9286 9287 9282
f 9285 9281 9284
f 9288 9285 9284
usemtl sign_lt
f 10127 10126 10125
f 10128 10127 10125
f 10122 10123 10124
f 10121 10122 10124
f 10126 10122 10121
f 10125 10126 10121
f 10128 10124 10123
f 10127 10128 10123
f 10127 10123 10122
f 10126 10127 10122
f 10125 10121 10124
f 10128 10125 10124
f 10135 10134 10133
f 10136 10135 10133
f 10130 10131 10132
f 10129 10130 10132
f 10134 10130 10129
f 10133 10134 10129
f 10136 10132 10131
f 10135 10136 10131
f 10135 10131 10130
f 10134 10135 10130
f 10133 10129 10132
f 10136 10133 10132
f 10143 10142 10141
f 10144 10143 10141
f 10138 10139 10140
f 10137 10138 10140
f 10142 10138 10137
f 10141 10142 10137
f 10144 10140 10139
f 10143 10144 10139
f 10143 10139 10138
f 10142 10143 10138
f 10141 10137 10140
f 10144 10141 10140
f 10151 10150 10149
f 10152 10151 10149
f 10146 10147 10148
f 10145 10146 10148
f 10150 10146 10145
f 10149 10150 10145
f 10152 10148 10147
f 10151 10152 10147
f 10151 10147 10146
f 10150 10151 10146
f 10149 10145 10148
f 10152 10149 10148
f 10159 10158 10157
f 10160 10159 10157
f 10154 10155 10156
f 10153 10154 10156
f 10158 10154 10153
f 10157 10158 10153
f 10160 10156 10155
f 10159 10160 10155
f 10159 10155 10154
f 10158 10159 10154
f 10157 10153 10156
f 10160 10157 10156
usemtl vend
f 8239 8238 8237
f 8240 8239 8237
f 8234 8235 8236
f 8233 8234 8236
f 8238 8234 8233
f 8237 8238 8233
f 8240 8236 8235
f 8239 8240 8235
f 8239 8235 8234
f 8238 8239 8234
f 8237 8233 8236
f 8240 8237 8236
f 8247 8246 8245
f 8248 8247 8245
f 8242 8243 8244
f 8241 8242 8244
f 8246 8242 8241
f 8245 8246 8241
f 8248 8244 8243
f 8247 8248 8243
f 8247 8243 8242
f 8246 8247 8242
f 8245 8241 8244
f 8248 8245 8244
f 8255 8254 8253
f 8256 8255 8253
f 8250 8251 8252
f 8249 8250 8252
f 8254 8250 8249
f 8253 8254 8249
f 8256 8252 8251
f 8255 8256 8251
f 8255 8251 8250
f 8254 8255 8250
f 8253 8249 8252
f 8256 8253 8252
f 8263 8262 8261
f 8264 8263 8261
f 8258 8259 8260
f 8257 8258 8260
f 8262 8258 8257
f 8261 8262 8257
f 8264 8260 8259
f 8263 8264 8259
f 8263 8259 8258
f 8262 8263 8258
f 8261 8257 8260
f 8264 8261 8260
usemtl vend_bd
f 5727 5726 5725
f 5728 5727 5725
f 5722 5723 5724
f 5721 5722 5724
f 5726 5722 5721
f 5725 5726 5721
f 5728 5724 5723
f 5727 5728 5723
f 5727 5723 5722
f 5726 5727 5722
f 5725 5721 5724
f 5728 5725 5724
f 5743 5742 5741
f 5744 5743 5741
f 5738 5739 5740
f 5737 5738 5740
f 5742 5738 5737
f 5741 5742 5737
f 5744 5740 5739
f 5743 5744 5739
f 5743 5739 5738
f 5742 5743 5738
f 5741 5737 5740
f 5744 5741 5740
usemtl bench
f 5759 5758 5757
f 5760 5759 5757
f 5754 5755 5756
f 5753 5754 5756
f 5758 5754 5753
f 5757 5758 5753
f 5760 5756 5755
f 5759 5760 5755
f 5759 5755 5754
f 5758 5759 5754
f 5757 5753 5756
f 5760 5757 5756
f 7663 7662 7661
f 7664 7663 7661
f 7658 7659 7660
f 7657 7658 7660
f 7662 7658 7657
f 7661 7662 7657
f 7664 7660 7659
f 7663 7664 7659
f 7663 7659 7658
f 7662 7663 7658
f 7661 7657 7660
f 7664 7661 7660
f 7671 7670 7669
f 7672 7671 7669
f 7666 7667 7668
f 7665 7666 7668
f 7670 7666 7665
f 7669 7670 7665
f 7672 7668 7667
f 7671 7672 7667
f 7671 7667 7666
f 7670 7671 7666
f 7669 7665 7668
f 7672 7669 7668
f 7679 7678 7677
f 7680 7679 7677
f 7674 7675 7676
f 7673 7674 7676
f 7678 7674 7673
f 7677 7678 7673
f 7680 7676 7675
f 7679 7680 7675
f 7679 7675 7674
f 7678 7679 7674
f 7677 7673 7676
f 7680 7677 7676
f 7687 7686 7685
f 7688 7687 7685
f 7682 7683 7684
f 7681 7682 7684
f 7686 7682 7681
f 7685 7686 7681
f 7688 7684 7683
f 7687 7688 7683
f 7687 7683 7682
f 7686 7687 7682
f 7685 7681 7684
f 7688 7685 7684
f 7695 7694 7693
f 7696 7695 7693
f 7690 7691 7692
f 7689 7690 7692
f 7694 7690 7689
f 7693 7694 7689
f 7696 7692 7691
f 7695 7696 7691
f 7695 7691 7690
f 7694 7695 7690
f 7693 7689 7692
f 7696 7693 7692
f 7703 7702 7701
f 7704 7703 7701
f 7698 7699 7700
f 7697 7698 7700
f 7702 7698 7697
f 7701 7702 7697
f 7704 7700 7699
f 7703 7704 7699
f 7703 7699 7698
f 7702 7703 7698
f 7701 7697 7700
f 7704 7701 7700
f 10055 10054 10053
f 10056 10055 10053
f 10050 10051 10052
f 10049 10050 10052
f 10054 10050 10049
f 10053 10054 10049
f 10056 10052 10051
f 10055 10056 10051
f 10055 10051 10050
f 10054 10055 10050
f 10053 10049 10052
f 10056 10053 10052
f 10063 10062 10061
f 10064 10063 10061
f 10058 10059 10060
f 10057 10058 10060
f 10062 10058 10057
f 10061 10062 10057
f 10064 10060 10059
f 10063 10064 10059
f 10063 10059 10058
f 10062 10063 10058
f 10061 10057 10060
f 10064 10061 10060
f 10071 10070 10069
f 10072 10071 10069
f 10066 10067 10068
f 10065 10066 10068
f 10070 10066 10065
f 10069 10070 10065
f 10072 10068 10067
f 10071 10072 10067
f 10071 10067 10066
f 10070 10071 10066
f 10069 10065 10068
f 10072 10069 10068
f 10079 10078 10077
f 10080 10079 10077
f 10074 10075 10076
f 10073 10074 10076
f 10078 10074 10073
f 10077 10078 10073
f 10080 10076 10075
f 10079 10080 10075
f 10079 10075 10074
f 10078 10079 10074
f 10077 10073 10076
f 10080 10077 10076
usemtl bin
f 7711 7710 7709
f 7712 7711 7709
f 7706 7707 7708
f 7705 7706 7708
f 7710 7706 7705
f 7709 7710 7705
f 7712 7708 7707
f 7711 7712 7707
f 7711 7707 7706
f 7710 7711 7706
f 7709 7705 7708
f 7712 7709 7708
f 7719 7718 7717
f 7720 7719 7717
f 7714 7715 7716
f 7713 7714 7716
f 7718 7714 7713
f 7717 7718 7713
f 7720 7716 7715
f 7719 7720 7715
f 7719 7715 7714
f 7718 7719 7714
f 7717 7713 7716
f 7720 7717 7716
f 7727 7726 7725
f 7728 7727 7725
f 7722 7723 7724
f 7721 7722 7724
f 7726 7722 7721
f 7725 7726 7721
f 7728 7724 7723
f 7727 7728 7723
f 7727 7723 7722
f 7726 7727 7722
f 7725 7721 7724
f 7728 7725 7724
f 7735 7734 7733
f 7736 7735 7733
f 7730 7731 7732
f 7729 7730 7732
f 7734 7730 7729
f 7733 7734 7729
f 7736 7732 7731
f 7735 7736 7731
f 7735 7731 7730
f 7734 7735 7730
f 7733 7729 7732
f 7736 7733 7732
f 10007 10006 10005
f 10008 10007 10005
f 10002 10003 10004
f 10001 10002 10004
f 10006 10002 10001
f 10005 10006 10001
f 10008 10004 10003
f 10007 10008 10003
f 10007 10003 10002
f 10006 10007 10002
f 10005 10001 10004
f 10008 10005 10004
f 10015 10014 10013
f 10016 10015 10013
f 10010 10011 10012
f 10009 10010 10012
f 10014 10010 10009
f 10013 10014 10009
f 10016 10012 10011
f 10015 10016 10011
f 10015 10011 10010
f 10014 10015 10010
f 10013 10009 10012
f 10016 10013 10012
f 10023 10022 10021
f 10024 10023 10021
f 10018 10019 10020
f 10017 10018 10020
f 10022 10018 10017
f 10021 10022 10017
f 10024 10020 10019
f 10023 10024 10019
f 10023 10019 10018
f 10022 10023 10018
f 10021 10017 10020
f 10024 10021 10020
f 10031 10030 10029
f 10032 10031 10029
f 10026 10027 10028
f 10025 10026 10028
f 10030 10026 10025
f 10029 10030 10025
f 10032 10028 10027
f 10031 10032 10027
f 10031 10027 10026
f 10030 10031 10026
f 10029 10025 10028
f 10032 10029 10028
f 10039 10038 10037
f 10040 10039 10037
f 10034 10035 10036
f 10033 10034 10036
f 10038 10034 10033
f 10037 10038 10033
f 10040 10036 10035
f 10039 10040 10035
f 10039 10035 10034
f 10038 10039 10034
f 10037 10033 10036
f 10040 10037 10036
f 10047 10046 10045
f 10048 10047 10045
f 10042 10043 10044
f 10041 10042 10044
f 10046 10042 10041
f 10045 10046 10041
f 10048 10044 10043
f 10047 10048 10043
f 10047 10043 10042
f 10046 10047 10042
f 10045 10041 10044
f 10048 10045 10044
o rail
usemtl steel
f 5837 5838 5839
f 5837 5839 5840
f 5836 5835 5834
f 5836 5834 5833
f 5833 5834 5838
f 5833 5838 5837
f 5834 5835 5839
f 5834 5839 5838
f 5835 5836 5840
f 5835 5840 5839
f 5836 5833 5837
f 5836 5837 5840
f 5845 5846 5847
f 5845 5847 5848
f 5844 5843 5842
f 5844 5842 5841
f 5841 5842 5846
f 5841 5846 5845
f 5842 5843 5847
f 5842 5847 5846
f 5843 5844 5848
f 5843 5848 5847
f 5844 5841 5845
f 5844 5845 5848
f 5855 5854 5853
f 5856 5855 5853
f 5850 5851 5852
f 5849 5850 5852
f 5854 5850 5849
f 5853 5854 5849
f 5856 5852 5851
f 5855 5856 5851
f 5855 5851 5850
f 5854 5855 5850
f 5853 5849 5852
f 5856 5853 5852
f 5863 5862 5861
f 5864 5863 5861
f 5858 5859 5860
f 5857 5858 5860
f 5862 5858 5857
f 5861 5862 5857
f 5864 5860 5859
f 5863 5864 5859
f 5863 5859 5858
f 5862 5863 5858
f 5861 5857 5860
f 5864 5861 5860
f 5871 5870 5869
f 5872 5871 5869
f 5866 5867 5868
f 5865 5866 5868
f 5870 5866 5865
f 5869 5870 5865
f 5872 5868 5867
f 5871 5872 5867
f 5871 5867 5866
f 5870 5871 5866
f 5869 5865 5868
f 5872 5869 5868
f 5879 5878 5877
f 5880 5879 5877
f 5874 5875 5876
f 5873 5874 5876
f 5878 5874 5873
f 5877 5878 5873
f 5880 5876 5875
f 5879 5880 5875
f 5879 5875 5874
f 5878 5879 5874
f 5877 5873 5876
f 5880 5877 5876
f 5957 5958 5959
f 5957 5959 5960
f 5956 5955 5954
f 5956 5954 5953
f 5953 5954 5958
f 5953 5958 5957
f 5954 5955 5959
f 5954 5959 5958
f 5955 5956 5960
f 5955 5960 5959
f 5956 5953 5957
f 5956 5957 5960
f 5965 5966 5967
f 5965 5967 5968
f 5964 5963 5962
f 5964 5962 5961
f 5961 5962 5966
f 5961 5966 5965
f 5962 5963 5967
f 5962 5967 5966
f 5963 5964 5968
f 5963 5968 5967
f 5964 5961 5965
f 5964 5965 5968
f 5975 5974 5973
f 5976 5975 5973
f 5970 5971 5972
f 5969 5970 5972
f 5974 5970 5969
f 5973 5974 5969
f 5976 5972 5971
f 5975 5976 5971
f 5975 5971 5970
f 5974 5975 5970
f 5973 5969 5972
f 5976 5973 5972
f 5983 5982 5981
f 5984 5983 5981
f 5978 5979 5980
f 5977 5978 5980
f 5982 5978 5977
f 5981 5982 5977
f 5984 5980 5979
f 5983 5984 5979
f 5983 5979 5978
f 5982 5983 5978
f 5981 5977 5980
f 5984 5981 5980
f 5991 5990 5989
f 5992 5991 5989
f 5986 5987 5988
f 5985 5986 5988
f 5990 5986 5985
f 5989 5990 5985
f 5992 5988 5987
f 5991 5992 5987
f 5991 5987 5986
f 5990 5991 5986
f 5989 5985 5988
f 5992 5989 5988
f 5999 5998 5997
f 6000 5999 5997
f 5994 5995 5996
f 5993 5994 5996
f 5998 5994 5993
f 5997 5998 5993
f 6000 5996 5995
f 5999 6000 5995
f 5999 5995 5994
f 5998 5999 5994
f 5997 5993 5996
f 6000 5997 5996
f 6013 6014 6015
f 6013 6015 6016
f 6012 6011 6010
f 6012 6010 6009
f 6009 6010 6014
f 6009 6014 6013
f 6010 6011 6015
f 6010 6015 6014
f 6011 6012 6016
f 6011 6016 6015
f 6012 6009 6013
f 6012 6013 6016
f 6021 6022 6023
f 6021 6023 6024
f 6020 6019 6018
f 6020 6018 6017
f 6017 6018 6022
f 6017 6022 6021
f 6018 6019 6023
f 6018 6023 6022
f 6019 6020 6024
f 6019 6024 6023
f 6020 6017 6021
f 6020 6021 6024
f 6031 6030 6029
f 6032 6031 6029
f 6026 6027 6028
f 6025 6026 6028
f 6030 6026 6025
f 6029 6030 6025
f 6032 6028 6027
f 6031 6032 6027
f 6031 6027 6026
f 6030 6031 6026
f 6029 6025 6028
f 6032 6029 6028
f 6039 6038 6037
f 6040 6039 6037
f 6034 6035 6036
f 6033 6034 6036
f 6038 6034 6033
f 6037 6038 6033
f 6040 6036 6035
f 6039 6040 6035
f 6039 6035 6034
f 6038 6039 6034
f 6037 6033 6036
f 6040 6037 6036
f 6047 6046 6045
f 6048 6047 6045
f 6042 6043 6044
f 6041 6042 6044
f 6046 6042 6041
f 6045 6046 6041
f 6048 6044 6043
f 6047 6048 6043
f 6047 6043 6042
f 6046 6047 6042
f 6045 6041 6044
f 6048 6045 6044
f 6055 6054 6053
f 6056 6055 6053
f 6050 6051 6052
f 6049 6050 6052
f 6054 6050 6049
f 6053 6054 6049
f 6056 6052 6051
f 6055 6056 6051
f 6055 6051 6050
f 6054 6055 6050
f 6053 6049 6052
f 6056 6053 6052
f 6063 6062 6061
f 6064 6063 6061
f 6058 6059 6060
f 6057 6058 6060
f 6062 6058 6057
f 6061 6062 6057
f 6064 6060 6059
f 6063 6064 6059
f 6063 6059 6058
f 6062 6063 6058
f 6061 6057 6060
f 6064 6061 6060
f 6071 6070 6069
f 6072 6071 6069
f 6066 6067 6068
f 6065 6066 6068
f 6070 6066 6065
f 6069 6070 6065
f 6072 6068 6067
f 6071 6072 6067
f 6071 6067 6066
f 6070 6071 6066
f 6069 6065 6068
f 6072 6069 6068
f 6077 6078 6079
f 6077 6079 6080
f 6076 6075 6074
f 6076 6074 6073
f 6073 6074 6078
f 6073 6078 6077
f 6074 6075 6079
f 6074 6079 6078
f 6075 6076 6080
f 6075 6080 6079
f 6076 6073 6077
f 6076 6077 6080
f 6085 6086 6087
f 6085 6087 6088
f 6084 6083 6082
f 6084 6082 6081
f 6081 6082 6086
f 6081 6086 6085
f 6082 6083 6087
f 6082 6087 6086
f 6083 6084 6088
f 6083 6088 6087
f 6084 6081 6085
f 6084 6085 6088
f 6095 6094 6093
f 6096 6095 6093
f 6090 6091 6092
f 6089 6090 6092
f 6094 6090 6089
f 6093 6094 6089
f 6096 6092 6091
f 6095 6096 6091
f 6095 6091 6090
f 6094 6095 6090
f 6093 6089 6092
f 6096 6093 6092
f 6103 6102 6101
f 6104 6103 6101
f 6098 6099 6100
f 6097 6098 6100
f 6102 6098 6097
f 6101 6102 6097
f 6104 6100 6099
f 6103 6104 6099
f 6103 6099 6098
f 6102 6103 6098
f 6101 6097 6100
f 6104 6101 6100
f 6111 6110 6109
f 6112 6111 6109
f 6106 6107 6108
f 6105 6106 6108
f 6110 6106 6105
f 6109 6110 6105
f 6112 6108 6107
f 6111 6112 6107
f 6111 6107 6106
f 6110 6111 6106
f 6109 6105 6108
f 6112 6109 6108
f 6119 6118 6117
f 6120 6119 6117
f 6114 6115 6116
f 6113 6114 6116
f 6118 6114 6113
f 6117 6118 6113
f 6120 6116 6115
f 6119 6120 6115
f 6119 6115 6114
f 6118 6119 6114
f 6117 6113 6116
f 6120 6117 6116
f 6127 6126 6125
f 6128 6127 6125
f 6122 6123 6124
f 6121 6122 6124
f 6126 6122 6121
f 6125 6126 6121
f 6128 6124 6123
f 6127 6128 6123
f 6127 6123 6122
f 6126 6127 6122
f 6125 6121 6124
f 6128 6125 6124
f 6135 6134 6133
f 6136 6135 6133
f 6130 6131 6132
f 6129 6130 6132
f 6134 6130 6129
f 6133 6134 6129
f 6136 6132 6131
f 6135 6136 6131
f 6135 6131 6130
f 6134 6135 6130
f 6133 6129 6132
f 6136 6133 6132
f 6213 6214 6215
f 6213 6215 6216
f 6212 6211 6210
f 6212 6210 6209
f 6209 6210 6214
f 6209 6214 6213
f 6210 6211 6215
f 6210 6215 6214
f 6211 6212 6216
f 6211 6216 6215
f 6212 6209 6213
f 6212 6213 6216
f 6221 6222 6223
f 6221 6223 6224
f 6220 6219 6218
f 6220 6218 6217
f 6217 6218 6222
f 6217 6222 6221
f 6218 6219 6223
f 6218 6223 6222
f 6219 6220 6224
f 6219 6224 6223
f 6220 6217 6221
f 6220 6221 6224
f 6231 6230 6229
f 6232 6231 6229
f 6226 6227 6228
f 6225 6226 6228
f 6230 6226 6225
f 6229 6230 6225
f 6232 6228 6227
f 6231 6232 6227
f 6231 6227 6226
f 6230 6231 6226
f 6229 6225 6228
f 6232 6229 6228
f 6239 6238 6237
f 6240 6239 6237
f 6234 6235 6236
f 6233 6234 6236
f 6238 6234 6233
f 6237 6238 6233
f 6240 6236 6235
f 6239 6240 6235
f 6239 6235 6234
f 6238 6239 6234
f 6237 6233 6236
f 6240 6237 6236
f 6247 6246 6245
f 6248 6247 6245
f 6242 6243 6244
f 6241 6242 6244
f 6246 6242 6241
f 6245 6246 6241
f 6248 6244 6243
f 6247 6248 6243
f 6247 6243 6242
f 6246 6247 6242
f 6245 6241 6244
f 6248 6245 6244
f 6255 6254 6253
f 6256 6255 6253
f 6250 6251 6252
f 6249 6250 6252
f 6254 6250 6249
f 6253 6254 6249
f 6256 6252 6251
f 6255 6256 6251
f 6255 6251 6250
f 6254 6255 6250
f 6253 6249 6252
f 6256 6253 6252
f 6263 6262 6261
f 6264 6263 6261
f 6258 6259 6260
f 6257 6258 6260
f 6262 6258 6257
f 6261 6262 6257
f 6264 6260 6259
f 6263 6264 6259
f 6263 6259 6258
f 6262 6263 6258
f 6261 6257 6260
f 6264 6261 6260
f 6271 6270 6269
f 6272 6271 6269
f 6266 6267 6268
f 6265 6266 6268
f 6270 6266 6265
f 6269 6270 6265
f 6272 6268 6267
f 6271 6272 6267
f 6271 6267 6266
f 6270 6271 6266
f 6269 6265 6268
f 6272 6269 6268
f 6277 6278 6279
f 6277 6279 6280
f 6276 6275 6274
f 6276 6274 6273
f 6273 6274 6278
f 6273 6278 6277
f 6274 6275 6279
f 6274 6279 6278
f 6275 6276 6280
f 6275 6280 6279
f 6276 6273 6277
f 6276 6277 6280
f 6285 6286 6287
f 6285 6287 6288
f 6284 6283 6282
f 6284 6282 6281
f 6281 6282 6286
f 6281 6286 6285
f 6282 6283 6287
f 6282 6287 6286
f 6283 6284 6288
f 6283 6288 6287
f 6284 6281 6285
f 6284 6285 6288
f 6295 6294 6293
f 6296 6295 6293
f 6290 6291 6292
f 6289 6290 6292
f 6294 6290 6289
f 6293 6294 6289
f 6296 6292 6291
f 6295 6296 6291
f 6295 6291 6290
f 6294 6295 6290
f 6293 6289 6292
f 6296 6293 6292
f 6303 6302 6301
f 6304 6303 6301
f 6298 6299 6300
f 6297 6298 6300
f 6302 6298 6297
f 6301 6302 6297
f 6304 6300 6299
f 6303 6304 6299
f 6303 6299 6298
f 6302 6303 6298
f 6301 6297 6300
f 6304 6301 6300
f 6311 6310 6309
f 6312 6311 6309
f 6306 6307 6308
f 6305 6306 6308
f 6310 6306 6305
f 6309 6310 6305
f 6312 6308 6307
f 6311 6312 6307
f 6311 6307 6306
f 6310 6311 6306
f 6309 6305 6308
f 6312 6309 6308
f 6319 6318 6317
f 6320 6319 6317
f 6314 6315 6316
f 6313 6314 6316
f 6318 6314 6313
f 6317 6318 6313
f 6320 6316 6315
f 6319 6320 6315
f 6319 6315 6314
f 6318 6319 6314
f 6317 6313 6316
f 6320 6317 6316
f 6327 6326 6325
f 6328 6327 6325
f 6322 6323 6324
f 6321 6322 6324
f 6326 6322 6321
f 6325 6326 6321
f 6328 6324 6323
f 6327 6328 6323
f 6327 6323 6322
f 6326 6327 6322
f 6325 6321 6324
f 6328 6325 6324
f 6335 6334 6333
f 6336 6335 6333
f 6330 6331 6332
f 6329 6330 6332
f 6334 6330 6329
f 6333 6334 6329
f 6336 6332 6331
f 6335 6336 6331
f 6335 6331 6330
f 6334 6335 6330
f 6333 6329 6332
f 6336 6333 6332
f 9903 9902 9901
f 9904 9903 9901
f 9898 9899 9900
f 9897 9898 9900
f 9902 9898 9897
f 9901 9902 9897
f 9904 9900 9899
f 9903 9904 9899
f 9903 9899 9898
f 9902 9903 9898
f 9901 9897 9900
f 9904 9901 9900
f 9911 9910 9909
f 9912 9911 9909
f 9906 9907 9908
f 9905 9906 9908
f 9910 9906 9905
f 9909 9910 9905
f 9912 9908 9907
f 9911 9912 9907
f 9911 9907 9906
f 9910 9911 9906
f 9909 9905 9908
f 9912 9909 9908
f 9919 9918 9917
f 9920 9919 9917
f 9914 9915 9916
f 9913 9914 9916
f 9918 9914 9913
f 9917 9918 9913
f 9920 9916 9915
f 9919 9920 9915
f 9919 9915 9914
f 9918 9919 9914
f 9917 9913 9916
f 9920 9917 9916
f 9927 9926 9925
f 9928 9927 9925
f 9922 9923 9924
f 9921 9922 9924
f 9926 9922 9921
f 9925 9926 9921
f 9928 9924 9923
f 9927 9928 9923
f 9927 9923 9922
f 9926 9927 9922
f 9925 9921 9924
f 9928 9925 9924
f 9935 9934 9933
f 9936 9935 9933
f 9930 9931 9932
f 9929 9930 9932
f 9934 9930 9929
f 9933 9934 9929
f 9936 9932 9931
f 9935 9936 9931
f 9935 9931 9930
f 9934 9935 9930
f 9933 9929 9932
f 9936 9933 9932
f 9943 9942 9941
f 9944 9943 9941
f 9938 9939 9940
f 9937 9938 9940
f 9942 9938 9937
f 9941 9942 9937
f 9944 9940 9939
f 9943 9944 9939
f 9943 9939 9938
f 9942 9943 9938
f 9941 9937 9940
f 9944 9941 9940
f 9951 9950 9949
f 9952 9951 9949
f 9946 9947 9948
f 9945 9946 9948
f 9950 9946 9945
f 9949 9950 9945
f 9952 9948 9947
f 9951 9952 9947
f 9951 9947 9946
f 9950 9951 9946
f 9949 9945 9948
f 9952 9949 9948
f 9959 9958 9957
f 9960 9959 9957
f 9954 9955 9956
f 9953 9954 9956
f 9958 9954 9953
f 9957 9958 9953
f 9960 9956 9955
f 9959 9960 9955
f 9959 9955 9954
f 9958 9959 9954
f 9957 9953 9956
f 9960 9957 9956
f 9967 9966 9965
f 9968 9967 9965
f 9962 9963 9964
f 9961 9962 9964
f 9966 9962 9961
f 9965 9966 9961
f 9968 9964 9963
f 9967 9968 9963
f 9967 9963 9962
f 9966 9967 9962
f 9965 9961 9964
f 9968 9965 9964
f 9975 9974 9973
f 9976 9975 9973
f 9970 9971 9972
f 9969 9970 9972
f 9974 9970 9969
f 9973 9974 9969
f 9976 9972 9971
f 9975 9976 9971
f 9975 9971 9970
f 9974 9975 9970
f 9973 9969 9972
f 9976 9973 9972
f 9983 9982 9981
f 9984 9983 9981
f 9978 9979 9980
f 9977 9978 9980
f 9982 9978 9977
f 9981 9982 9977
f 9984 9980 9979
f 9983 9984 9979
f 9983 9979 9978
f 9982 9983 9978
f 9981 9977 9980
f 9984 9981 9980
f 9991 9990 9989
f 9992 9991 9989
f 9986 9987 9988
f 9985 9986 9988
f 9990 9986 9985
f 9989 9990 9985
f 9992 9988 9987
f 9991 9992 9987
f 9991 9987 9986
f 9990 9991 9986
f 9989 9985 9988
f 9992 9989 9988
f 9999 9998 9997
f 10000 9999 9997
f 9994 9995 9996
f 9993 9994 9996
f 9998 9994 9993
f 9997 9998 9993
f 10000 9996 9995
f 9999 10000 9995
f 9999 9995 9994
f 9998 9999 9994
f 9997 9993 9996
f 10000 9997 9996
usemtl rail
f 71 70 69
f 72 71 69
f 66 67 68
f 65 66 68
f 70 66 65
f 69 70 65
f 72 68 67
f 71 72 67
f 71 67 66
f 70 71 66
f 69 65 68
f 72 69 68
f 79 78 77
f 80 79 77
f 74 75 76
f 73 74 76
f 78 74 73
f 77 78 73
f 80 76 75
f 79 80 75
f 79 75 74
f 78 79 74
f 77 73 76
f 80 77 76
f 9895 9894 9893
f 9896 9895 9893
f 9890 9891 9892
f 9889 9890 9892
f 9894 9890 9889
f 9893 9894 9889
f 9896 9892 9891
f 9895 9896 9891
f 9895 9891 9890
f 9894 9895 9890
f 9893 9889 9892
f 9896 9893 9892
o roof
usemtl conc_d
f 5575 5574 5573
f 5576 5575 5573
f 5570 5571 5572
f 5569 5570 5572
f 5574 5570 5569
f 5573 5574 5569
f 5576 5572 5571
f 5575 5576 5571
f 5575 5571 5570
f 5574 5575 5570
f 5573 5569 5572
f 5576 5573 5572
f 5583 5582 5581
f 5584 5583 5581
f 5578 5579 5580
f 5577 5578 5580
f 5582 5578 5577
f 5581 5582 5577
f 5584 5580 5579
f 5583 5584 5579
f 5583 5579 5578
f 5582 5583 5578
f 5581 5577 5580
f 5584 5581 5580
f 5823 5822 5821
f 5824 5823 5821
f 5818 5819 5820
f 5817 5818 5820
f 5822 5818 5817
f 5821 5822 5817
f 5824 5820 5819
f 5823 5824 5819
f 5823 5819 5818
f 5822 5823 5818
f 5821 5817 5820
f 5824 5821 5820
f 5943 5942 5941
f 5944 5943 5941
f 5938 5939 5940
f 5937 5938 5940
f 5942 5938 5937
f 5941 5942 5937
f 5944 5940 5939
f 5943 5944 5939
f 5943 5939 5938
f 5942 5943 5938
f 5941 5937 5940
f 5944 5941 5940
usemtl canopy
f 8719 8718 8717
f 8720 8719 8717
f 8714 8715 8716
f 8713 8714 8716
f 8718 8714 8713
f 8717 8718 8713
f 8720 8716 8715
f 8719 8720 8715
f 8719 8715 8714
f 8718 8719 8714
f 8717 8713 8716
f 8720 8717 8716
f 8855 8854 8853
f 8856 8855 8853
f 8850 8851 8852
f 8849 8850 8852
f 8854 8850 8849
f 8853 8854 8849
f 8856 8852 8851
f 8855 8856 8851
f 8855 8851 8850
f 8854 8855 8850
f 8853 8849 8852
f 8856 8853 8852
usemtl ceil
f 423 422 421
f 424 423 421
f 418 419 420
f 417 418 420
f 422 418 417
f 421 422 417
f 424 420 419
f 423 424 419
f 423 419 418
f 422 423 418
f 421 417 420
f 424 421 420
f 5367 5366 5365
f 5368 5367 5365
f 5362 5363 5364
f 5361 5362 5364
f 5366 5362 5361
f 5365 5366 5361
f 5368 5364 5363
f 5367 5368 5363
f 5367 5363 5362
f 5366 5367 5362
f 5365 5361 5364
f 5368 5365 5364
o shell
usemtl tile
f 237 238 239
f 237 239 240
f 236 235 234
f 236 234 233
f 233 234 238
f 233 238 237
f 234 235 239
f 234 239 238
f 235 236 240
f 235 240 239
f 236 233 237
f 236 237 240
f 245 246 247
f 245 247 248
f 244 243 242
f 244 242 241
f 241 242 246
f 241 246 245
f 242 243 247
f 242 247 246
f 243 244 248
f 243 248 247
f 244 241 245
f 244 245 248
f 253 254 255
f 253 255 256
f 252 251 250
f 252 250 249
f 249 250 254
f 249 254 253
f 250 251 255
f 250 255 254
f 251 252 256
f 251 256 255
f 252 249 253
f 252 253 256
f 261 262 263
f 261 263 264
f 260 259 258
f 260 258 257
f 257 258 262
f 257 262 261
f 258 259 263
f 258 263 262
f 259 260 264
f 259 264 263
f 260 257 261
f 260 261 264
f 269 270 271
f 269 271 272
f 268 267 266
f 268 266 265
f 265 266 270
f 265 270 269
f 266 267 271
f 266 271 270
f 267 268 272
f 267 272 271
f 268 265 269
f 268 269 272
f 285 286 287
f 285 287 288
f 284 283 282
f 284 282 281
f 281 282 286
f 281 286 285
f 282 283 287
f 282 287 286
f 283 284 288
f 283 288 287
f 284 281 285
f 284 285 288
f 293 294 295
f 293 295 296
f 292 291 290
f 292 290 289
f 289 290 294
f 289 294 293
f 290 291 295
f 290 295 294
f 291 292 296
f 291 296 295
f 292 289 293
f 292 293 296
f 301 302 303
f 301 303 304
f 300 299 298
f 300 298 297
f 297 298 302
f 297 302 301
f 298 299 303
f 298 303 302
f 299 300 304
f 299 304 303
f 300 297 301
f 300 301 304
f 353 354 355
f 353 355 356
f 352 351 350
f 352 350 349
f 349 350 354
f 349 354 353
f 350 351 355
f 350 355 354
f 351 352 356
f 351 356 355
f 352 349 353
f 352 353 356
f 361 362 363
f 361 363 364
f 360 359 358
f 360 358 357
f 357 358 362
f 357 362 361
f 358 359 363
f 358 363 362
f 359 360 364
f 359 364 363
f 360 357 361
f 360 361 364
f 369 370 371
f 369 371 372
f 368 367 366
f 368 366 365
f 365 366 370
f 365 370 369
f 366 367 371
f 366 371 370
f 367 368 372
f 367 372 371
f 368 365 369
f 368 369 372
usemtl tile_d
f 277 278 279
f 277 279 280
f 276 275 274
f 276 274 273
f 273 274 278
f 273 278 277
f 274 275 279
f 274 279 278
f 275 276 280
f 275 280 279
f 276 273 277
f 276 277 280
usemtl conc_d
f 8991 8990 8989
f 8992 8991 8989
f 8986 8987 8988
f 8985 8986 8988
f 8990 8986 8985
f 8989 8990 8985
f 8992 8988 8987
f 8991 8992 8987
f 8991 8987 8986
f 8990 8991 8986
f 8989 8985 8988
f 8992 8989 8988
f 9007 9006 9005
f 9008 9007 9005
f 9002 9003 9004
f 9001 9002 9004
f 9006 9002 9001
f 9005 9006 9001
f 9008 9004 9003
f 9007 9008 9003
f 9007 9003 9002
f 9006 9007 9002
f 9005 9001 9004
f 9008 9005 9004
o sign
usemtl steel
f 9079 9078 9077
f 9080 9079 9077
f 9074 9075 9076
f 9073 9074 9076
f 9078 9074 9073
f 9077 9078 9073
f 9080 9076 9075
f 9079 9080 9075
f 9079 9075 9074
f 9078 9079 9074
f 9077 9073 9076
f 9080 9077 9076
f 9095 9094 9093
f 9096 9095 9093
f 9090 9091 9092
f 9089 9090 9092
f 9094 9090 9089
f 9093 9094 9089
f 9096 9092 9091
f 9095 9096 9091
f 9095 9091 9090
f 9094 9095 9090
f 9093 9089 9092
f 9096 9093 9092
usemtl sign_b
f 7743 7742 7741
f 7744 7743 7741
f 7738 7739 7740
f 7737 7738 7740
f 7742 7738 7737
f 7741 7742 7737
f 7744 7740 7739
f 7743 7744 7739
f 7743 7739 7738
f 7742 7743 7738
f 7741 7737 7740
f 7744 7741 7740
f 7759 7758 7757
f 7760 7759 7757
f 7754 7755 7756
f 7753 7754 7756
f 7758 7754 7753
f 7757 7758 7753
f 7760 7756 7755
f 7759 7760 7755
f 7759 7755 7754
f 7758 7759 7754
f 7757 7753 7756
f 7760 7757 7756
f 7775 7774 7773
f 7776 7775 7773
f 7770 7771 7772
f 7769 7770 7772
f 7774 7770 7769
f 7773 7774 7769
f 7776 7772 7771
f 7775 7776 7771
f 7775 7771 7770
f 7774 7775 7770
f 7773 7769 7772
f 7776 7773 7772
f 7799 7798 7797
f 7800 7799 7797
f 7794 7795 7796
f 7793 7794 7796
f 7798 7794 7793
f 7797 7798 7793
f 7800 7796 7795
f 7799 7800 7795
f 7799 7795 7794
f 7798 7799 7794
f 7797 7793 7796
f 7800 7797 7796
f 8319 8318 8317
f 8320 8319 8317
f 8314 8315 8316
f 8313 8314 8316
f 8318 8314 8313
f 8317 8318 8313
f 8320 8316 8315
f 8319 8320 8315
f 8319 8315 8314
f 8318 8319 8314
f 8317 8313 8316
f 8320 8317 8316
f 9023 9022 9021
f 9024 9023 9021
f 9018 9019 9020
f 9017 9018 9020
f 9022 9018 9017
f 9021 9022 9017
f 9024 9020 9019
f 9023 9024 9019
f 9023 9019 9018
f 9022 9023 9018
f 9021 9017 9020
f 9024 9021 9020
f 9031 9030 9029
f 9032 9031 9029
f 9026 9027 9028
f 9025 9026 9028
f 9030 9026 9025
f 9029 9030 9025
f 9032 9028 9027
f 9031 9032 9027
f 9031 9027 9026
f 9030 9031 9026
f 9029 9025 9028
f 9032 9029 9028
f 9039 9038 9037
f 9040 9039 9037
f 9034 9035 9036
f 9033 9034 9036
f 9038 9034 9033
f 9037 9038 9033
f 9040 9036 9035
f 9039 9040 9035
f 9039 9035 9034
f 9038 9039 9034
f 9037 9033 9036
f 9040 9037 9036
f 9071 9070 9069
f 9072 9071 9069
f 9066 9067 9068
f 9065 9066 9068
f 9070 9066 9065
f 9069 9070 9065
f 9072 9068 9067
f 9071 9072 9067
f 9071 9067 9066
f 9070 9071 9066
f 9069 9065 9068
f 9072 9069 9068
f 9087 9086 9085
f 9088 9087 9085
f 9082 9083 9084
f 9081 9082 9084
f 9086 9082 9081
f 9085 9086 9081
f 9088 9084 9083
f 9087 9088 9083
f 9087 9083 9082
f 9086 9087 9082
f 9085 9081 9084
f 9088 9085 9084
usemtl sign_r
f 7751 7750 7749
f 7752 7751 7749
f 7746 7747 7748
f 7745 7746 7748
f 7750 7746 7745
f 7749 7750 7745
f 7752 7748 7747
f 7751 7752 7747
f 7751 7747 7746
f 7750 7751 7746
f 7749 7745 7748
f 7752 7749 7748
f 7767 7766 7765
f 7768 7767 7765
f 7762 7763 7764
f 7761 7762 7764
f 7766 7762 7761
f 7765 7766 7761
f 7768 7764 7763
f 7767 7768 7763
f 7767 7763 7762
f 7766 7767 7762
f 7765 7761 7764
f 7768 7765 7764
f 7783 7782 7781
f 7784 7783 7781
f 7778 7779 7780
f 7777 7778 7780
f 7782 7778 7777
f 7781 7782 7777
f 7784 7780 7779
f 7783 7784 7779
f 7783 7779 7778
f 7782 7783 7778
f 7781 7777 7780
f 7784 7781 7780
f 7791 7790 7789
f 7792 7791 7789
f 7786 7787 7788
f 7785 7786 7788
f 7790 7786 7785
f 7789 7790 7785
f 7792 7788 7787
f 7791 7792 7787
f 7791 7787 7786
f 7790 7791 7786
f 7789 7785 7788
f 7792 7789 7788
f 9047 9046 9045
f 9048 9047 9045
f 9042 9043 9044
f 9041 9042 9044
f 9046 9042 9041
f 9045 9046 9041
f 9048 9044 9043
f 9047 9048 9043
f 9047 9043 9042
f 9046 9047 9042
f 9045 9041 9044
f 9048 9045 9044
f 9055 9054 9053
f 9056 9055 9053
f 9050 9051 9052
f 9049 9050 9052
f 9054 9050 9049
f 9053 9054 9049
f 9056 9052 9051
f 9055 9056 9051
f 9055 9051 9050
f 9054 9055 9050
f 9053 9049 9052
f 9056 9053 9052
f 9063 9062 9061
f 9064 9063 9061
f 9058 9059 9060
f 9057 9058 9060
f 9062 9058 9057
f 9061 9062 9057
f 9064 9060 9059
f 9063 9064 9059
f 9063 9059 9058
f 9062 9063 9058
f 9061 9057 9060
f 9064 9061 9060
usemtl sign_p
f 9103 9102 9101
f 9104 9103 9101
f 9098 9099 9100
f 9097 9098 9100
f 9102 9098 9097
f 9101 9102 9097
f 9104 9100 9099
f 9103 9104 9099
f 9103 9099 9098
f 9102 9103 9098
f 9101 9097 9100
f 9104 9101 9100
o stair
usemtl concrete
f 5831 5830 5829
f 5832 5831 5829
f 5826 5827 5828
f 5825 5826 5828
f 5830 5826 5825
f 5829 5830 5825
f 5831 5827 5826
f 5830 5831 5826
f 5832 5828 5827
f 5831 5832 5827
f 5829 5825 5828
f 5832 5829 5828
f 5951 5950 5949
f 5952 5951 5949
f 5946 5947 5948
f 5945 5946 5948
f 5950 5946 5945
f 5949 5950 5945
f 5951 5947 5946
f 5950 5951 5946
f 5952 5948 5947
f 5951 5952 5947
f 5949 5945 5948
f 5952 5949 5948
f 6407 6406 6405
f 6408 6407 6405
f 6402 6403 6404
f 6401 6402 6404
f 6406 6402 6401
f 6405 6406 6401
f 6408 6404 6403
f 6407 6408 6403
f 6407 6403 6402
f 6406 6407 6402
f 6405 6401 6404
f 6408 6405 6404
f 6415 6414 6413
f 6416 6415 6413
f 6410 6411 6412
f 6409 6410 6412
f 6414 6410 6409
f 6413 6414 6409
f 6416 6412 6411
f 6415 6416 6411
f 6415 6411 6410
f 6414 6415 6410
f 6413 6409 6412
f 6416 6413 6412
f 6423 6422 6421
f 6424 6423 6421
f 6418 6419 6420
f 6417 6418 6420
f 6422 6418 6417
f 6421 6422 6417
f 6424 6420 6419
f 6423 6424 6419
f 6423 6419 6418
f 6422 6423 6418
f 6421 6417 6420
f 6424 6421 6420
f 6431 6430 6429
f 6432 6431 6429
f 6426 6427 6428
f 6425 6426 6428
f 6430 6426 6425
f 6429 6430 6425
f 6432 6428 6427
f 6431 6432 6427
f 6431 6427 6426
f 6430 6431 6426
f 6429 6425 6428
f 6432 6429 6428
f 6439 6438 6437
f 6440 6439 6437
f 6434 6435 6436
f 6433 6434 6436
f 6438 6434 6433
f 6437 6438 6433
f 6440 6436 6435
f 6439 6440 6435
f 6439 6435 6434
f 6438 6439 6434
f 6437 6433 6436
f 6440 6437 6436
f 6447 6446 6445
f 6448 6447 6445
f 6442 6443 6444
f 6441 6442 6444
f 6446 6442 6441
f 6445 6446 6441
f 6448 6444 6443
f 6447 6448 6443
f 6447 6443 6442
f 6446 6447 6442
f 6445 6441 6444
f 6448 6445 6444
f 6455 6454 6453
f 6456 6455 6453
f 6450 6451 6452
f 6449 6450 6452
f 6454 6450 6449
f 6453 6454 6449
f 6456 6452 6451
f 6455 6456 6451
f 6455 6451 6450
f 6454 6455 6450
f 6453 6449 6452
f 6456 6453 6452
f 6463 6462 6461
f 6464 6463 6461
f 6458 6459 6460
f 6457 6458 6460
f 6462 6458 6457
f 6461 6462 6457
f 6464 6460 6459
f 6463 6464 6459
f 6463 6459 6458
f 6462 6463 6458
f 6461 6457 6460
f 6464 6461 6460
f 6471 6470 6469
f 6472 6471 6469
f 6466 6467 6468
f 6465 6466 6468
f 6470 6466 6465
f 6469 6470 6465
f 6472 6468 6467
f 6471 6472 6467
f 6471 6467 6466
f 6470 6471 6466
f 6469 6465 6468
f 6472 6469 6468
f 6479 6478 6477
f 6480 6479 6477
f 6474 6475 6476
f 6473 6474 6476
f 6478 6474 6473
f 6477 6478 6473
f 6480 6476 6475
f 6479 6480 6475
f 6479 6475 6474
f 6478 6479 6474
f 6477 6473 6476
f 6480 6477 6476
f 6487 6486 6485
f 6488 6487 6485
f 6482 6483 6484
f 6481 6482 6484
f 6486 6482 6481
f 6485 6486 6481
f 6488 6484 6483
f 6487 6488 6483
f 6487 6483 6482
f 6486 6487 6482
f 6485 6481 6484
f 6488 6485 6484
f 6495 6494 6493
f 6496 6495 6493
f 6490 6491 6492
f 6489 6490 6492
f 6494 6490 6489
f 6493 6494 6489
f 6496 6492 6491
f 6495 6496 6491
f 6495 6491 6490
f 6494 6495 6490
f 6493 6489 6492
f 6496 6493 6492
f 6503 6502 6501
f 6504 6503 6501
f 6498 6499 6500
f 6497 6498 6500
f 6502 6498 6497
f 6501 6502 6497
f 6504 6500 6499
f 6503 6504 6499
f 6503 6499 6498
f 6502 6503 6498
f 6501 6497 6500
f 6504 6501 6500
f 6511 6510 6509
f 6512 6511 6509
f 6506 6507 6508
f 6505 6506 6508
f 6510 6506 6505
f 6509 6510 6505
f 6512 6508 6507
f 6511 6512 6507
f 6511 6507 6506
f 6510 6511 6506
f 6509 6505 6508
f 6512 6509 6508
f 6519 6518 6517
f 6520 6519 6517
f 6514 6515 6516
f 6513 6514 6516
f 6518 6514 6513
f 6517 6518 6513
f 6520 6516 6515
f 6519 6520 6515
f 6519 6515 6514
f 6518 6519 6514
f 6517 6513 6516
f 6520 6517 6516
f 6527 6526 6525
f 6528 6527 6525
f 6522 6523 6524
f 6521 6522 6524
f 6526 6522 6521
f 6525 6526 6521
f 6528 6524 6523
f 6527 6528 6523
f 6527 6523 6522
f 6526 6527 6522
f 6525 6521 6524
f 6528 6525 6524
f 6535 6534 6533
f 6536 6535 6533
f 6530 6531 6532
f 6529 6530 6532
f 6534 6530 6529
f 6533 6534 6529
f 6536 6532 6531
f 6535 6536 6531
f 6535 6531 6530
f 6534 6535 6530
f 6533 6529 6532
f 6536 6533 6532
f 6543 6542 6541
f 6544 6543 6541
f 6538 6539 6540
f 6537 6538 6540
f 6542 6538 6537
f 6541 6542 6537
f 6544 6540 6539
f 6543 6544 6539
f 6543 6539 6538
f 6542 6543 6538
f 6541 6537 6540
f 6544 6541 6540
f 6551 6550 6549
f 6552 6551 6549
f 6546 6547 6548
f 6545 6546 6548
f 6550 6546 6545
f 6549 6550 6545
f 6552 6548 6547
f 6551 6552 6547
f 6551 6547 6546
f 6550 6551 6546
f 6549 6545 6548
f 6552 6549 6548
f 6559 6558 6557
f 6560 6559 6557
f 6554 6555 6556
f 6553 6554 6556
f 6558 6554 6553
f 6557 6558 6553
f 6560 6556 6555
f 6559 6560 6555
f 6559 6555 6554
f 6558 6559 6554
f 6557 6553 6556
f 6560 6557 6556
f 6567 6566 6565
f 6568 6567 6565
f 6562 6563 6564
f 6561 6562 6564
f 6566 6562 6561
f 6565 6566 6561
f 6568 6564 6563
f 6567 6568 6563
f 6567 6563 6562
f 6566 6567 6562
f 6565 6561 6564
f 6568 6565 6564
f 6575 6574 6573
f 6576 6575 6573
f 6570 6571 6572
f 6569 6570 6572
f 6574 6570 6569
f 6573 6574 6569
f 6576 6572 6571
f 6575 6576 6571
f 6575 6571 6570
f 6574 6575 6570
f 6573 6569 6572
f 6576 6573 6572
f 6583 6582 6581
f 6584 6583 6581
f 6578 6579 6580
f 6577 6578 6580
f 6582 6578 6577
f 6581 6582 6577
f 6584 6580 6579
f 6583 6584 6579
f 6583 6579 6578
f 6582 6583 6578
f 6581 6577 6580
f 6584 6581 6580
f 6591 6590 6589
f 6592 6591 6589
f 6586 6587 6588
f 6585 6586 6588
f 6590 6586 6585
f 6589 6590 6585
f 6592 6588 6587
f 6591 6592 6587
f 6591 6587 6586
f 6590 6591 6586
f 6589 6585 6588
f 6592 6589 6588
f 6599 6598 6597
f 6600 6599 6597
f 6594 6595 6596
f 6593 6594 6596
f 6598 6594 6593
f 6597 6598 6593
f 6600 6596 6595
f 6599 6600 6595
f 6599 6595 6594
f 6598 6599 6594
f 6597 6593 6596
f 6600 6597 6596
f 6607 6606 6605
f 6608 6607 6605
f 6602 6603 6604
f 6601 6602 6604
f 6606 6602 6601
f 6605 6606 6601
f 6608 6604 6603
f 6607 6608 6603
f 6607 6603 6602
f 6606 6607 6602
f 6605 6601 6604
f 6608 6605 6604
f 6615 6614 6613
f 6616 6615 6613
f 6610 6611 6612
f 6609 6610 6612
f 6614 6610 6609
f 6613 6614 6609
f 6616 6612 6611
f 6615 6616 6611
f 6615 6611 6610
f 6614 6615 6610
f 6613 6609 6612
f 6616 6613 6612
f 6623 6622 6621
f 6624 6623 6621
f 6618 6619 6620
f 6617 6618 6620
f 6622 6618 6617
f 6621 6622 6617
f 6624 6620 6619
f 6623 6624 6619
f 6623 6619 6618
f 6622 6623 6618
f 6621 6617 6620
f 6624 6621 6620
o track
usemtl conc_d
f 87 86 85
f 88 87 85
f 82 83 84
f 81 82 84
f 86 82 81
f 85 86 81
f 88 84 83
f 87 88 83
f 87 83 82
f 86 87 82
f 85 81 84
f 88 85 84
f 95 94 93
f 96 95 93
f 90 91 92
f 89 90 92
f 94 90 89
f 93 94 89
f 96 92 91
f 95 96 91
f 95 91 90
f 94 95 90
f 93 89 92
f 96 93 92
f 9303 9302 9301
f 9304 9303 9301
f 9298 9299 9300
f 9297 9298 9300
f 9302 9298 9297
f 9301 9302 9297
f 9304 9300 9299
f 9303 9304 9299
f 9303 9299 9298
f 9302 9303 9298
f 9301 9297 9300
f 9304 9301 9300
f 9311 9310 9309
f 9312 9311 9309
f 9306 9307 9308
f 9305 9306 9308
f 9310 9306 9305
f 9309 9310 9305
f 9312 9308 9307
f 9311 9312 9307
f 9311 9307 9306
f 9310 9311 9306
f 9309 9305 9308
f 9312 9309 9308
f 9319 9318 9317
f 9320 9319 9317
f 9314 9315 9316
f 9313 9314 9316
f 9318 9314 9313
f 9317 9318 9313
f 9320 9316 9315
f 9319 9320 9315
f 9319 9315 9314
f 9318 9319 9314
f 9317 9313 9316
f 9320 9317 9316
f 9327 9326 9325
f 9328 9327 9325
f 9322 9323 9324
f 9321 9322 9324
f 9326 9322 9321
f 9325 9326 9321
f 9328 9324 9323
f 9327 9328 9323
f 9327 9323 9322
f 9326 9327 9322
f 9325 9321 9324
f 9328 9325 9324
f 9335 9334 9333
f 9336 9335 9333
f 9330 9331 9332
f 9329 9330 9332
f 9334 9330 9329
f 9333 9334 9329
f 9336 9332 9331
f 9335 9336 9331
f 9335 9331 9330
f 9334 9335 9330
f 9333 9329 9332
f 9336 9333 9332
f 9343 9342 9341
f 9344 9343 9341
f 9338 9339 9340
f 9337 9338 9340
f 9342 9338 9337
f 9341 9342 9337
f 9344 9340 9339
f 9343 9344 9339
f 9343 9339 9338
f 9342 9343 9338
f 9341 9337 9340
f 9344 9341 9340
f 9351 9350 9349
f 9352 9351 9349
f 9346 9347 9348
f 9345 9346 9348
f 9350 9346 9345
f 9349 9350 9345
f 9352 9348 9347
f 9351 9352 9347
f 9351 9347 9346
f 9350 9351 9346
f 9349 9345 9348
f 9352 9349 9348
f 9359 9358 9357
f 9360 9359 9357
f 9354 9355 9356
f 9353 9354 9356
f 9358 9354 9353
f 9357 9358 9353
f 9360 9356 9355
f 9359 9360 9355
f 9359 9355 9354
f 9358 9359 9354
f 9357 9353 9356
f 9360 9357 9356
f 9367 9366 9365
f 9368 9367 9365
f 9362 9363 9364
f 9361 9362 9364
f 9366 9362 9361
f 9365 9366 9361
f 9368 9364 9363
f 9367 9368 9363
f 9367 9363 9362
f 9366 9367 9362
f 9365 9361 9364
f 9368 9365 9364
f 9375 9374 9373
f 9376 9375 9373
f 9370 9371 9372
f 9369 9370 9372
f 9374 9370 9369
f 9373 9374 9369
f 9376 9372 9371
f 9375 9376 9371
f 9375 9371 9370
f 9374 9375 9370
f 9373 9369 9372
f 9376 9373 9372
f 9383 9382 9381
f 9384 9383 9381
f 9378 9379 9380
f 9377 9378 9380
f 9382 9378 9377
f 9381 9382 9377
f 9384 9380 9379
f 9383 9384 9379
f 9383 9379 9378
f 9382 9383 9378
f 9381 9377 9380
f 9384 9381 9380
f 9391 9390 9389
f 9392 9391 9389
f 9386 9387 9388
f 9385 9386 9388
f 9390 9386 9385
f 9389 9390 9385
f 9392 9388 9387
f 9391 9392 9387
f 9391 9387 9386
f 9390 9391 9386
f 9389 9385 9388
f 9392 9389 9388
f 9399 9398 9397
f 9400 9399 9397
f 9394 9395 9396
f 9393 9394 9396
f 9398 9394 9393
f 9397 9398 9393
f 9400 9396 9395
f 9399 9400 9395
f 9399 9395 9394
f 9398 9399 9394
f 9397 9393 9396
f 9400 9397 9396
f 9407 9406 9405
f 9408 9407 9405
f 9402 9403 9404
f 9401 9402 9404
f 9406 9402 9401
f 9405 9406 9401
f 9408 9404 9403
f 9407 9408 9403
f 9407 9403 9402
f 9406 9407 9402
f 9405 9401 9404
f 9408 9405 9404
f 9415 9414 9413
f 9416 9415 9413
f 9410 9411 9412
f 9409 9410 9412
f 9414 9410 9409
f 9413 9414 9409
f 9416 9412 9411
f 9415 9416 9411
f 9415 9411 9410
f 9414 9415 9410
f 9413 9409 9412
f 9416 9413 9412
f 9423 9422 9421
f 9424 9423 9421
f 9418 9419 9420
f 9417 9418 9420
f 9422 9418 9417
f 9421 9422 9417
f 9424 9420 9419
f 9423 9424 9419
f 9423 9419 9418
f 9422 9423 9418
f 9421 9417 9420
f 9424 9421 9420
f 9431 9430 9429
f 9432 9431 9429
f 9426 9427 9428
f 9425 9426 9428
f 9430 9426 9425
f 9429 9430 9425
f 9432 9428 9427
f 9431 9432 9427
f 9431 9427 9426
f 9430 9431 9426
f 9429 9425 9428
f 9432 9429 9428
f 9439 9438 9437
f 9440 9439 9437
f 9434 9435 9436
f 9433 9434 9436
f 9438 9434 9433
f 9437 9438 9433
f 9440 9436 9435
f 9439 9440 9435
f 9439 9435 9434
f 9438 9439 9434
f 9437 9433 9436
f 9440 9437 9436
f 9447 9446 9445
f 9448 9447 9445
f 9442 9443 9444
f 9441 9442 9444
f 9446 9442 9441
f 9445 9446 9441
f 9448 9444 9443
f 9447 9448 9443
f 9447 9443 9442
f 9446 9447 9442
f 9445 9441 9444
f 9448 9445 9444
f 9455 9454 9453
f 9456 9455 9453
f 9450 9451 9452
f 9449 9450 9452
f 9454 9450 9449
f 9453 9454 9449
f 9456 9452 9451
f 9455 9456 9451
f 9455 9451 9450
f 9454 9455 9450
f 9453 9449 9452
f 9456 9453 9452
f 9463 9462 9461
f 9464 9463 9461
f 9458 9459 9460
f 9457 9458 9460
f 9462 9458 9457
f 9461 9462 9457
f 9464 9460 9459
f 9463 9464 9459
f 9463 9459 9458
f 9462 9463 9458
f 9461 9457 9460
f 9464 9461 9460
f 9471 9470 9469
f 9472 9471 9469
f 9466 9467 9468
f 9465 9466 9468
f 9470 9466 9465
f 9469 9470 9465
f 9472 9468 9467
f 9471 9472 9467
f 9471 9467 9466
f 9470 9471 9466
f 9469 9465 9468
f 9472 9469 9468
f 9479 9478 9477
f 9480 9479 9477
f 9474 9475 9476
f 9473 9474 9476
f 9478 9474 9473
f 9477 9478 9473
f 9480 9476 9475
f 9479 9480 9475
f 9479 9475 9474
f 9478 9479 9474
f 9477 9473 9476
f 9480 9477 9476
f 9487 9486 9485
f 9488 9487 9485
f 9482 9483 9484
f 9481 9482 9484
f 9486 9482 9481
f 9485 9486 9481
f 9488 9484 9483
f 9487 9488 9483
f 9487 9483 9482
f 9486 9487 9482
f 9485 9481 9484
f 9488 9485 9484
f 9495 9494 9493
f 9496 9495 9493
f 9490 9491 9492
f 9489 9490 9492
f 9494 9490 9489
f 9493 9494 9489
f 9496 9492 9491
f 9495 9496 9491
f 9495 9491 9490
f 9494 9495 9490
f 9493 9489 9492
f 9496 9493 9492
f 9503 9502 9501
f 9504 9503 9501
f 9498 9499 9500
f 9497 9498 9500
f 9502 9498 9497
f 9501 9502 9497
f 9504 9500 9499
f 9503 9504 9499
f 9503 9499 9498
f 9502 9503 9498
f 9501 9497 9500
f 9504 9501 9500
f 9511 9510 9509
f 9512 9511 9509
f 9506 9507 9508
f 9505 9506 9508
f 9510 9506 9505
f 9509 9510 9505
f 9512 9508 9507
f 9511 9512 9507
f 9511 9507 9506
f 9510 9511 9506
f 9509 9505 9508
f 9512 9509 9508
f 9519 9518 9517
f 9520 9519 9517
f 9514 9515 9516
f 9513 9514 9516
f 9518 9514 9513
f 9517 9518 9513
f 9520 9516 9515
f 9519 9520 9515
f 9519 9515 9514
f 9518 9519 9514
f 9517 9513 9516
f 9520 9517 9516
f 9527 9526 9525
f 9528 9527 9525
f 9522 9523 9524
f 9521 9522 9524
f 9526 9522 9521
f 9525 9526 9521
f 9528 9524 9523
f 9527 9528 9523
f 9527 9523 9522
f 9526 9527 9522
f 9525 9521 9524
f 9528 9525 9524
f 9535 9534 9533
f 9536 9535 9533
f 9530 9531 9532
f 9529 9530 9532
f 9534 9530 9529
f 9533 9534 9529
f 9536 9532 9531
f 9535 9536 9531
f 9535 9531 9530
f 9534 9535 9530
f 9533 9529 9532
f 9536 9533 9532
f 9543 9542 9541
f 9544 9543 9541
f 9538 9539 9540
f 9537 9538 9540
f 9542 9538 9537
f 9541 9542 9537
f 9544 9540 9539
f 9543 9544 9539
f 9543 9539 9538
f 9542 9543 9538
f 9541 9537 9540
f 9544 9541 9540
f 9551 9550 9549
f 9552 9551 9549
f 9546 9547 9548
f 9545 9546 9548
f 9550 9546 9545
f 9549 9550 9545
f 9552 9548 9547
f 9551 9552 9547
f 9551 9547 9546
f 9550 9551 9546
f 9549 9545 9548
f 9552 9549 9548
f 9559 9558 9557
f 9560 9559 9557
f 9554 9555 9556
f 9553 9554 9556
f 9558 9554 9553
f 9557 9558 9553
f 9560 9556 9555
f 9559 9560 9555
f 9559 9555 9554
f 9558 9559 9554
f 9557 9553 9556
f 9560 9557 9556
f 9567 9566 9565
f 9568 9567 9565
f 9562 9563 9564
f 9561 9562 9564
f 9566 9562 9561
f 9565 9566 9561
f 9568 9564 9563
f 9567 9568 9563
f 9567 9563 9562
f 9566 9567 9562
f 9565 9561 9564
f 9568 9565 9564
f 9575 9574 9573
f 9576 9575 9573
f 9570 9571 9572
f 9569 9570 9572
f 9574 9570 9569
f 9573 9574 9569
f 9576 9572 9571
f 9575 9576 9571
f 9575 9571 9570
f 9574 9575 9570
f 9573 9569 9572
f 9576 9573 9572
f 9583 9582 9581
f 9584 9583 9581
f 9578 9579 9580
f 9577 9578 9580
f 9582 9578 9577
f 9581 9582 9577
f 9584 9580 9579
f 9583 9584 9579
f 9583 9579 9578
f 9582 9583 9578
f 9581 9577 9580
f 9584 9581 9580
f 9591 9590 9589
f 9592 9591 9589
f 9586 9587 9588
f 9585 9586 9588
f 9590 9586 9585
f 9589 9590 9585
f 9592 9588 9587
f 9591 9592 9587
f 9591 9587 9586
f 9590 9591 9586
f 9589 9585 9588
f 9592 9589 9588
f 9599 9598 9597
f 9600 9599 9597
f 9594 9595 9596
f 9593 9594 9596
f 9598 9594 9593
f 9597 9598 9593
f 9600 9596 9595
f 9599 9600 9595
f 9599 9595 9594
f 9598 9599 9594
f 9597 9593 9596
f 9600 9597 9596
f 9607 9606 9605
f 9608 9607 9605
f 9602 9603 9604
f 9601 9602 9604
f 9606 9602 9601
f 9605 9606 9601
f 9608 9604 9603
f 9607 9608 9603
f 9607 9603 9602
f 9606 9607 9602
f 9605 9601 9604
f 9608 9605 9604
f 9615 9614 9613
f 9616 9615 9613
f 9610 9611 9612
f 9609 9610 9612
f 9614 9610 9609
f 9613 9614 9609
f 9616 9612 9611
f 9615 9616 9611
f 9615 9611 9610
f 9614 9615 9610
f 9613 9609 9612
f 9616 9613 9612
f 9623 9622 9621
f 9624 9623 9621
f 9618 9619 9620
f 9617 9618 9620
f 9622 9618 9617
f 9621 9622 9617
f 9624 9620 9619
f 9623 9624 9619
f 9623 9619 9618
f 9622 9623 9618
f 9621 9617 9620
f 9624 9621 9620
f 9631 9630 9629
f 9632 9631 9629
f 9626 9627 9628
f 9625 9626 9628
f 9630 9626 9625
f 9629 9630 9625
f 9632 9628 9627
f 9631 9632 9627
f 9631 9627 9626
f 9630 9631 9626
f 9629 9625 9628
f 9632 9629 9628
f 9639 9638 9637
f 9640 9639 9637
f 9634 9635 9636
f 9633 9634 9636
f 9638 9634 9633
f 9637 9638 9633
f 9640 9636 9635
f 9639 9640 9635
f 9639 9635 9634
f 9638 9639 9634
f 9637 9633 9636
f 9640 9637 9636
f 9647 9646 9645
f 9648 9647 9645
f 9642 9643 9644
f 9641 9642 9644
f 9646 9642 9641
f 9645 9646 9641
f 9648 9644 9643
f 9647 9648 9643
f 9647 9643 9642
f 9646 9647 9642
f 9645 9641 9644
f 9648 9645 9644
f 9655 9654 9653
f 9656 9655 9653
f 9650 9651 9652
f 9649 9650 9652
f 9654 9650 9649
f 9653 9654 9649
f 9656 9652 9651
f 9655 9656 9651
f 9655 9651 9650
f 9654 9655 9650
f 9653 9649 9652
f 9656 9653 9652
f 9663 9662 9661
f 9664 9663 9661
f 9658 9659 9660
f 9657 9658 9660
f 9662 9658 9657
f 9661 9662 9657
f 9664 9660 9659
f 9663 9664 9659
f 9663 9659 9658
f 9662 9663 9658
f 9661 9657 9660
f 9664 9661 9660
f 9671 9670 9669
f 9672 9671 9669
f 9666 9667 9668
f 9665 9666 9668
f 9670 9666 9665
f 9669 9670 9665
f 9672 9668 9667
f 9671 9672 9667
f 9671 9667 9666
f 9670 9671 9666
f 9669 9665 9668
f 9672 9669 9668
f 9679 9678 9677
f 9680 9679 9677
f 9674 9675 9676
f 9673 9674 9676
f 9678 9674 9673
f 9677 9678 9673
f 9680 9676 9675
f 9679 9680 9675
f 9679 9675 9674
f 9678 9679 9674
f 9677 9673 9676
f 9680 9677 9676
f 9687 9686 9685
f 9688 9687 9685
f 9682 9683 9684
f 9681 9682 9684
f 9686 9682 9681
f 9685 9686 9681
f 9688 9684 9683
f 9687 9688 9683
f 9687 9683 9682
f 9686 9687 9682
f 9685 9681 9684
f 9688 9685 9684
f 9695 9694 9693
f 9696 9695 9693
f 9690 9691 9692
f 9689 9690 9692
f 9694 9690 9689
f 9693 9694 9689
f 9696 9692 9691
f 9695 9696 9691
f 9695 9691 9690
f 9694 9695 9690
f 9693 9689 9692
f 9696 9693 9692
f 9703 9702 9701
f 9704 9703 9701
f 9698 9699 9700
f 9697 9698 9700
f 9702 9698 9697
f 9701 9702 9697
f 9704 9700 9699
f 9703 9704 9699
f 9703 9699 9698
f 9702 9703 9698
f 9701 9697 9700
f 9704 9701 9700
f 9711 9710 9709
f 9712 9711 9709
f 9706 9707 9708
f 9705 9706 9708
f 9710 9706 9705
f 9709 9710 9705
f 9712 9708 9707
f 9711 9712 9707
f 9711 9707 9706
f 9710 9711 9706
f 9709 9705 9708
f 9712 9709 9708
f 9719 9718 9717
f 9720 9719 9717
f 9714 9715 9716
f 9713 9714 9716
f 9718 9714 9713
f 9717 9718 9713
f 9720 9716 9715
f 9719 9720 9715
f 9719 9715 9714
f 9718 9719 9714
f 9717 9713 9716
f 9720 9717 9716
f 9727 9726 9725
f 9728 9727 9725
f 9722 9723 9724
f 9721 9722 9724
f 9726 9722 9721
f 9725 9726 9721
f 9728 9724 9723
f 9727 9728 9723
f 9727 9723 9722
f 9726 9727 9722
f 9725 9721 9724
f 9728 9725 9724
f 9735 9734 9733
f 9736 9735 9733
f 9730 9731 9732
f 9729 9730 9732
f 9734 9730 9729
f 9733 9734 9729
f 9736 9732 9731
f 9735 9736 9731
f 9735 9731 9730
f 9734 9735 9730
f 9733 9729 9732
f 9736 9733 9732
f 9743 9742 9741
f 9744 9743 9741
f 9738 9739 9740
f 9737 9738 9740
f 9742 9738 9737
f 9741 9742 9737
f 9744 9740 9739
f 9743 9744 9739
f 9743 9739 9738
f 9742 9743 9738
f 9741 9737 9740
f 9744 9741 9740
f 9751 9750 9749
f 9752 9751 9749
f 9746 9747 9748
f 9745 9746 9748
f 9750 9746 9745
f 9749 9750 9745
f 9752 9748 9747
f 9751 9752 9747
f 9751 9747 9746
f 9750 9751 9746
f 9749 9745 9748
f 9752 9749 9748
f 9759 9758 9757
f 9760 9759 9757
f 9754 9755 9756
f 9753 9754 9756
f 9758 9754 9753
f 9757 9758 9753
f 9760 9756 9755
f 9759 9760 9755
f 9759 9755 9754
f 9758 9759 9754
f 9757 9753 9756
f 9760 9757 9756
f 9767 9766 9765
f 9768 9767 9765
f 9762 9763 9764
f 9761 9762 9764
f 9766 9762 9761
f 9765 9766 9761
f 9768 9764 9763
f 9767 9768 9763
f 9767 9763 9762
f 9766 9767 9762
f 9765 9761 9764
f 9768 9765 9764
f 9775 9774 9773
f 9776 9775 9773
f 9770 9771 9772
f 9769 9770 9772
f 9774 9770 9769
f 9773 9774 9769
f 9776 9772 9771
f 9775 9776 9771
f 9775 9771 9770
f 9774 9775 9770
f 9773 9769 9772
f 9776 9773 9772
f 9783 9782 9781
f 9784 9783 9781
f 9778 9779 9780
f 9777 9778 9780
f 9782 9778 9777
f 9781 9782 9777
f 9784 9780 9779
f 9783 9784 9779
f 9783 9779 9778
f 9782 9783 9778
f 9781 9777 9780
f 9784 9781 9780
f 9791 9790 9789
f 9792 9791 9789
f 9786 9787 9788
f 9785 9786 9788
f 9790 9786 9785
f 9789 9790 9785
f 9792 9788 9787
f 9791 9792 9787
f 9791 9787 9786
f 9790 9791 9786
f 9789 9785 9788
f 9792 9789 9788
f 9799 9798 9797
f 9800 9799 9797
f 9794 9795 9796
f 9793 9794 9796
f 9798 9794 9793
f 9797 9798 9793
f 9800 9796 9795
f 9799 9800 9795
f 9799 9795 9794
f 9798 9799 9794
f 9797 9793 9796
f 9800 9797 9796
f 9807 9806 9805
f 9808 9807 9805
f 9802 9803 9804
f 9801 9802 9804
f 9806 9802 9801
f 9805 9806 9801
f 9808 9804 9803
f 9807 9808 9803
f 9807 9803 9802
f 9806 9807 9802
f 9805 9801 9804
f 9808 9805 9804
f 9815 9814 9813
f 9816 9815 9813
f 9810 9811 9812
f 9809 9810 9812
f 9814 9810 9809
f 9813 9814 9809
f 9816 9812 9811
f 9815 9816 9811
f 9815 9811 9810
f 9814 9815 9810
f 9813 9809 9812
f 9816 9813 9812
f 9823 9822 9821
f 9824 9823 9821
f 9818 9819 9820
f 9817 9818 9820
f 9822 9818 9817
f 9821 9822 9817
f 9824 9820 9819
f 9823 9824 9819
f 9823 9819 9818
f 9822 9823 9818
f 9821 9817 9820
f 9824 9821 9820
f 9831 9830 9829
f 9832 9831 9829
f 9826 9827 9828
f 9825 9826 9828
f 9830 9826 9825
f 9829 9830 9825
f 9832 9828 9827
f 9831 9832 9827
f 9831 9827 9826
f 9830 9831 9826
f 9829 9825 9828
f 9832 9829 9828
f 9839 9838 9837
f 9840 9839 9837
f 9834 9835 9836
f 9833 9834 9836
f 9838 9834 9833
f 9837 9838 9833
f 9840 9836 9835
f 9839 9840 9835
f 9839 9835 9834
f 9838 9839 9834
f 9837 9833 9836
f 9840 9837 9836
f 9847 9846 9845
f 9848 9847 9845
f 9842 9843 9844
f 9841 9842 9844
f 9846 9842 9841
f 9845 9846 9841
f 9848 9844 9843
f 9847 9848 9843
f 9847 9843 9842
f 9846 9847 9842
f 9845 9841 9844
f 9848 9845 9844
f 9855 9854 9853
f 9856 9855 9853
f 9850 9851 9852
f 9849 9850 9852
f 9854 9850 9849
f 9853 9854 9849
f 9856 9852 9851
f 9855 9856 9851
f 9855 9851 9850
f 9854 9855 9850
f 9853 9849 9852
f 9856 9853 9852
f 9863 9862 9861
f 9864 9863 9861
f 9858 9859 9860
f 9857 9858 9860
f 9862 9858 9857
f 9861 9862 9857
f 9864 9860 9859
f 9863 9864 9859
f 9863 9859 9858
f 9862 9863 9858
f 9861 9857 9860
f 9864 9861 9860
f 9871 9870 9869
f 9872 9871 9869
f 9866 9867 9868
f 9865 9866 9868
f 9870 9866 9865
f 9869 9870 9865
f 9872 9868 9867
f 9871 9872 9867
f 9871 9867 9866
f 9870 9871 9866
f 9869 9865 9868
f 9872 9869 9868
f 9879 9878 9877
f 9880 9879 9877
f 9874 9875 9876
f 9873 9874 9876
f 9878 9874 9873
f 9877 9878 9873
f 9880 9876 9875
f 9879 9880 9875
f 9879 9875 9874
f 9878 9879 9874
f 9877 9873 9876
f 9880 9877 9876
f 9887 9886 9885
f 9888 9887 9885
f 9882 9883 9884
f 9881 9882 9884
f 9886 9882 9881
f 9885 9886 9881
f 9888 9884 9883
f 9887 9888 9883
f 9887 9883 9882
f 9886 9887 9882
f 9885 9881 9884
f 9888 9885 9884
usemtl ballast
f 63 62 61
f 64 63 61
f 58 59 60
f 57 58 60
f 62 58 57
f 61 62 57
f 64 60 59
f 63 64 59
f 63 59 58
f 62 63 58
f 61 57 60
f 64 61 60
o vend
usemtl vend
f 5735 5734 5733
f 5736 5735 5733
f 5730 5731 5732
f 5729 5730 5732
f 5734 5730 5729
f 5733 5734 5729
f 5736 5732 5731
f 5735 5736 5731
f 5735 5731 5730
f 5734 5735 5730
f 5733 5729 5732
f 5736 5733 5732
f 5751 5750 5749
f 5752 5751 5749
f 5746 5747 5748
f 5745 5746 5748
f 5750 5746 5745
f 5749 5750 5745
f 5752 5748 5747
f 5751 5752 5747
f 5751 5747 5746
f 5750 5751 5746
f 5749 5745 5748
f 5752 5749 5748
o wall
usemtl tile
f 5141 5142 5143
f 5141 5143 5144
f 5140 5139 5138
f 5140 5138 5137
f 5137 5138 5142
f 5137 5142 5141
f 5138 5139 5143
f 5138 5143 5142
f 5139 5140 5144
f 5139 5144 5143
f 5140 5137 5141
f 5140 5141 5144
f 5157 5158 5159
f 5157 5159 5160
f 5156 5155 5154
f 5156 5154 5153
f 5153 5154 5158
f 5153 5158 5157
f 5154 5155 5159
f 5154 5159 5158
f 5155 5156 5160
f 5155 5160 5159
f 5156 5153 5157
f 5156 5157 5160
f 5173 5174 5175
f 5173 5175 5176
f 5172 5171 5170
f 5172 5170 5169
f 5169 5170 5174
f 5169 5174 5173
f 5170 5171 5175
f 5170 5175 5174
f 5171 5172 5176
f 5171 5176 5175
f 5172 5169 5173
f 5172 5173 5176
f 5461 5462 5463
f 5461 5463 5464
f 5460 5459 5458
f 5460 5458 5457
f 5457 5458 5462
f 5457 5462 5461
f 5458 5459 5463
f 5458 5463 5462
f 5459 5460 5464
f 5459 5464 5463
f 5460 5457 5461
f 5460 5461 5464
f 5477 5478 5479
f 5477 5479 5480
f 5476 5475 5474
f 5476 5474 5473
f 5473 5474 5478
f 5473 5478 5477
f 5474 5475 5479
f 5474 5479 5478
f 5475 5476 5480
f 5475 5480 5479
f 5476 5473 5477
f 5476 5477 5480
f 5493 5494 5495
f 5493 5495 5496
f 5492 5491 5490
f 5492 5490 5489
f 5489 5490 5494
f 5489 5494 5493
f 5490 5491 5495
f 5490 5495 5494
f 5491 5492 5496
f 5491 5496 5495
f 5492 5489 5493
f 5492 5493 5496
f 5509 5510 5511
f 5509 5511 5512
f 5508 5507 5506
f 5508 5506 5505
f 5505 5506 5510
f 5505 5510 5509
f 5506 5507 5511
f 5506 5511 5510
f 5507 5508 5512
f 5507 5512 5511
f 5508 5505 5509
f 5508 5509 5512
f 5517 5518 5519
f 5517 5519 5520
f 5516 5515 5514
f 5516 5514 5513
f 5513 5514 5518
f 5513 5518 5517
f 5514 5515 5519
f 5514 5519 5518
f 5515 5516 5520
f 5515 5520 5519
f 5516 5513 5517
f 5516 5517 5520
f 5525 5526 5527
f 5525 5527 5528
f 5524 5523 5522
f 5524 5522 5521
f 5521 5522 5526
f 5521 5526 5525
f 5522 5523 5527
f 5522 5527 5526
f 5523 5524 5528
f 5523 5528 5527
f 5524 5521 5525
f 5524 5525 5528
f 5541 5542 5543
f 5541 5543 5544
f 5540 5539 5538
f 5540 5538 5537
f 5537 5538 5542
f 5537 5542 5541
f 5538 5539 5543
f 5538 5543 5542
f 5539 5540 5544
f 5539 5544 5543
f 5540 5537 5541
f 5540 5541 5544
f 5557 5558 5559
f 5557 5559 5560
f 5556 5555 5554
f 5556 5554 5553
f 5553 5554 5558
f 5553 5558 5557
f 5554 5555 5559
f 5554 5559 5558
f 5555 5556 5560
f 5555 5560 5559
f 5556 5553 5557
f 5556 5557 5560
f 5773 5774 5775
f 5773 5775 5776
f 5772 5771 5770
f 5772 5770 5769
f 5769 5770 5774
f 5769 5774 5773
f 5770 5771 5775
f 5770 5775 5774
f 5771 5772 5776
f 5771 5776 5775
f 5772 5769 5773
f 5772 5773 5776
f 5789 5790 5791
f 5789 5791 5792
f 5788 5787 5786
f 5788 5786 5785
f 5785 5786 5790
f 5785 5790 5789
f 5786 5787 5791
f 5786 5791 5790
f 5787 5788 5792
f 5787 5792 5791
f 5788 5785 5789
f 5788 5789 5792
f 5805 5806 5807
f 5805 5807 5808
f 5804 5803 5802
f 5804 5802 5801
f 5801 5802 5806
f 5801 5806 5805
f 5802 5803 5807
f 5802 5807 5806
f 5803 5804 5808
f 5803 5808 5807
f 5804 5801 5805
f 5804 5805 5808
f 5893 5894 5895
f 5893 5895 5896
f 5892 5891 5890
f 5892 5890 5889
f 5889 5890 5894
f 5889 5894 5893
f 5890 5891 5895
f 5890 5895 5894
f 5891 5892 5896
f 5891 5896 5895
f 5892 5889 5893
f 5892 5893 5896
f 5909 5910 5911
f 5909 5911 5912
f 5908 5907 5906
f 5908 5906 5905
f 5905 5906 5910
f 5905 5910 5909
f 5906 5907 5911
f 5906 5911 5910
f 5907 5908 5912
f 5907 5912 5911
f 5908 5905 5909
f 5908 5909 5912
f 5925 5926 5927
f 5925 5927 5928
f 5924 5923 5922
f 5924 5922 5921
f 5921 5922 5926
f 5921 5926 5925
f 5922 5923 5927
f 5922 5927 5926
f 5923 5924 5928
f 5923 5928 5927
f 5924 5921 5925
f 5924 5925 5928
f 8285 8286 8287
f 8285 8287 8288
f 8284 8283 8282
f 8284 8282 8281
f 8281 8282 8286
f 8281 8286 8285
f 8282 8283 8287
f 8282 8287 8286
f 8283 8284 8288
f 8283 8288 8287
f 8284 8281 8285
f 8284 8285 8288
f 8293 8294 8295
f 8293 8295 8296
f 8292 8291 8290
f 8292 8290 8289
f 8289 8290 8294
f 8289 8294 8293
f 8290 8291 8295
f 8290 8295 8294
f 8291 8292 8296
f 8291 8296 8295
f 8292 8289 8293
f 8292 8293 8296
f 8301 8302 8303
f 8301 8303 8304
f 8300 8299 8298
f 8300 8298 8297
f 8297 8298 8302
f 8297 8302 8301
f 8298 8299 8303
f 8298 8303 8302
f 8299 8300 8304
f 8299 8304 8303
f 8300 8297 8301
f 8300 8301 8304
f 8309 8310 8311
f 8309 8311 8312
f 8308 8307 8306
f 8308 8306 8305
f 8305 8306 8310
f 8305 8310 8309
f 8306 8307 8311
f 8306 8311 8310
f 8307 8308 8312
f 8307 8312 8311
f 8308 8305 8309
f 8308 8309 8312
usemtl tile_d
f 5149 5150 5151
f 5149 5151 5152
f 5148 5147 5146
f 5148 5146 5145
f 5145 5146 5150
f 5145 5150 5149
f 5146 5147 5151
f 5146 5151 5150
f 5147 5148 5152
f 5147 5152 5151
f 5148 5145 5149
f 5148 5149 5152
f 5165 5166 5167
f 5165 5167 5168
f 5164 5163 5162
f 5164 5162 5161
f 5161 5162 5166
f 5161 5166 5165
f 5162 5163 5167
f 5162 5167 5166
f 5163 5164 5168
f 5163 5168 5167
f 5164 5161 5165
f 5164 5165 5168
f 5181 5182 5183
f 5181 5183 5184
f 5180 5179 5178
f 5180 5178 5177
f 5177 5178 5182
f 5177 5182 5181
f 5178 5179 5183
f 5178 5183 5182
f 5179 5180 5184
f 5179 5184 5183
f 5180 5177 5181
f 5180 5181 5184
f 5469 5470 5471
f 5469 5471 5472
f 5468 5467 5466
f 5468 5466 5465
f 5465 5466 5470
f 5465 5470 5469
f 5466 5467 5471
f 5466 5471 5470
f 5467 5468 5472
f 5467 5472 5471
f 5468 5465 5469
f 5468 5469 5472
f 5485 5486 5487
f 5485 5487 5488
f 5484 5483 5482
f 5484 5482 5481
f 5481 5482 5486
f 5481 5486 5485
f 5482 5483 5487
f 5482 5487 5486
f 5483 5484 5488
f 5483 5488 5487
f 5484 5481 5485
f 5484 5485 5488
f 5501 5502 5503
f 5501 5503 5504
f 5500 5499 5498
f 5500 5498 5497
f 5497 5498 5502
f 5497 5502 5501
f 5498 5499 5503
f 5498 5503 5502
f 5499 5500 5504
f 5499 5504 5503
f 5500 5497 5501
f 5500 5501 5504
f 5533 5534 5535
f 5533 5535 5536
f 5532 5531 5530
f 5532 5530 5529
f 5529 5530 5534
f 5529 5534 5533
f 5530 5531 5535
f 5530 5535 5534
f 5531 5532 5536
f 5531 5536 5535
f 5532 5529 5533
f 5532 5533 5536
f 5549 5550 5551
f 5549 5551 5552
f 5548 5547 5546
f 5548 5546 5545
f 5545 5546 5550
f 5545 5550 5549
f 5546 5547 5551
f 5546 5551 5550
f 5547 5548 5552
f 5547 5552 5551
f 5548 5545 5549
f 5548 5549 5552
f 5565 5566 5567
f 5565 5567 5568
f 5564 5563 5562
f 5564 5562 5561
f 5561 5562 5566
f 5561 5566 5565
f 5562 5563 5567
f 5562 5567 5566
f 5563 5564 5568
f 5563 5568 5567
f 5564 5561 5565
f 5564 5565 5568
f 5781 5782 5783
f 5781 5783 5784
f 5780 5779 5778
f 5780 5778 5777
f 5777 5778 5782
f 5777 5782 5781
f 5778 5779 5783
f 5778 5783 5782
f 5779 5780 5784
f 5779 5784 5783
f 5780 5777 5781
f 5780 5781 5784
f 5797 5798 5799
f 5797 5799 5800
f 5796 5795 5794
f 5796 5794 5793
f 5793 5794 5798
f 5793 5798 5797
f 5794 5795 5799
f 5794 5799 5798
f 5795 5796 5800
f 5795 5800 5799
f 5796 5793 5797
f 5796 5797 5800
f 5813 5814 5815
f 5813 5815 5816
f 5812 5811 5810
f 5812 5810 5809
f 5809 5810 5814
f 5809 5814 5813
f 5810 5811 5815
f 5810 5815 5814
f 5811 5812 5816
f 5811 5816 5815
f 5812 5809 5813
f 5812 5813 5816
f 5901 5902 5903
f 5901 5903 5904
f 5900 5899 5898
f 5900 5898 5897
f 5897 5898 5902
f 5897 5902 5901
f 5898 5899 5903
f 5898 5903 5902
f 5899 5900 5904
f 5899 5904 5903
f 5900 5897 5901
f 5900 5901 5904
f 5917 5918 5919
f 5917 5919 5920
f 5916 5915 5914
f 5916 5914 5913
f 5913 5914 5918
f 5913 5918 5917
f 5914 5915 5919
f 5914 5919 5918
f 5915 5916 5920
f 5915 5920 5919
f 5916 5913 5917
f 5916 5917 5920
f 5933 5934 5935
f 5933 5935 5936
f 5932 5931 5930
f 5932 5930 5929
f 5929 5930 5934
f 5929 5934 5933
f 5930 5931 5935
f 5930 5935 5934
f 5931 5932 5936
f 5931 5936 5935
f 5932 5929 5933
f 5932 5933 5936
